Targa,Id,Odonimo,Codvia,Lunghezza,Data rilievo,Tecnico incaricato,ID Pianta,Specie,Sito Impianto,Lat,Log,h (m),Diametro (cm),Dist. sede stradale (m),Dist. marciapiede (m),CPC,Cod. lavorazione/elenco prezzi,Note,Data lav. F1,Cod. lavorazione - F2,Lavori - F2,Prezzo F2,Data lav. F2,Cod. lavorazione - F3,Lavori - F3,Prezzo F3,Data lav. F3,Cod. lavorazione - F4,Lavori - F4,Prezzo F4,Data lav. F4,Descrizione,Unità di misura,Prezzo Unitario,UPL,Quartiere,Circoscrizione,CO2 catturata (kg/anno),O2 prodotto (kg/anno),Progetto,Civico,tipo_foglia,# Primavera, # Estate,# Autunno,# Inverno,foto,descrizione cpc,geouri
AA000AA,ALB_0001,Viale Emilia,17510,541,26/10/2025,Dott. Roberto Marceddu,001,Ficus microcarpa,Aiuola spartitraffico,38.147446,13.340715,12,47,1.3,n/a,B,APL.026S,,,,,,,,,,,,,,,Potatura ars topiaria base 20-30m²,cad,€575.20,Vittorio Veneto,Libertà,VIII,26.55,19.27,Accordo Quadro - CUP D71G23000050001,85,sempreverde,13977.40,14262.66,13977.40,13549.52,img/albero.png,,"geo:38.147446,13.340715"
AA001AA,ALB_0002,Viale Emilia,17510,541,26/10/2025,Dott. Roberto Marceddu,002,Ficus microcarpa,Aiuola spartitraffico,38.14742,13.340646,12,49,1.25,n/a,B,APL.026S,,,,,,,,,,,,,,,Potatura ars topiaria base 20-30m²,cad,€575.20,Vittorio Veneto,Libertà,VIII,26.77,19.42,Accordo Quadro - CUP D71G23000050001,26,sempreverde,14755.51,15056.64,14755.51,14303.81,img/albero.png,,"geo:38.14742,13.340646"
AA002AA,ALB_0003,Viale Emilia,17510,541,26/10/2025,Dott. Roberto Marceddu,003,Ficus microcarpa,Aiuola spartitraffico,38.147399,13.340588,12,42,1.4,n/a,B,APL.026S,,,,,,,,,,,,,,,Potatura ars topiaria base 20-30m²,cad,€575.20,Vittorio Veneto,Libertà,VIII,26.02,18.88,Accordo Quadro - CUP D71G23000050001,26,sempreverde,12076.01,12322.46,12076.01,11706.33,img/albero.png,,"geo:38.147399,13.340588"
AA003AA,ALB_0004,Viale Emilia,17510,541,26/10/2025,Dott. Roberto Marceddu,004,Ficus microcarpa,Aiuola spartitraffico,38.147377,13.340527,12,32,1.4,n/a,B,APL.026S,,,,,,,,,,,,,,,Potatura ars topiaria base 20-30m²,cad,€575.20,Vittorio Veneto,Libertà,VIII,24.94,18.1,Accordo Quadro - CUP D71G23000050001,90,sempreverde,8479.97,8653.03,8479.97,8220.38,img/albero.png,,"geo:38.147377,13.340527"
AA004AA,ALB_0005,Viale Emilia,17510,541,26/10/2025,Dott. Roberto Marceddu,005,Ficus microcarpa,Aiuola pedonale,38.147351,13.340474,12,52,1.3,0.6,B,APL.026S,,,,,,,,,,,,,,,Potatura ars topiaria base 20-30m²,cad,€575.20,Vittorio Veneto,Libertà,VIII,27.09,19.66,Accordo Quadro - CUP D71G23000050001,90,sempreverde,15940.56,16265.88,15940.56,15452.59,img/albero.png,,"geo:38.147351,13.340474"
AA005AA,ALB_0006,Viale Emilia,17510,541,26/10/2025,Dott. Roberto Marceddu,006,Ficus microcarpa,Aiuola pedonale,38.147331,13.340413,12,34,1.3,0.6,B,APL.026S,,,,,,,,,,,,,,,Potatura ars topiaria base 20-30m²,cad,€575.20,Vittorio Veneto,Libertà,VIII,25.16,18.25,Accordo Quadro - CUP D71G23000050001,88,sempreverde,9175.33,9362.59,9175.33,8894.46,img/albero.png,,"geo:38.147331,13.340413"
AA006AA,ALB_0007,Viale Emilia,17510,541,26/10/2025,Dott. Roberto Marceddu,007,Ficus microcarpa,Aiuola pedonale,38.147305,13.340343,12,39,1.3,0.6,B,APL.026S,,,,,,,,,,,,,,,Potatura ars topiaria base 20-30m²,cad,€575.20,Vittorio Veneto,Libertà,VIII,25.69,18.64,Accordo Quadro - CUP D71G23000050001,88,sempreverde,10966.88,11190.70,10966.88,10631.16,img/albero.png,,"geo:38.147305,13.340343"
AA007AA,ALB_0008,Viale Emilia,17510,541,26/10/2025,Dott. Roberto Marceddu,008,Ficus microcarpa,Aiuola pedonale,38.147269,13.340256,12,42,1.3,0.6,B,APL.026S,,,,,,,,,,,,,,,Potatura ars topiaria base 20-30m²,cad,€575.20,Vittorio Veneto,Libertà,VIII,26.02,18.88,Accordo Quadro - CUP D71G23000050001,78,sempreverde,12076.01,12322.46,12076.01,11706.33,img/albero.png,,"geo:38.147269,13.340256"
AA008AA,ALB_0009,Viale Emilia,17510,541,26/10/2025,Dott. Roberto Marceddu,009,Ficus microcarpa,Aiuola pedonale,38.1472268,13.3401803,12,42,1.3,0.6,B,APL.026S,,,,,,,,,,,,,,,Potatura ars topiaria base 20-30m²,cad,€575.20,Vittorio Veneto,Libertà,VIII,26.02,18.88,Accordo Quadro - CUP D71G23000050001,74,sempreverde,12076.01,12322.46,12076.01,11706.33,img/albero.png,,"geo:38.1472268,13.3401803"
AA009AA,ALB_0010,Viale Emilia,17510,541,26/10/2025,Dott. Roberto Marceddu,010,Ficus microcarpa,Aiuola pedonale,38.147203,13.340091,12,39,1.3,0.6,B,APL.026S,,,,,,,,,,,,,,,Potatura ars topiaria base 20-30m²,cad,€575.20,Vittorio Veneto,Libertà,VIII,25.69,18.64,Accordo Quadro - CUP D71G23000050001,68,sempreverde,10966.88,11190.70,10966.88,10631.16,img/albero.png,,"geo:38.147203,13.340091"
AA010AA,ALB_0011,Viale Emilia,17510,541,26/10/2025,Dott. Roberto Marceddu,011,Ficus microcarpa,Aiuola pedonale,38.147181,13.340031,12,36,1.3,0.6,B,APL.026S,,,,,,,,,,,,,,,Potatura ars topiaria base 20-30m²,cad,€575.20,Vittorio Veneto,Libertà,VIII,25.37,18.41,Accordo Quadro - CUP D71G23000050001,66,sempreverde,9883.09,10084.78,9883.09,9580.54,img/albero.png,,"geo:38.147181,13.340031"
AA011AA,ALB_0012,Viale Emilia,17510,541,26/10/2025,Dott. Roberto Marceddu,012,Ficus microcarpa,Aiuola pedonale,38.147159,13.339976,12,48,1.3,0.6,B,APL.026S,,,,,,,,,,,,,,,Potatura ars topiaria base 20-30m²,cad,€575.20,Vittorio Veneto,Libertà,VIII,26.66,19.34,Accordo Quadro - CUP D71G23000050001,62,sempreverde,14365.24,14658.41,14365.24,13925.49,img/albero.png,,"geo:38.147159,13.339976"
AA012AA,ALB_0013,Viale Emilia,17510,541,26/10/2025,Dott. Roberto Marceddu,013,Ficus microcarpa,Aiuola pedonale,38.147133,13.339918,12,55,1.3,0.5,B,APL.026S,,,,,,,,,,,,,,,Potatura ars topiaria base 20-30m²,cad,€575.20,Vittorio Veneto,Libertà,VIII,27.41,19.89,Accordo Quadro - CUP D71G23000050001,60,sempreverde,17146.31,17496.24,17146.31,16621.43,img/albero.png,,"geo:38.147133,13.339918"
AA013AA,ALB_0014,Viale Emilia,17510,541,26/10/2025,Dott. Roberto Marceddu,014,Ficus microcarpa,Cercine,38.14713,13.339611,15,36,1.3,0.4,B,APL.026S,,,,,,,,,,,,,,,Potatura ars topiaria base 20-30m²,cad,€575.20,Vittorio Veneto,Libertà,VIII,25.37,18.41,Accordo Quadro - CUP D71G23000050001,44 C,sempreverde,12081.24,12327.80,12081.24,11711.41,img/albero.png,,"geo:38.14713,13.339611"
AA014AA,ALB_0015,Viale Emilia,17510,541,26/10/2025,Dott. Roberto Marceddu,015,Ficus microcarpa,Cercine,38.147108,13.339546,15,42,1.3,0.4,B,APL.026S,,,,,,,,,,,,,,,Potatura ars topiaria base 20-30m²,cad,€575.20,Vittorio Veneto,Libertà,VIII,26.02,18.88,Accordo Quadro - CUP D71G23000050001,44 A,sempreverde,14761.90,15063.17,14761.90,14310.01,img/albero.png,,"geo:38.147108,13.339546"
AA015AA,ALB_0016,Viale Emilia,17510,541,26/10/2025,Dott. Roberto Marceddu,016,Ficus microcarpa,Cercine,38.147078,13.339479,15,38,1.3,0.4,B,APL.026S,,,,,,,,,,,,,,,Potatura ars topiaria base 20-30m²,cad,€575.20,Vittorio Veneto,Libertà,VIII,25.59,18.56,Accordo Quadro - CUP D71G23000050001,42 A,sempreverde,12960.95,13225.46,12960.95,12564.19,img/albero.png,,"geo:38.147078,13.339479"
AA016AA,ALB_0017,Viale Emilia,17510,541,26/10/2025,Dott. Roberto Marceddu,017,Ficus microcarpa,Cercine,38.147057,13.33943,15,47,1.3,0.4,B,APL.026S,,,,,,,,,,,,,,,Potatura ars topiaria base 20-30m²,cad,€575.20,Vittorio Veneto,Libertà,VIII,26.55,19.27,Accordo Quadro - CUP D71G23000050001,42,sempreverde,17086.20,17434.90,17086.20,16563.15,img/albero.png,,"geo:38.147057,13.33943"
AA017AA,ALB_0018,Viale Emilia,17510,541,26/10/2025,Dott. Roberto Marceddu,018,Ficus microcarpa,Cercine,38.147032,13.339368,15,32,1.3,0.4,C,APL.026S,,,,,,,,,,,,,,,Potatura ars topiaria base 20-30m²,cad,€575.20,Vittorio Veneto,Libertà,VIII,24.94,18.1,Accordo Quadro - CUP D71G23000050001,40,sempreverde,8536.75,8710.97,8536.75,8275.42,img/albero.png,,"geo:38.147032,13.339368"
AA018AA,ALB_0019,Viale Emilia,17510,541,26/10/2025,Dott. Roberto Marceddu,019,Ficus microcarpa,Cercine,38.14702341,13.3392988,12,70,3,1,B,APL.026S,,,,,,,,,,,,,,,Potatura ars topiaria base 20-30m²,cad,€575.20,Vittorio Veneto,Libertà,VIII,29.03,21.06,Accordo Quadro - CUP D71G23000050001,38,sempreverde,23459.93,23938.71,23459.93,22741.77,img/albero.png,,"geo:38.14702341,13.3392988"
AA019AA,ALB_0020,Viale Emilia,17510,541,26/10/2025,Dott. Roberto Marceddu,020,Ficus microcarpa,Cercine,38.146149,13.337474,12,45,3.1,1.1,B,APL.026S,,,,,,,,,,,,,,,Potatura ars topiaria base 20-30m²,cad,€575.20,Vittorio Veneto,Libertà,VIII,26.34,19.11,Accordo Quadro - CUP D71G23000050001,33,sempreverde,13209.17,13478.75,13209.17,12804.81,img/albero.png,,"geo:38.146149,13.337474"
AA020AA,ALB_0021,Viale Emilia,17510,541,26/10/2025,Dott. Roberto Marceddu,021,Ficus microcarpa,Cercine,38.14610555,13.33737877,12,62,3,1,B,APL.026S,,,,,,,,,,,,,,,Potatura ars topiaria base 20-30m²,cad,€575.20,Vittorio Veneto,Libertà,VIII,28.17,20.44,Accordo Quadro - CUP D71G23000050001,29,sempreverde,20035.88,20444.78,20035.88,19422.54,img/albero.png,,"geo:38.14610555,13.33737877"
AA021AA,ALB_0022,Viale Emilia,17510,541,26/10/2025,Dott. Roberto Marceddu,022,Ficus microcarpa,Cercine,38.146068,13.337268,12,68,3,1,B,APL.026S,,,,,,,,,,,,,,,Potatura ars topiaria base 20-30m²,cad,€575.20,Vittorio Veneto,Libertà,VIII,28.81,20.9,Accordo Quadro - CUP D71G23000050001,25,sempreverde,22592.32,23053.39,22592.32,21900.72,img/albero.png,,"geo:38.146068,13.337268"
AA022AA,ALB_0023,Viale Emilia,17510,541,26/10/2025,Dott. Roberto Marceddu,023,Ficus microcarpa,Cercine,38.14603,13.337163,12,77,3,1,B,APL.026S,,,,,,,,,,,,,,,Potatura ars topiaria base 20-30m²,cad,€575.20,Vittorio Veneto,Libertà,VIII,29.78,21.61,Accordo Quadro - CUP D71G23000050001,8,sempreverde,26554.45,27096.37,26554.45,25741.55,img/albero.png,,"geo:38.14603,13.337163"
AA023AA,ALB_0024,Viale Emilia,17510,541,26/10/2025,Dott. Roberto Marceddu,024,Ficus microcarpa,Cercine,38.145989,13.337039,12,42,3,1,B,APL.026S,,,,,,,,,,,,,,,Potatura ars topiaria base 20-30m²,cad,€575.20,Vittorio Veneto,Libertà,VIII,26.02,18.88,Accordo Quadro - CUP D71G23000050001,8,sempreverde,12076.01,12322.46,12076.01,11706.33,img/albero.png,,"geo:38.145989,13.337039"
AA024AA,ALB_0025,Viale Emilia,17510,541,26/10/2025,Dott. Roberto Marceddu,025,Ficus microcarpa,Cercine,38.145937,13.336901,12,50,3,1,B,APL.026S,,,,,,,,,,,,,,,Potatura ars topiaria base 20-30m²,cad,€575.20,Vittorio Veneto,Libertà,VIII,26.88,19.5,Accordo Quadro - CUP D71G23000050001,8,sempreverde,15148.17,15457.32,15148.17,14684.45,img/albero.png,,"geo:38.145937,13.336901"
AA025AA,ALB_0026,Viale Emilia,17510,541,26/10/2025,Dott. Roberto Marceddu,026,Ficus microcarpa,Cercine,38.145878,13.336766,12,49,3,1,B,APL.026S,,,,,,,,,,,,,,,Potatura ars topiaria base 20-30m²,cad,€575.20,Vittorio Veneto,Libertà,VIII,26.77,19.42,Accordo Quadro - CUP D71G23000050001,6,sempreverde,14755.51,15056.64,14755.51,14303.81,img/albero.png,,"geo:38.145878,13.336766"
AA026AA,ALB_0027,Viale Emilia,17510,541,26/10/2025,Dott. Roberto Marceddu,027,Ficus microcarpa,Cercine,38.145835,13.336632,12,38,3,1,B,APL.026S,,,,,,,,,,,,,,,Potatura ars topiaria base 20-30m²,cad,€575.20,Vittorio Veneto,Libertà,VIII,25.59,18.56,Accordo Quadro - CUP D71G23000050001,4,sempreverde,10602.74,10819.12,10602.74,10278.16,img/albero.png,,"geo:38.145835,13.336632"
AA027AA,ALB_0028,Viale Emilia,17510,541,26/10/2025,Dott. Roberto Marceddu,028,Ficus microcarpa,Cercine,38.145765,13.336455,12,45,3,1,B,APL.026S,,,,,,,,,,,,,,,Potatura ars topiaria base 20-30m²,cad,€575.20,Vittorio Veneto,Libertà,VIII,26.34,19.11,Accordo Quadro - CUP D71G23000050001,2 E,sempreverde,13209.17,13478.75,13209.17,12804.81,img/albero.png,,"geo:38.145765,13.336455"
AA028AA,ALB_0029,Viale Emilia,17510,541,26/10/2025,Dott. Roberto Marceddu,029,Ficus microcarpa,Cercine,38.14572,13.336347,12,62,3,1,B,APL.026S,,,,,,,,,,,,,,,Potatura ars topiaria base 20-30m²,cad,€575.20,Vittorio Veneto,Libertà,VIII,28.17,20.44,Accordo Quadro - CUP D71G23000050001,2 D,sempreverde,20035.88,20444.78,20035.88,19422.54,img/albero.png,,"geo:38.14572,13.336347"
AA029AA,ALB_0030,Viale Emilia,17510,541,26/10/2025,Dott. Roberto Marceddu,030,Ficus microcarpa,Cercine,38.14567338,13.33624842,12,79,3,1,B,APL.026S,,,,,,,,,,,,,,,Potatura ars topiaria base 20-30m²,cad,€575.20,Vittorio Veneto,Libertà,VIII,29.99,21.76,Accordo Quadro - CUP D71G23000050001,2 C,sempreverde,27454.56,28014.86,27454.56,26614.12,img/albero.png,,"geo:38.14567338,13.33624842"
AA030AA,ALB_0031,Viale Emilia,17510,541,26/10/2025,Dott. Roberto Marceddu,031,Ficus microcarpa,Cercine,38.145629,13.336101,12,77,3,1,B,APL.026S,,,,,,,,,,,,,,,Potatura ars topiaria base 20-30m²,cad,€575.20,Vittorio Veneto,Libertà,VIII,29.78,21.61,Accordo Quadro - CUP D71G23000050001,2 C,sempreverde,26554.45,27096.37,26554.45,25741.55,img/albero.png,,"geo:38.145629,13.336101"
AA031AA,ALB_0032,Viale Emilia,17510,541,26/10/2025,Dott. Roberto Marceddu,032,Ficus microcarpa,Aiuola pedonale,38.14556,13.33596,15,45,3,1,B,APL.026S,,,,,,,,,,,,,,,Potatura ars topiaria base 20-30m²,cad,€575.20,Vittorio Veneto,Libertà,VIII,26.34,19.11,Accordo Quadro - CUP D71G23000050001,6 C,sempreverde,16147.10,16476.63,16147.10,15652.80,img/albero.png,,"geo:38.14556,13.33596"
AA032AA,ALB_0033,Viale Emilia,17510,541,26/10/2025,Dott. Roberto Marceddu,033,Ficus microcarpa,Aiuola pedonale,38.145524,13.33588,15,42,3,1,B,APL.026S,,,,,,,,,,,,,,,Potatura ars topiaria base 20-30m²,cad,€575.20,Vittorio Veneto,Libertà,VIII,26.02,18.88,Accordo Quadro - CUP D71G23000050001,6 C,sempreverde,14761.90,15063.17,14761.90,14310.01,img/albero.png,,"geo:38.145524,13.33588"
AA033AA,ALB_0034,Viale Emilia,17510,541,26/10/2025,Dott. Roberto Marceddu,034,Ficus microcarpa,Aiuola pedonale,38.145504,13.335823,15,38,3,1,B,APL.026S,,,,,,,,,,,,,,,Potatura ars topiaria base 20-30m²,cad,€575.20,Vittorio Veneto,Libertà,VIII,25.59,18.56,Accordo Quadro - CUP D71G23000050001,1,sempreverde,12960.95,13225.46,12960.95,12564.19,img/albero.png,,"geo:38.145504,13.335823"
AA034AA,ALB_0035,Viale Emilia,17510,541,26/10/2025,Dott. Roberto Marceddu,035,Ficus microcarpa,Aiuola pedonale,38.145476,13.335751,15,52,3,1,C,APL.026S,,,,,,,,,,,,,,,Potatura ars topiaria base 20-30m²,cad,€575.20,Vittorio Veneto,Libertà,VIII,27.09,19.66,Accordo Quadro - CUP D71G23000050001,2,sempreverde,16047.29,16374.79,16047.29,15556.05,img/albero.png,,"geo:38.145476,13.335751"
AA035AA,ALB_0036,Viale Emilia,17510,541,26/10/2025,Dott. Roberto Marceddu,036,Ficus microcarpa,Cercine,38.14565,13.335916,12,48,0.9,0.5,B,APL.026S,,,,,,,,,,,,,,,Potatura ars topiaria base 20-30m²,cad,€575.20,Vittorio Veneto,Libertà,VIII,26.66,19.34,Accordo Quadro - CUP D71G23000050001,6 C,sempreverde,14365.24,14658.41,14365.24,13925.49,img/albero.png,,"geo:38.14565,13.335916"
AA036AA,ALB_0037,Viale Emilia,17510,541,26/10/2025,Dott. Roberto Marceddu,037,Ficus microcarpa,Cercine,38.145622,13.335817,12,43,0.9,0.5,B,APL.026S,,,,,,,,,,,,,,,Potatura ars topiaria base 20-30m²,cad,€575.20,Vittorio Veneto,Libertà,VIII,26.12,18.95,Accordo Quadro - CUP D71G23000050001,6 C,sempreverde,12451.12,12705.22,12451.12,12069.96,img/albero.png,,"geo:38.145622,13.335817"
AA037AA,ALB_0038,Viale Emilia,17510,541,26/10/2025,Dott. Roberto Marceddu,038,Ficus microcarpa,Cercine,38.145585,13.335722,12,43,0.9,0.5,B,APL.026S,,,,,,,,,,,,,,,Potatura ars topiaria base 20-30m²,cad,€575.20,Vittorio Veneto,Libertà,VIII,26.12,18.95,Accordo Quadro - CUP D71G23000050001,2,sempreverde,12451.12,12705.22,12451.12,12069.96,img/albero.png,,"geo:38.145585,13.335722"
AA038AA,ALB_0039,Viale Emilia,17510,541,26/10/2025,Dott. Roberto Marceddu,039,Ficus microcarpa,Cercine,38.145531,13.335617,12,45,0.9,0.5,B,APL.026S,,,,,,,,,,,,,,,Potatura ars topiaria base 20-30m²,cad,€575.20,Vittorio Veneto,Libertà,VIII,26.34,19.11,Accordo Quadro - CUP D71G23000050001,2,sempreverde,13209.17,13478.75,13209.17,12804.81,img/albero.png,,"geo:38.145531,13.335617"
AA039AA,ALB_0040,Viale Emilia,17510,541,26/10/2025,Dott. Roberto Marceddu,040,Ficus microcarpa,Cercine,38.145502,13.335536,12,50,0.9,0.5,B,APL.026S,,,,,,,,,,,,,,,Potatura ars topiaria base 20-30m²,cad,€575.20,Vittorio Veneto,Libertà,VIII,26.88,19.5,Accordo Quadro - CUP D71G23000050001,2,sempreverde,15148.17,15457.32,15148.17,14684.45,img/albero.png,,"geo:38.145502,13.335536"
AA040AA,ALB_0041,Viale Emilia,17510,541,26/10/2025,Dott. Roberto Marceddu,041,Ficus microcarpa,Cercine,38.145472,13.335475,12,55,0.9,0.5,B,APL.026S,,,,,,,,,,,,,,,Potatura ars topiaria base 20-30m²,cad,€575.20,Vittorio Veneto,Libertà,VIII,27.41,19.89,Accordo Quadro - CUP D71G23000050001,2,sempreverde,17146.31,17496.24,17146.31,16621.43,img/albero.png,,"geo:38.145472,13.335475"
AA041AA,ALB_0042,Viale Emilia,17510,541,26/10/2025,Dott. Roberto Marceddu,042,Ficus microcarpa,Cercine,38.145443,13.335425,12,45,0.9,0.5,B,APL.026S,,,,,,,,,,,,,,,Potatura ars topiaria base 20-30m²,cad,€575.20,Vittorio Veneto,Libertà,VIII,26.34,19.11,Accordo Quadro - CUP D71G23000050001,2,sempreverde,13209.17,13478.75,13209.17,12804.81,img/albero.png,,"geo:38.145443,13.335425"
AA042AA,ALB_0043,Viale Emilia,17510,541,26/10/2025,Dott. Roberto Marceddu,043,Ficus microcarpa,Cercine,38.145417,13.335358,12,48,0.9,0.5,C,APL.026S,,,,,,,,,,,,,,,Potatura ars topiaria base 20-30m²,cad,€575.20,Vittorio Veneto,Libertà,VIII,26.66,19.34,Accordo Quadro - CUP D71G23000050001,100,sempreverde,11830.20,12071.63,11830.20,11468.05,img/albero.png,,"geo:38.145417,13.335358"
AA043AA,ALB_0044,Viale Emilia,17510,541,26/10/2025,Dott. Roberto Marceddu,044,Ficus microcarpa,Cercine,38.145247,13.335472,12,55,0.9,0.5,B,APL.026S,,,,,,,,,,,,,,,Potatura ars topiaria base 20-30m²,cad,€575.20,Vittorio Veneto,Libertà,VIII,27.41,19.89,Accordo Quadro - CUP D71G23000050001,1,sempreverde,17146.31,17496.24,17146.31,16621.43,img/albero.png,,"geo:38.145247,13.335472"
AA044AA,ALB_0045,Viale Emilia,17510,541,26/10/2025,Dott. Roberto Marceddu,045,Ficus microcarpa,Cercine,38.14527643,13.33554455,12,41,0.9,0.5,B,APL.026S,,,,,,,,,,,,,,,Potatura ars topiaria base 20-30m²,cad,€575.20,Vittorio Veneto,Libertà,VIII,25.91,18.8,Accordo Quadro - CUP D71G23000050001,1,sempreverde,11703.57,11942.42,11703.57,11345.30,img/albero.png,,"geo:38.14527643,13.33554455"
AA045AA,ALB_0046,Viale Emilia,17510,541,26/10/2025,Dott. Roberto Marceddu,046,Ficus microcarpa,Cercine,38.145309,13.335604,12,39,0.9,0.5,B,APL.026S,,,,,,,,,,,,,,,Potatura ars topiaria base 20-30m²,cad,€575.20,Vittorio Veneto,Libertà,VIII,25.69,18.64,Accordo Quadro - CUP D71G23000050001,1,sempreverde,10966.88,11190.70,10966.88,10631.16,img/albero.png,,"geo:38.145309,13.335604"
AA046AA,ALB_0047,Viale Emilia,17510,541,26/10/2025,Dott. Roberto Marceddu,047,Ficus microcarpa,Cercine,38.145337,13.335679,12,38,0.9,0.5,D,APL.018S,,,SIC24_1.6.2,Rimozione ceppaie 0.5-1.5 m³,€228.15,,NP00.120643,Ficus microcarpa circ.12/14cm,€758.08,,,,,,Abbattimento chioma espansa h.12-16m,cad,€316.90,Vittorio Veneto,Libertà,VIII,25.59,18.56,Accordo Quadro - CUP D71G23000050001,1,sempreverde,6236.90,6364.19,6236.90,6045.98,img/albero.png,,"geo:38.145337,13.335679"
AA047AA,ALB_0048,Viale Emilia,17510,541,26/10/2025,Dott. Roberto Marceddu,048,Ficus microcarpa,Cercine,38.14538897,13.33578526,12,37,0.9,0.5,C,APL.026S,,,,,,,,,,,,,,,Potatura ars topiaria base 20-30m²,cad,€575.20,Vittorio Veneto,Libertà,VIII,25.48,18.49,Accordo Quadro - CUP D71G23000050001,1,sempreverde,8434.14,8606.26,8434.14,8175.95,img/albero.png,,"geo:38.14538897,13.33578526"
AA048AA,ALB_0049,Viale Emilia,17510,541,26/10/2025,Dott. Roberto Marceddu,049,Ficus microcarpa,Cercine,38.145408,13.335864,12,39,0.9,0.5,B,APL.026S,,,,,,,,,,,,,,,Potatura ars topiaria base 20-30m²,cad,€575.20,Vittorio Veneto,Libertà,VIII,25.69,18.64,Accordo Quadro - CUP D71G23000050001,1,sempreverde,10966.88,11190.70,10966.88,10631.16,img/albero.png,,"geo:38.145408,13.335864"
AA049AA,ALB_0050,Viale Emilia,17510,541,26/10/2025,Dott. Roberto Marceddu,050,Ficus microcarpa,Cercine,38.145439,13.33594,12,38,0.9,0.5,B,APL.026S,,,,,,,,,,,,,,,Potatura ars topiaria base 20-30m²,cad,€575.20,Vittorio Veneto,Libertà,VIII,25.59,18.56,Accordo Quadro - CUP D71G23000050001,1,sempreverde,10602.74,10819.12,10602.74,10278.16,img/albero.png,,"geo:38.145439,13.33594"
AA050AA,ALB_0051,Viale Emilia,17510,541,26/10/2025,Dott. Roberto Marceddu,051,Ficus microcarpa,Cercine,38.145471,13.336025,12,45,0.9,0.5,B,APL.026S,,,,,,,,,,,,,,,Potatura ars topiaria base 20-30m²,cad,€575.20,Vittorio Veneto,Libertà,VIII,26.34,19.11,Accordo Quadro - CUP D71G23000050001,3,sempreverde,13209.17,13478.75,13209.17,12804.81,img/albero.png,,"geo:38.145471,13.336025"
AA051AA,ALB_0052,Viale Emilia,17510,541,26/10/2025,Dott. Roberto Marceddu,052,Brachychiton acerifolius ,Cercine,38.145528,13.336239,10,27,1.2,0.5,C,APL.002S,,,,,,,,,,,,,,,Potatura latifoglie sempreverdi h.8-16m,cad,€358.16,Vittorio Veneto,Libertà,VIII,20.66,14.98,Accordo Quadro - CUP D71G23000050001,3,semi-decidua,3230.88,4307.84,3661.67,2584.71,img/albero.png,,"geo:38.145528,13.336239"
AA052AA,ALB_0053,Viale Emilia,17510,541,26/10/2025,Dott. Roberto Marceddu,053,Brachychiton acerifolius ,Cercine,38.145571,13.336337,10,32,1.2,0.5,B,APL.002S,,,,,,,,,,,,,,,Potatura latifoglie sempreverdi h.8-16m,cad,€358.16,Vittorio Veneto,Libertà,VIII,21.11,15.31,Accordo Quadro - CUP D71G23000050001,7,semi-decidua,4892.87,6523.83,5545.26,3914.30,img/albero.png,,"geo:38.145571,13.336337"
AA053AA,ALB_0054,Viale Emilia,17510,541,26/10/2025,Dott. Roberto Marceddu,054,Brachychiton acerifolius ,Cercine,38.145609,13.336435,12,32,1.2,0.5,B,APL.002S,,,,,,,,,,,,,,,Potatura latifoglie sempreverdi h.8-16m,cad,€358.16,Vittorio Veneto,Libertà,VIII,21.11,15.31,Accordo Quadro - CUP D71G23000050001,11,semi-decidua,5765.37,7687.16,6534.09,4612.30,img/albero.png,,"geo:38.145609,13.336435"
AA054AA,ALB_0055,Viale Emilia,17510,541,26/10/2025,Dott. Roberto Marceddu,055,Ficus benjamina,Cercine,38.145652,13.336528,10,18,1.2,0.5,C,APL.026S,,,,,,,,,,,,,,,Potatura ars topiaria base 20-30m²,cad,€575.20,Vittorio Veneto,Libertà,VIII,18.31,13.3,Accordo Quadro - CUP D71G23000050001,13,sempreverde,2638.71,2692.56,2638.71,2557.93,img/albero.png,,"geo:38.145652,13.336528"
AA055AA,ALB_0056,Viale Emilia,17510,541,26/10/2025,Dott. Roberto Marceddu,056,Celtis australis,Cercine stradale,38.145829,13.336518,15,137,0.2,n/a,C,APL.006S,,,,,,,,,,,,,,,Potatura decidui chioma espansa h.12-16m,cad,€250.87,Vittorio Veneto,Libertà,VIII,37.58,27.3,Accordo Quadro - CUP D71G23000050001,2 L3,decidua,56532.91,80761.30,44418.71,0.00,img/albero.png,,"geo:38.145829,13.336518"
AA056AA,ALB_0057,Viale Emilia,17510,541,26/10/2025,Dott. Roberto Marceddu,057,Acer negundo,Cercine,38.146238,13.337607,8,42,0.2,n/a,D,caduto,,,SIC24_1.6.2,Rimozione ceppaie 0.5-1.5 m³,€228.15,,AP22.120072,Acer negundo circ.16/18cm,€679.23,,,,,,,,,Vittorio Veneto,Libertà,VIII,23.6,17.06,Accordo Quadro - CUP D71G23000050001,1,decidua,3270.99,5032.30,2264.53,0.00,img/albero.png,,"geo:38.146238,13.337607"
AA057AA,ALB_0058,Viale Emilia,17510,541,26/10/2025,Dott. Roberto Marceddu,058,Robinia pseudoacacia,Aiuola pedonale,38.146651,13.338721,12,45,1.2,0.4,B,APL.005S,,,,,,,,,,,,,,,Potatura decidui chioma espansa h.6-12m,cad,€186.07,Vittorio Veneto,Libertà,VIII,24.62,17.89,Accordo Quadro - CUP D71G23000050001,41 D,decidua,11812.62,16875.17,8437.59,0.00,img/albero.png,,"geo:38.146651,13.338721"
AA058AA,ALB_0059,Viale Emilia,17510,541,26/10/2025,Dott. Roberto Marceddu,059,Sophora japonica,Aiuola pedonale,38.146673,13.3388,12,38,1.2,0.4,B,APL.005S,,,,,,,,,,,,,,,Potatura decidui chioma espansa h.6-12m,cad,€186.07,Vittorio Veneto,Libertà,VIII,25.23,18.33,Accordo Quadro - CUP D71G23000050001,41 E,decidua,9322.79,13318.27,6659.13,0.00,img/albero.png,,"geo:38.146673,13.3388"
AA059AA,ALB_0060,Viale Emilia,17510,541,26/10/2025,Dott. Roberto Marceddu,060,Sophora japonica,Aiuola pedonale,38.146705,13.338859,6-8,30,1.2,0.4,B,APL.005S,,,,,,,,,,,,,,,Potatura decidui chioma espansa h.6-12m,cad,€186.07,Vittorio Veneto,Libertà,VIII,24.38,17.71,Accordo Quadro - CUP D71G23000050001,41 H,decidua,0.00,0.00,0.00,0.00,img/albero.png,,"geo:38.146705,13.338859"
AA060AA,ALB_0061,Viale Emilia,17510,541,26/10/2025,Dott. Roberto Marceddu,061,Robinia pseudoacacia,Aiuola pedonale,38.146807,13.339127,6-8,15,1.2,0.4,Ceppaia,SIC24_1.6.2,,,AP37.121419,,€784.45,,,,,,,,,,Rimozione ceppaie 0.5-1.5 m³,cad,€228.15,Vittorio Veneto,Libertà,VIII,21.61,15.7,Accordo Quadro - CUP D71G23000050001,34,decidua,0.00,0.00,0.00,0.00,img/albero.png,,"geo:38.146807,13.339127"
AA061AA,ALB_0062,Viale Emilia,17510,541,26/10/2025,Dott. Roberto Marceddu,062,Robinia pseudoacacia,Aiuola pedonale,38.146879,13.339347,6-8,15,1.2,0.4,Ceppaia,SIC24_1.6.2,,,AP37.121419,,€784.45,,,,,,,,,,Rimozione ceppaie 0.5-1.5 m³,cad,€228.15,Vittorio Veneto,Libertà,VIII,21.61,15.7,Accordo Quadro - CUP D71G23000050001,38,decidua,0.00,0.00,0.00,0.00,img/albero.png,,"geo:38.146879,13.339347"
AA062AA,ALB_0063,Viale Emilia,17510,541,26/10/2025,Dott. Roberto Marceddu,063,Robinia pseudoacacia,Aiuola pedonale,38.146975,13.339557,6-8,15,1.2,0.4,Ceppaia,SIC24_1.6.2,,,AP37.121419,,€784.45,,,,,,,,,,Rimozione ceppaie 0.5-1.5 m³,cad,€228.15,Vittorio Veneto,Libertà,VIII,21.61,15.7,Accordo Quadro - CUP D71G23000050001,44,decidua,0.00,0.00,0.00,0.00,img/albero.png,,"geo:38.146975,13.339557"
AA063AA,ALB_0064,Viale Emilia,17510,541,26/10/2025,Dott. Roberto Marceddu,064,Robinia pseudoacacia,Aiuola pedonale,38.14706,13.339758,6-8,15,1.2,0.4,Ceppaia,SIC24_1.6.2,,,AP37.121419,,€784.45,,,,,,,,,,Rimozione ceppaie 0.5-1.5 m³,cad,€228.15,Vittorio Veneto,Libertà,VIII,21.61,15.7,Accordo Quadro - CUP D71G23000050001,50,decidua,0.00,0.00,0.00,0.00,img/albero.png,,"geo:38.14706,13.339758"
AA064AA,ALB_0065,Viale Emilia,17510,541,26/10/2025,Dott. Roberto Marceddu,065,Pinus halepensis,Cercine stradale,38.146389,13.338889,16,64,,,D,APL.024S,Coordinate rilevate da Google earth,,SIC24_1.6.2,Rimozione ceppaie 0.5-1.5 m³,€228.15,,,,,,,,,,Abbattimento chioma piramidale h.16-23m,cad,€521.24,Vittorio Veneto,Libertà,VIII,30.89,22.44,Accordo Quadro - CUP D71G23000050001,41 F,sempreverde,2923.16,2982.81,2923.16,2833.67,img/albero.png,,"geo:38.146389,13.338889"
AA065AA,ALB_0066,Via Pignatelli Aragona,35670,275,02/11/2025,Dott. Roberto Marceddu,001,Ficus microcarpa,Cercine,38.120839,13.356748,12,76,1,4.5,B,APL.026S,,,,,,,,,,,,,,,Potatura ars topiaria base 20-30m²,cad,€575.20,S.Francesco di Paola - Terrasanta,Politeama,VIII,29.67,21.53,Accordo Quadro - CUP D71G23000050001,1,sempreverde,26107.00,26639.80,26107.00,25307.81,img/albero.png,,"geo:38.120839,13.356748"
AA066AA,ALB_0067,Via Pignatelli Aragona,35670,275,02/11/2025,Dott. Roberto Marceddu,002,Ficus microcarpa,Cercine,38.120856,13.356666,12,52,1,4.5,B,APL.026S,,,,,,,,,,,,,,,Potatura ars topiaria base 20-30m²,cad,€575.20,S.Francesco di Paola - Terrasanta,Politeama,VIII,27.09,19.66,Accordo Quadro - CUP D71G23000050001,3,sempreverde,15940.56,16265.88,15940.56,15452.59,img/albero.png,,"geo:38.120856,13.356666"
AA067AA,ALB_0068,Via Pignatelli Aragona,35670,275,02/11/2025,Dott. Roberto Marceddu,003,Ficus microcarpa,Cercine,38.120871,13.35659,12,79,1,4.5,B,APL.026S,,,,,,,,,,,,,,,Potatura ars topiaria base 20-30m²,cad,€575.20,S.Francesco di Paola - Terrasanta,Politeama,VIII,29.99,21.76,Accordo Quadro - CUP D71G23000050001,7,sempreverde,27454.56,28014.86,27454.56,26614.12,img/albero.png,,"geo:38.120871,13.35659"
AA068AA,ALB_0069,Via Pignatelli Aragona,35670,275,02/11/2025,Dott. Roberto Marceddu,004,Ficus microcarpa,Cercine,38.120886,13.356503,12,53,1,4.5,D,APL.018S,,,SIC24_1.6.2,Rimozione ceppaie 0.5-1.5 m³,€228.15,,NP00.120643,Ficus microcarpa circ.12/14cm,€758.08,,,,,,Abbattimento chioma espansa h.12-16m,cad,€316.90,S.Francesco di Paola - Terrasanta,Politeama,VIII,27.2,19.73,Accordo Quadro - CUP D71G23000050001,9,sempreverde,9611.89,9808.06,9611.89,9317.65,img/albero.png,,"geo:38.120886,13.356503"
AA069AA,ALB_0070,Via Pignatelli Aragona,35670,275,02/11/2025,Dott. Roberto Marceddu,005,Ficus microcarpa,Cercine,38.120909,13.356381,12,59,1.5,4.5,B,APL.026S,,,,,,,,,,,,,,,Potatura ars topiaria base 20-30m²,cad,€575.20,S.Francesco di Paola - Terrasanta,Politeama,VIII,27.84,20.2,Accordo Quadro - CUP D71G23000050001,15,sempreverde,18784.81,19168.18,18784.81,18209.77,img/albero.png,,"geo:38.120909,13.356381"
AA070AA,ALB_0071,Via Pignatelli Aragona,35670,275,02/11/2025,Dott. Roberto Marceddu,006,Ficus microcarpa,Cercine,38.120931,13.356307,12,65,1.5,4.5,B,APL.026S,,,,,,,,,,,,,,,Potatura ars topiaria base 20-30m²,cad,€575.20,S.Francesco di Paola - Terrasanta,Politeama,VIII,28.49,20.67,Accordo Quadro - CUP D71G23000050001,19,sempreverde,21305.25,21740.05,21305.25,20653.05,img/albero.png,,"geo:38.120931,13.356307"
AA071AA,ALB_0072,Via Pignatelli Aragona,35670,275,02/11/2025,Dott. Roberto Marceddu,007,Ficus microcarpa,Cercine,38.120949,13.356233,12,65,1.5,4.5,B,APL.026S,,,,,,,,,,,,,,,Potatura ars topiaria base 20-30m²,cad,€575.20,S.Francesco di Paola - Terrasanta,Politeama,VIII,28.49,20.67,Accordo Quadro - CUP D71G23000050001,23,sempreverde,21305.25,21740.05,21305.25,20653.05,img/albero.png,,"geo:38.120949,13.356233"
AA072AA,ALB_0073,Via Pignatelli Aragona,35670,275,02/11/2025,Dott. Roberto Marceddu,008,Ficus microcarpa,Cercine,38.120969,13.356155,12,63,1,4.5,C,APL.026S,,,,,,,,,,,,,,,Potatura ars topiaria base 20-30m²,cad,€575.20,S.Francesco di Paola - Terrasanta,Politeama,VIII,28.27,20.51,Accordo Quadro - CUP D71G23000050001,23,sempreverde,16846.94,17190.76,16846.94,16331.22,img/albero.png,,"geo:38.120969,13.356155"
AA073AA,ALB_0074,Via Pignatelli Aragona,35670,275,02/11/2025,Dott. Roberto Marceddu,009,Ficus microcarpa,Cercine,38.121027,13.355921,12,82,1.5,4.5,C,APL.026S,,,,,,,,,,,,,,,Potatura ars topiaria base 20-30m²,cad,€575.20,S.Francesco di Paola - Terrasanta,Politeama,VIII,30.32,22,Accordo Quadro - CUP D71G23000050001,27,sempreverde,23732.11,24216.44,23732.11,23005.62,img/albero.png,,"geo:38.121027,13.355921"
AA074AA,ALB_0075,Via Pignatelli Aragona,35670,275,02/11/2025,Dott. Roberto Marceddu,010,Ficus microcarpa,Cercine,38.121042,13.355819,12,77,1.5,4.5,B,APL.026S,,,,,,,,,,,,,,,Potatura ars topiaria base 20-30m²,cad,€575.20,S.Francesco di Paola - Terrasanta,Politeama,VIII,29.78,21.61,Accordo Quadro - CUP D71G23000050001,29,sempreverde,26554.45,27096.37,26554.45,25741.55,img/albero.png,,"geo:38.121042,13.355819"
AA075AA,ALB_0076,Via Pignatelli Aragona,35670,275,02/11/2025,Dott. Roberto Marceddu,011,Ficus microcarpa,Cercine,38.121315,13.354424,12,62,1.2,0.4,B,APL.026S,,,,,,,,,,,,,,,Potatura ars topiaria base 20-30m²,cad,€575.20,S.Francesco di Paola - Terrasanta,Politeama,VIII,28.17,20.44,Accordo Quadro - CUP D71G23000050001,55,sempreverde,20035.88,20444.78,20035.88,19422.54,img/albero.png,,"geo:38.121315,13.354424"
AA076AA,ALB_0077,Via Pignatelli Aragona,35670,275,02/11/2025,Dott. Roberto Marceddu,012,Ficus microcarpa,Cercine,38.12134525,13.35433767,12,49,1.2,0.5,C,APL.026S,,,,,,,,,,,,,,,Potatura ars topiaria base 20-30m²,cad,€575.20,S.Francesco di Paola - Terrasanta,Politeama,VIII,26.77,19.42,Accordo Quadro - CUP D71G23000050001,25,sempreverde,12151.60,12399.59,12151.60,11779.61,img/albero.png,,"geo:38.12134525,13.35433767"
AA077AA,ALB_0078,Via Pignatelli Aragona,35670,275,02/11/2025,Dott. Roberto Marceddu,013,Ficus microcarpa,Cercine,38.12136,13.354273,12,41,1.7,0.4,B,APL.026S,,,,,,,,,,,,,,,Potatura ars topiaria base 20-30m²,cad,€575.20,S.Francesco di Paola - Terrasanta,Politeama,VIII,25.91,18.8,Accordo Quadro - CUP D71G23000050001,29,sempreverde,11703.57,11942.42,11703.57,11345.30,img/albero.png,,"geo:38.12136,13.354273"
AA078AA,ALB_0079,Via Pignatelli Aragona,35670,275,02/11/2025,Dott. Roberto Marceddu,014,Ficus microcarpa,Cercine,38.121376,13.354183,12,38,1.7,0.5,C/D,APL.026S,Ricontrollo post-intervento,,,,,,,,,,,,,,Potatura ars topiaria base 20-30m²,cad,€575.20,S.Francesco di Paola - Terrasanta,Politeama,VIII,25.59,18.56,Accordo Quadro - CUP D71G23000050001,57,sempreverde,3742.14,3818.51,3742.14,3627.59,img/albero.png,,"geo:38.121376,13.354183"
AA079AA,ALB_0080,Via Pignatelli Aragona,35670,275,02/11/2025,Dott. Roberto Marceddu,015,Ficus microcarpa,Cercine,38.121404,13.354133,12,50,0.6,0.4,C/D,APL.026S,Ricontrollo post-intervento,,,,,,,,,,,,,,Potatura ars topiaria base 20-30m²,cad,€575.20,S.Francesco di Paola - Terrasanta,Politeama,VIII,26.88,19.5,Accordo Quadro - CUP D71G23000050001,59,sempreverde,5346.41,5455.53,5346.41,5182.75,img/albero.png,,"geo:38.121404,13.354133"
AA080AA,ALB_0081,Via Pignatelli Aragona,35670,275,02/11/2025,Dott. Roberto Marceddu,016,Ficus microcarpa,Cercine,38.121371,13.353804,12,48,0.2,0.5,C,APL.026S,,,,,,,,,,,,,,,Potatura ars topiaria base 20-30m²,cad,€575.20,S.Francesco di Paola - Terrasanta,Politeama,VIII,26.66,19.34,Accordo Quadro - CUP D71G23000050001,96,sempreverde,11830.20,12071.63,11830.20,11468.05,img/albero.png,,"geo:38.121371,13.353804"
AA081AA,ALB_0082,Via Pignatelli Aragona,35670,275,02/11/2025,Dott. Roberto Marceddu,017,Ficus microcarpa,Cercine,38.121307,13.354075,10,37,2,1,D,APL.018S,,,SIC24_1.6.2,Rimozione ceppaie 0.5-1.5 m³,€228.15,,NP00.120643,Ficus microcarpa circ.12/14cm,€758.08,,,,,,Abbattimento chioma espansa h.12-16m,cad,€316.90,S.Francesco di Paola - Terrasanta,Politeama,VIII,25.48,18.49,Accordo Quadro - CUP D71G23000050001,86 A,sempreverde,5112.69,5217.03,5112.69,4956.18,img/albero.png,,"geo:38.121307,13.354075"
AA082AA,ALB_0083,Via Pignatelli Aragona,35670,275,02/11/2025,Dott. Roberto Marceddu,018,Ficus microcarpa,Cercine,38.121294,13.35417,12,45,2,1,D,APL.018S,,,SIC24_1.6.2,Rimozione ceppaie 0.5-1.5 m³,€228.15,,NP00.120643,Ficus microcarpa circ.12/14cm,€758.08,,,,,,Abbattimento chioma espansa h.12-16m,cad,€316.90,S.Francesco di Paola - Terrasanta,Politeama,VIII,26.34,19.11,Accordo Quadro - CUP D71G23000050001,57,sempreverde,7770.10,7928.67,7770.10,7532.24,img/albero.png,,"geo:38.121294,13.35417"
AA083AA,ALB_0084,Via Pignatelli Aragona,35670,275,02/11/2025,Dott. Roberto Marceddu,019,Ficus microcarpa,Cercine,38.121281,13.354216,12,42,2,1.2,B,APL.026S,,,,,,,,,,,,,,,Potatura ars topiaria base 20-30m²,cad,€575.20,S.Francesco di Paola - Terrasanta,Politeama,VIII,26.02,18.88,Accordo Quadro - CUP D71G23000050001,86,sempreverde,12076.01,12322.46,12076.01,11706.33,img/albero.png,,"geo:38.121281,13.354216"
AA084AA,ALB_0085,Via Pignatelli Aragona,35670,275,02/11/2025,Dott. Roberto Marceddu,020,Ficus microcarpa,Cercine,38.121271,13.354265,12,35,2,1.2,B,APL.026S,,,,,,,,,,,,,,,Potatura ars topiaria base 20-30m²,cad,€575.20,S.Francesco di Paola - Terrasanta,Politeama,VIII,25.26,18.33,Accordo Quadro - CUP D71G23000050001,86,sempreverde,9527.69,9722.14,9527.69,9236.03,img/albero.png,,"geo:38.121271,13.354265"
AA085AA,ALB_0086,Via Pignatelli Aragona,35670,275,02/11/2025,Dott. Roberto Marceddu,021,Ficus microcarpa,Cercine,38.121256,13.354321,12,47,2,1,B,APL.026S,,,,,,,,,,,,,,,Potatura ars topiaria base 20-30m²,cad,€575.20,S.Francesco di Paola - Terrasanta,Politeama,VIII,26.55,19.27,Accordo Quadro - CUP D71G23000050001,86,sempreverde,13977.40,14262.66,13977.40,13549.52,img/albero.png,,"geo:38.121256,13.354321"
AA086AA,ALB_0087,Via Pignatelli Aragona,35670,275,02/11/2025,Dott. Roberto Marceddu,022,Ficus microcarpa,Cercine,38.121236,13.354382,12,65,2,1.5,B,APL.026S,,,,,,,,,,,,,,,Potatura ars topiaria base 20-30m²,cad,€575.20,S.Francesco di Paola - Terrasanta,Politeama,VIII,28.49,20.67,Accordo Quadro - CUP D71G23000050001,86,sempreverde,21305.25,21740.05,21305.25,20653.05,img/albero.png,,"geo:38.121236,13.354382"
AA087AA,ALB_0088,Via Pignatelli Aragona,35670,275,02/11/2025,Dott. Roberto Marceddu,023,Ficus microcarpa,Cercine,38.12121,13.354577,12,40,2,1.5,B,APL.026S,,,,,,,,,,,,,,,Potatura ars topiaria base 20-30m²,cad,€575.20,S.Francesco di Paola - Terrasanta,Politeama,VIII,25.8,18.72,Accordo Quadro - CUP D71G23000050001,84,sempreverde,11333.85,11565.15,11333.85,10986.89,img/albero.png,,"geo:38.12121,13.354577"
AA088AA,ALB_0089,Via Pignatelli Aragona,35670,275,02/11/2025,Dott. Roberto Marceddu,024,Ficus microcarpa,Cercine,38.121191,13.354653,12,49,2,1.5,B,APL.026S,,,,,,,,,,,,,,,Potatura ars topiaria base 20-30m²,cad,€575.20,S.Francesco di Paola - Terrasanta,Politeama,VIII,26.77,19.42,Accordo Quadro - CUP D71G23000050001,84,sempreverde,14755.51,15056.64,14755.51,14303.81,img/albero.png,,"geo:38.121191,13.354653"
AA089AA,ALB_0090,Via Pignatelli Aragona,35670,275,02/11/2025,Dott. Roberto Marceddu,025,Ficus microcarpa,Cercine,38.121175,13.354725,12,47,2,1.5,B,APL.026S,,,,,,,,,,,,,,,Potatura ars topiaria base 20-30m²,cad,€575.20,S.Francesco di Paola - Terrasanta,Politeama,VIII,26.55,19.27,Accordo Quadro - CUP D71G23000050001,82,sempreverde,13977.40,14262.66,13977.40,13549.52,img/albero.png,,"geo:38.121175,13.354725"
AA090AA,ALB_0091,Via Pignatelli Aragona,35670,275,02/11/2025,Dott. Roberto Marceddu,026,Ficus microcarpa,Cercine,38.121139,13.354858,12,50,2,2,C,APL.026S,,,,,,,,,,,,,,,Potatura ars topiaria base 20-30m²,cad,€575.20,S.Francesco di Paola - Terrasanta,Politeama,VIII,26.88,19.5,Accordo Quadro - CUP D71G23000050001,80,sempreverde,12474.97,12729.56,12474.97,12093.08,img/albero.png,,"geo:38.121139,13.354858"
AA091AA,ALB_0092,Via Pignatelli Aragona,35670,275,02/11/2025,Dott. Roberto Marceddu,027,Ficus microcarpa,Cercine,38.121126,13.354924,12,46,1.5,n/a,C/D,APL.026S,Ricontrollo post-intervento,,,,,,,,,,,,,,Potatura ars topiaria base 20-30m²,cad,€575.20,S.Francesco di Paola - Terrasanta,Politeama,VIII,26.45,19.19,Accordo Quadro - CUP D71G23000050001,76,sempreverde,4797.19,4895.09,4797.19,4650.34,img/albero.png,,"geo:38.121126,13.354924"
AA092AA,ALB_0093,Via Pignatelli Aragona,35670,275,02/11/2025,Dott. Roberto Marceddu,028,Ficus microcarpa,Cercine,38.121113,13.354998,12,65,1.5,1.5,B,APL.026S,,,,,,,,,,,,,,,Potatura ars topiaria base 20-30m²,cad,€575.20,S.Francesco di Paola - Terrasanta,Politeama,VIII,28.49,20.67,Accordo Quadro - CUP D71G23000050001,74,sempreverde,21305.25,21740.05,21305.25,20653.05,img/albero.png,,"geo:38.121113,13.354998"
AA093AA,ALB_0094,Via Pignatelli Aragona,35670,275,02/11/2025,Dott. Roberto Marceddu,029,Ficus microcarpa,Cercine,38.121097,13.355074,12,62,1.5,2,B,APL.026S,,,,,,,,,,,,,,,Potatura ars topiaria base 20-30m²,cad,€575.20,S.Francesco di Paola - Terrasanta,Politeama,VIII,28.17,20.44,Accordo Quadro - CUP D71G23000050001,70,sempreverde,20035.88,20444.78,20035.88,19422.54,img/albero.png,,"geo:38.121097,13.355074"
AA094AA,ALB_0095,Via Pignatelli Aragona,35670,275,02/11/2025,Dott. Roberto Marceddu,030,Ficus microcarpa,Cercine,38.121076,13.35516,12,68,1.5,1.5,B,APL.026S,,,,,,,,,,,,,,,Potatura ars topiaria base 20-30m²,cad,€575.20,S.Francesco di Paola - Terrasanta,Politeama,VIII,28.81,20.9,Accordo Quadro - CUP D71G23000050001,68,sempreverde,22592.32,23053.39,22592.32,21900.72,img/albero.png,,"geo:38.121076,13.35516"
AA095AA,ALB_0096,Via Pignatelli Aragona,35670,275,02/11/2025,Dott. Roberto Marceddu,031,Ficus microcarpa,Cercine,38.121057,13.355239,12,38,1.5,1.5,B,APL.026S,,,,,,,,,,,,,,,Potatura ars topiaria base 20-30m²,cad,€575.20,S.Francesco di Paola - Terrasanta,Politeama,VIII,25.59,18.56,Accordo Quadro - CUP D71G23000050001,66,sempreverde,10602.74,10819.12,10602.74,10278.16,img/albero.png,,"geo:38.121057,13.355239"
AA096AA,ALB_0097,Via Pignatelli Aragona,35670,275,02/11/2025,Dott. Roberto Marceddu,032,Ficus microcarpa,Cercine,38.121036,13.355317,12,58,2,1,D,APL.018S,,,SIC24_1.6.2,Rimozione ceppaie 0.5-1.5 m³,€228.15,,NP00.120643,Ficus microcarpa circ.12/14cm,€758.08,,,,,,Abbattimento chioma espansa h.12-16m,cad,€316.90,S.Francesco di Paola - Terrasanta,Politeama,VIII,27.74,20.12,Accordo Quadro - CUP D71G23000050001,64,sempreverde,10807.04,11027.59,10807.04,10476.21,img/albero.png,,"geo:38.121036,13.355317"
AA097AA,ALB_0098,Via Pignatelli Aragona,35670,275,02/11/2025,Dott. Roberto Marceddu,033,Ficus microcarpa,Cercine,38.121017,13.355394,12,38,1.5,2,D,APL.018S,,,SIC24_1.6.2,Rimozione ceppaie 0.5-1.5 m³,€228.15,,NP00.120643,Ficus microcarpa circ.12/14cm,€758.08,,,,,,Abbattimento chioma espansa h.12-16m,cad,€316.90,S.Francesco di Paola - Terrasanta,Politeama,VIII,25.59,18.56,Accordo Quadro - CUP D71G23000050001,62 A,sempreverde,6236.90,6364.19,6236.90,6045.98,img/albero.png,,"geo:38.121017,13.355394"
AA098AA,ALB_0099,Via Pignatelli Aragona,35670,275,02/11/2025,Dott. Roberto Marceddu,034,Ficus microcarpa,Cercine,38.121,13.355467,12,41,1.5,2,B,APL.026S,,,,,,,,,,,,,,,Potatura ars topiaria base 20-30m²,cad,€575.20,S.Francesco di Paola - Terrasanta,Politeama,VIII,25.91,18.8,Accordo Quadro - CUP D71G23000050001,60,sempreverde,11703.57,11942.42,11703.57,11345.30,img/albero.png,,"geo:38.121,13.355467"
AA099AA,ALB_0100,Via Pignatelli Aragona,35670,275,02/11/2025,Dott. Roberto Marceddu,035,Ficus microcarpa,Cercine,38.120984,13.355545,12,43,1.5,2,B,APL.026S,,,,,,,,,,,,,,,Potatura ars topiaria base 20-30m²,cad,€575.20,S.Francesco di Paola - Terrasanta,Politeama,VIII,26.12,18.95,Accordo Quadro - CUP D71G23000050001,58,sempreverde,12451.12,12705.22,12451.12,12069.96,img/albero.png,,"geo:38.120984,13.355545"
AB000AB,ALB_0101,Via Pignatelli Aragona,35670,275,02/11/2025,Dott. Roberto Marceddu,036,Ficus microcarpa,Cercine,38.120963,13.355635,12,52,1.5,2,B,APL.026S,,,,,,,,,,,,,,,Potatura ars topiaria base 20-30m²,cad,€575.20,S.Francesco di Paola - Terrasanta,Politeama,VIII,27.09,19.66,Accordo Quadro - CUP D71G23000050001,54,sempreverde,15940.56,16265.88,15940.56,15452.59,img/albero.png,,"geo:38.120963,13.355635"
AB001AB,ALB_0102,Via Pignatelli Aragona,35670,275,02/11/2025,Dott. Roberto Marceddu,037,Ficus microcarpa,Cercine,38.120945,13.355701,12,45,1.5,2,B,APL.026S,,,,,,,,,,,,,,,Potatura ars topiaria base 20-30m²,cad,€575.20,S.Francesco di Paola - Terrasanta,Politeama,VIII,26.34,19.11,Accordo Quadro - CUP D71G23000050001,50,sempreverde,13209.17,13478.75,13209.17,12804.81,img/albero.png,,"geo:38.120945,13.355701"
AB002AB,ALB_0103,Via Pignatelli Aragona,35670,275,02/11/2025,Dott. Roberto Marceddu,038,Ficus microcarpa,Cercine,38.120931,13.355774,12,55,1.5,2,B,APL.026S,,,,,,,,,,,,,,,Potatura ars topiaria base 20-30m²,cad,€575.20,S.Francesco di Paola - Terrasanta,Politeama,VIII,27.41,19.89,Accordo Quadro - CUP D71G23000050001,46,sempreverde,17146.31,17496.24,17146.31,16621.43,img/albero.png,,"geo:38.120931,13.355774"
AB003AB,ALB_0104,Via Pignatelli Aragona,35670,275,02/11/2025,Dott. Roberto Marceddu,039,Ficus microcarpa,Cercine,38.120915,13.35585,12,48,1.5,2,B,APL.026S,,,,,,,,,,,,,,,Potatura ars topiaria base 20-30m²,cad,€575.20,S.Francesco di Paola - Terrasanta,Politeama,VIII,26.66,19.34,Accordo Quadro - CUP D71G23000050001,42 A,sempreverde,14365.24,14658.41,14365.24,13925.49,img/albero.png,,"geo:38.120915,13.35585"
AB004AB,ALB_0105,Via Pignatelli Aragona,35670,275,02/11/2025,Dott. Roberto Marceddu,040,Ficus microcarpa,Cercine,38.120899,13.355916,12,36,1.5,2,B,APL.026S,,,,,,,,,,,,,,,Potatura ars topiaria base 20-30m²,cad,€575.20,S.Francesco di Paola - Terrasanta,Politeama,VIII,25.37,18.41,Accordo Quadro - CUP D71G23000050001,42,sempreverde,9883.09,10084.78,9883.09,9580.54,img/albero.png,,"geo:38.120899,13.355916"
AB005AB,ALB_0106,Via Pignatelli Aragona,35670,275,02/11/2025,Dott. Roberto Marceddu,041,Ficus microcarpa,Cercine,38.120888,13.355971,12,48,1.5,2,C,APL.026S,,,,,,,,,,,,,,,Potatura ars topiaria base 20-30m²,cad,€575.20,S.Francesco di Paola - Terrasanta,Politeama,VIII,26.66,19.34,Accordo Quadro - CUP D71G23000050001,38,sempreverde,11830.20,12071.63,11830.20,11468.05,img/albero.png,,"geo:38.120888,13.355971"
AB006AB,ALB_0107,Via Pignatelli Aragona,35670,275,02/11/2025,Dott. Roberto Marceddu,042,Ficus microcarpa,Cercine,38.120877,13.356029,12,52,1.5,2,C,APL.026S,,,,,,,,,,,,,,,Potatura ars topiaria base 20-30m²,cad,€575.20,S.Francesco di Paola - Terrasanta,Politeama,VIII,27.09,19.66,Accordo Quadro - CUP D71G23000050001,34,sempreverde,13127.52,13395.43,13127.52,12725.66,img/albero.png,,"geo:38.120877,13.356029"
AB007AB,ALB_0108,Via Pignatelli Aragona,35670,275,02/11/2025,Dott. Roberto Marceddu,043,Ficus microcarpa,Cercine,38.120863,13.356087,12,52,1.5,2.5,C,APL.026S,,,,,,,,,,,,,,,Potatura ars topiaria base 20-30m²,cad,€575.20,S.Francesco di Paola - Terrasanta,Politeama,VIII,27.09,19.66,Accordo Quadro - CUP D71G23000050001,30 A,sempreverde,13127.52,13395.43,13127.52,12725.66,img/albero.png,,"geo:38.120863,13.356087"
AB008AB,ALB_0109,Via Pignatelli Aragona,35670,275,02/11/2025,Dott. Roberto Marceddu,044,Ficus microcarpa,Cercine,38.120847,13.356151,12,78,1.5,n/a,B,APL.026S,Cercine esaurito a contatto col colletto; assente distanza di rispetto tra tronco e marciapiede,,,,,,,,,,,,,,Potatura ars topiaria base 20-30m²,cad,€575.20,S.Francesco di Paola - Terrasanta,Politeama,VIII,29.89,21.68,Accordo Quadro - CUP D71G23000050001,28 A,sempreverde,27003.64,27554.73,27003.64,26177.00,img/albero.png,,"geo:38.120847,13.356151"
AB009AB,ALB_0110,Via Pignatelli Aragona,35670,275,02/11/2025,Dott. Roberto Marceddu,045,Ficus microcarpa,Cercine,38.12079,13.35647,12,59,1.2,n/a,B,APL.026S,Cercine esaurito a contatto col colletto; assente distanza di rispetto tra tronco e marciapiede,,,,,,,,,,,,,,Potatura ars topiaria base 20-30m²,cad,€575.20,S.Francesco di Paola - Terrasanta,Politeama,VIII,27.84,20.2,Accordo Quadro - CUP D71G23000050001,4,sempreverde,18784.81,19168.18,18784.81,18209.77,img/albero.png,,"geo:38.12079,13.35647"
AB010AB,ALB_0111,Via Pignatelli Aragona,35670,275,02/11/2025,Dott. Roberto Marceddu,046,Ficus microcarpa,Cercine,38.120769,13.356597,12,65,1,n/a,B,APL.026S,Cercine esaurito a contatto col colletto; assente distanza di rispetto tra tronco e marciapiede,,,,,,,,,,,,,,Potatura ars topiaria base 20-30m²,cad,€575.20,S.Francesco di Paola - Terrasanta,Politeama,VIII,28.49,20.67,Accordo Quadro - CUP D71G23000050001,2,sempreverde,21305.25,21740.05,21305.25,20653.05,img/albero.png,,"geo:38.120769,13.356597"
AB011AB,ALB_0112,Via Pignatelli Aragona,35670,275,02/11/2025,Dott. Roberto Marceddu,047,Ficus microcarpa,Cercine,38.120753,13.356683,12,65,1,n/a,B,APL.026S,Cercine esaurito a contatto col colletto; assente distanza di rispetto tra tronco e marciapiede,,,,,,,,,,,,,,Potatura ars topiaria base 20-30m²,cad,€575.20,S.Francesco di Paola - Terrasanta,Politeama,VIII,28.49,20.67,Accordo Quadro - CUP D71G23000050001,2,sempreverde,21305.25,21740.05,21305.25,20653.05,img/albero.png,,"geo:38.120753,13.356683"
AB012AB,ALB_0113,Via Pignatelli Aragona,35670,275,02/11/2025,Dott. Roberto Marceddu,048,Ficus microcarpa,Cercine,38.120713,13.356793,12,103,1,n/a,B,APL.026S,Cercine esaurito a contatto col colletto; assente distanza di rispetto tra tronco e marciapiede,,,,,,,,,,,,,,Potatura ars topiaria base 20-30m²,cad,€575.20,S.Francesco di Paola - Terrasanta,Politeama,VIII,32.57,23.63,Accordo Quadro - CUP D71G23000050001,1,sempreverde,38760.35,39551.38,38760.35,37573.81,img/albero.png,,"geo:38.120713,13.356793"
AB013AB,ALB_0114,Via Scoto Michele,47450,357,12/12/1025,Dott. Roberto Marceddu,001,Ficus microcarpa,Aiuola pedonale,38.115358,13.333469,12,69,3.6,2.2,B,APL.026S,,,,,,,,,,,,,,,Potatura ars topiaria base 20-30m²,cad,€575.20,Zisa - 4 Camere,Zisa,V,28.92,20.98,Accordo Quadro - CUP D71G23000050001,41,sempreverde,23025.18,23495.09,23025.18,22320.33,img/albero.png,,"geo:38.115358,13.333469"
AB014AB,ALB_0115,Via Scoto Michele,47450,357,12/12/1025,Dott. Roberto Marceddu,002,Ficus microcarpa,Aiuola pedonale,38.115298,13.333492,12,64,3.6,2.2,B,APL.026S,,,,,,,,,,,,,,,Potatura ars topiaria base 20-30m²,cad,€575.20,Zisa - 4 Camere,Zisa,V,28.38,20.59,Accordo Quadro - CUP D71G23000050001,37,sempreverde,20880.13,21306.26,20880.13,20240.95,img/albero.png,,"geo:38.115298,13.333492"
AB015AB,ALB_0116,Via Scoto Michele,47450,357,12/12/1025,Dott. Roberto Marceddu,003,Ficus microcarpa,Aiuola pedonale,38.115238,13.333504,12,62,3.6,2.2,B,APL.026S,,,,,,,,,,,,,,,Potatura ars topiaria base 20-30m²,cad,€575.20,Zisa - 4 Camere,Zisa,V,28.17,20.44,Accordo Quadro - CUP D71G23000050001,33,sempreverde,20035.88,20444.78,20035.88,19422.54,img/albero.png,,"geo:38.115238,13.333504"
AB016AB,ALB_0117,Via Scoto Michele,47450,357,12/12/1025,Dott. Roberto Marceddu,004,Ficus microcarpa,Aiuola pedonale,38.115183,13.333520,12,58,3.6,2.2,B,APL.026S,,,,,,,,,,,,,,,Potatura ars topiaria base 20-30m²,cad,€575.20,Zisa - 4 Camere,Zisa,V,27.74,20.12,Accordo Quadro - CUP D71G23000050001,27,sempreverde,18371.97,18746.91,18371.97,17809.56,img/albero.png,,"geo:38.115183,13.33352"
AB017AB,ALB_0118,Via Scoto Michele,47450,357,12/12/1025,Dott. Roberto Marceddu,005,Ficus microcarpa,Aiuola pedonale,38.115132,13.333533,12,62,3.6,2.2,B,APL.026S,,,,,,,,,,,,,,,Potatura ars topiaria base 20-30m²,cad,€575.20,Zisa - 4 Camere,Zisa,V,28.17,20.44,Accordo Quadro - CUP D71G23000050001,23,sempreverde,20035.88,20444.78,20035.88,19422.54,img/albero.png,,"geo:38.115132,13.333533"
AB018AB,ALB_0119,Via Scoto Michele,47450,357,12/12/1025,Dott. Roberto Marceddu,006,Ficus microcarpa,Aiuola pedonale,38.115078,13.333549,12,65,3.6,2.2,B,APL.026S,,,,,,,,,,,,,,,Potatura ars topiaria base 20-30m²,cad,€575.20,Zisa - 4 Camere,Zisa,V,28.49,20.67,Accordo Quadro - CUP D71G23000050001,21 B,sempreverde,21305.25,21740.05,21305.25,20653.05,img/albero.png,,"geo:38.115078,13.333549"
AB019AB,ALB_0120,Via Scoto Michele,47450,357,12/12/1025,Dott. Roberto Marceddu,007,Ficus microcarpa,Aiuola pedonale,38.115027,13.333567,12,58,3.6,2.2,B,APL.026S,,,,,,,,,,,,,,,Potatura ars topiaria base 20-30m²,cad,€575.20,Zisa - 4 Camere,Zisa,V,27.74,20.12,Accordo Quadro - CUP D71G23000050001,21 B,sempreverde,18371.97,18746.91,18371.97,17809.56,img/albero.png,,"geo:38.115027,13.333567"
AB020AB,ALB_0121,Via Scoto Michele,47450,357,12/12/1025,Dott. Roberto Marceddu,008,Ficus microcarpa,Aiuola pedonale,38.114974,13.333581,12,72,3.6,2.2,B,APL.026S,,,,,,,,,,,,,,,Potatura ars topiaria base 20-30m²,cad,€575.20,Zisa - 4 Camere,Zisa,V,29.24,21.22,Accordo Quadro - CUP D71G23000050001,21,sempreverde,24335.01,24831.64,24335.01,23590.06,img/albero.png,,"geo:38.114974,13.333581"
AB021AB,ALB_0122,Via Scoto Michele,47450,357,12/12/1025,Dott. Roberto Marceddu,009,Ficus microcarpa,Aiuola pedonale,38.114925,13.333602,12,65,3.6,2.2,B,APL.026S,,,,,,,,,,,,,,,Potatura ars topiaria base 20-30m²,cad,€575.20,Zisa - 4 Camere,Zisa,V,28.49,20.67,Accordo Quadro - CUP D71G23000050001,17,sempreverde,21305.25,21740.05,21305.25,20653.05,img/albero.png,,"geo:38.114925,13.333602"
AB022AB,ALB_0123,Via Scoto Michele,47450,357,12/12/1025,Dott. Roberto Marceddu,010,Ficus microcarpa,Aiuola pedonale,38.114869,13.333619,12,70,3.6,2.2,B,APL.026S,,,,,,,,,,,,,,,Potatura ars topiaria base 20-30m²,cad,€575.20,Zisa - 4 Camere,Zisa,V,29.03,21.06,Accordo Quadro - CUP D71G23000050001,13,sempreverde,23459.93,23938.71,23459.93,22741.77,img/albero.png,,"geo:38.114869,13.333619"
AB023AB,ALB_0124,Via Scoto Michele,47450,357,12/12/1025,Dott. Roberto Marceddu,011,Ficus microcarpa,Aiuola pedonale,38.114769,13.333638,12,49,3.6,2.2,B,APL.026S,,,,,,,,,,,,,,,Potatura ars topiaria base 20-30m²,cad,€575.20,Zisa - 4 Camere,Zisa,V,26.77,19.42,Accordo Quadro - CUP D71G23000050001,9,sempreverde,14755.51,15056.64,14755.51,14303.81,img/albero.png,,"geo:38.114769,13.333638"
AB024AB,ALB_0125,Via Scoto Michele,47450,357,12/12/1025,Dott. Roberto Marceddu,012,Ficus microcarpa,Aiuola pedonale,38.114717,13.333647,12,45,3.6,2.2,B,APL.026S,,,,,,,,,,,,,,,Potatura ars topiaria base 20-30m²,cad,€575.20,Zisa - 4 Camere,Zisa,V,26.34,19.11,Accordo Quadro - CUP D71G23000050001,7,sempreverde,13209.17,13478.75,13209.17,12804.81,img/albero.png,,"geo:38.114717,13.333647"
AB025AB,ALB_0126,Via Scoto Michele,47450,357,12/12/1025,Dott. Roberto Marceddu,013,Ficus microcarpa,Aiuola pedonale,38.114653,13.333664,12,51,3.6,2.2,B,APL.026S,,,,,,,,,,,,,,,Potatura ars topiaria base 20-30m²,cad,€575.20,Zisa - 4 Camere,Zisa,V,26.98,19.58,Accordo Quadro - CUP D71G23000050001,2,sempreverde,15543.20,15860.41,15543.20,15067.39,img/albero.png,,"geo:38.114653,13.333664"
AB026AB,ALB_0127,Via Scoto Michele,47450,357,12/12/1025,Dott. Roberto Marceddu,014,Ficus microcarpa,Aiuola pedonale,38.114583,13.333685,12,54,3.6,2.2,B,APL.026S,,,,,,,,,,,,,,,Potatura ars topiaria base 20-30m²,cad,€575.20,Zisa - 4 Camere,Zisa,V,27.31,19.81,Accordo Quadro - CUP D71G23000050001,6,sempreverde,16742.15,17083.82,16742.15,16229.63,img/albero.png,,"geo:38.114583,13.333685"
AB027AB,ALB_0128,Via Scoto Michele,47450,357,12/12/1025,Dott. Roberto Marceddu,015,Ficus microcarpa,Aiuola pedonale,38.114516,13.333710,12,45,3.6,2.2,B,APL.026S,,,,,,,,,,,,,,,Potatura ars topiaria base 20-30m²,cad,€575.20,Zisa - 4 Camere,Zisa,V,26.34,19.11,Accordo Quadro - CUP D71G23000050001,6,sempreverde,13209.17,13478.75,13209.17,12804.81,img/albero.png,,"geo:38.114516,13.33371"
AB028AB,ALB_0129,Via Scoto Michele,47450,357,12/12/1025,Dott. Roberto Marceddu,016,Ficus microcarpa,Aiuola pedonale,38.114438,13.333740,12,56,3.6,2.2,B,APL.026S,,,,,,,,,,,,,,,Potatura ars topiaria base 20-30m²,cad,€575.20,Zisa - 4 Camere,Zisa,V,27.52,19.97,Accordo Quadro - CUP D71G23000050001,6,sempreverde,17552.69,17910.91,17552.69,17015.36,img/albero.png,,"geo:38.114438,13.33374"
AB029AB,ALB_0130,Via Scoto Michele,47450,357,12/12/1025,Dott. Roberto Marceddu,017,Ficus microcarpa,Aiuola pedonale,38.114371,13.333755,12,58,3.6,2.2,B,APL.026S,,,,,,,,,,,,,,,Potatura ars topiaria base 20-30m²,cad,€575.20,Zisa - 4 Camere,Zisa,V,27.74,20.12,Accordo Quadro - CUP D71G23000050001,6,sempreverde,18371.97,18746.91,18371.97,17809.56,img/albero.png,,"geo:38.114371,13.333755"
AB030AB,ALB_0131,Via Scoto Michele,47450,357,12/12/1025,Dott. Roberto Marceddu,018,Ficus microcarpa,Aiuola pedonale,38.114287,13.333779,12,42,3.6,2.2,B,APL.026S,,,,,,,,,,,,,,,Potatura ars topiaria base 20-30m²,cad,€575.20,Zisa - 4 Camere,Zisa,V,26.02,18.88,Accordo Quadro - CUP D71G23000050001,5,sempreverde,12076.01,12322.46,12076.01,11706.33,img/albero.png,,"geo:38.11428698,13.33377872"
AB031AB,ALB_0132,Via Scoto Michele,47450,357,12/12/1025,Dott. Roberto Marceddu,019,Ficus microcarpa,Aiuola pedonale,38.114215,13.333803,12,42,3.6,2.2,B,APL.026S,,,,,,,,,,,,,,,Potatura ars topiaria base 20-30m²,cad,€575.20,Zisa - 4 Camere,Zisa,V,26.02,18.88,Accordo Quadro - CUP D71G23000050001,5,sempreverde,12076.01,12322.46,12076.01,11706.33,img/albero.png,,"geo:38.11421499,13.33380318"
AB032AB,ALB_0133,Via Scoto Michele,47450,357,12/12/1025,Dott. Roberto Marceddu,020,Ficus microcarpa,Aiuola pedonale,38.114150,13.333814,12,45,3.6,2.2,B,APL.026S,,,,,,,,,,,,,,,Potatura ars topiaria base 20-30m²,cad,€575.20,Zisa - 4 Camere,Zisa,V,26.34,19.11,Accordo Quadro - CUP D71G23000050001,3,sempreverde,13209.17,13478.75,13209.17,12804.81,img/albero.png,,"geo:38.11415,13.333814"
AB033AB,ALB_0134,Via Scoto Michele,47450,357,12/12/1025,Dott. Roberto Marceddu,021,Ficus microcarpa,Aiuola pedonale,38.114044,13.333850,12,47,3.6,2.2,D,APL.018S,Abbattimento e smaltimento a corpo,,SIC24_1.6.2,Rimozione ceppaie 0.5-1.5 m³,€228.15,,NP00.120643,Ficus microcarpa circ.12/14cm,,,,,,,Abbattimento chioma espansa h.12-16m,cad,€316.90,Zisa - 4 Camere,Zisa,V,26.55,19.27,Accordo Quadro - CUP D71G23000050001,3,sempreverde,8222.00,8389.80,8222.00,7970.31,img/albero.png,,"geo:38.114044,13.33385"
AB034AB,ALB_0135,Via Scoto Michele,47450,357,12/12/1025,Dott. Roberto Marceddu,022,Ficus microcarpa,Aiuola pedonale,38.114000,13.333857,12,58,3.6,2.2,C,APL.026S,,,,,,,,,,,,,,,Potatura ars topiaria base 20-30m²,cad,€575.20,Zisa - 4 Camere,Zisa,V,27.74,20.12,Accordo Quadro - CUP D71G23000050001,3,sempreverde,15129.86,15438.63,15129.86,14666.70,img/albero.png,,"geo:38.114,13.333857"
AB035AB,ALB_0136,Via Scoto Michele,47450,357,12/12/1025,Dott. Roberto Marceddu,023,Ficus microcarpa,Aiuola pedonale,38.113948,13.333873,12,58,3.6,2.2,B,APL.026S,,,,,,,,,,,,,,,Potatura ars topiaria base 20-30m²,cad,€575.20,Zisa - 4 Camere,Zisa,V,27.74,20.12,Accordo Quadro - CUP D71G23000050001,3,sempreverde,18371.97,18746.91,18371.97,17809.56,img/albero.png,,"geo:38.113948,13.333873"
AB036AB,ALB_0137,Via Scoto Michele,47450,357,12/12/1025,Dott. Roberto Marceddu,024,Ficus microcarpa,Aiuola pedonale,38.113886,13.333891,12,50,3.6,2.2,B,APL.026S,,,,,,,,,,,,,,,Potatura ars topiaria base 20-30m²,cad,€575.20,Zisa - 4 Camere,Zisa,V,26.88,19.5,Accordo Quadro - CUP D71G23000050001,2 C,sempreverde,15148.17,15457.32,15148.17,14684.45,img/albero.png,,"geo:38.113886,13.333891"
AB037AB,ALB_0138,Via Scoto Michele,47450,357,12/12/1025,Dott. Roberto Marceddu,025,Ficus microcarpa,Aiuola pedonale,38.113829,13.333908,12,61,3.6,2.2,B,APL.026S,,,,,,,,,,,,,,,Potatura ars topiaria base 20-30m²,cad,€575.20,Zisa - 4 Camere,Zisa,V,28.06,20.36,Accordo Quadro - CUP D71G23000050001,2 E,sempreverde,19616.80,20017.14,19616.80,19016.28,img/albero.png,,"geo:38.113829,13.333908"
AB038AB,ALB_0139,Via Scoto Michele,47450,357,12/12/1025,Dott. Roberto Marceddu,026,Ficus microcarpa,Aiuola pedonale,38.113772,13.333924,12,43,3.6,2.2,B,APL.026S,,,,,,,,,,,,,,,Potatura ars topiaria base 20-30m²,cad,€575.20,Zisa - 4 Camere,Zisa,V,26.12,18.95,Accordo Quadro - CUP D71G23000050001,4,sempreverde,12451.12,12705.22,12451.12,12069.96,img/albero.png,,"geo:38.113772,13.333924"
AB039AB,ALB_0140,Via Scoto Michele,47450,357,12/12/1025,Dott. Roberto Marceddu,027,Ficus microcarpa,Aiuola pedonale,38.113713,13.333944,12,45,3.6,2.2,B,APL.026S,,,,,,,,,,,,,,,Potatura ars topiaria base 20-30m²,cad,€575.20,Zisa - 4 Camere,Zisa,V,26.34,19.11,Accordo Quadro - CUP D71G23000050001,4 B,sempreverde,13209.17,13478.75,13209.17,12804.81,img/albero.png,,"geo:38.113713,13.333944"
AB040AB,ALB_0141,Via Scoto Michele,47450,357,12/12/1025,Dott. Roberto Marceddu,028,Ficus microcarpa,Aiuola pedonale,38.113653,13.333955,12,43,3.6,2.2,B,APL.026S,,,,,,,,,,,,,,,Potatura ars topiaria base 20-30m²,cad,€575.20,Zisa - 4 Camere,Zisa,V,26.12,18.95,Accordo Quadro - CUP D71G23000050001,4 D,sempreverde,12451.12,12705.22,12451.12,12069.96,img/albero.png,,"geo:38.113653,13.333955"
AB041AB,ALB_0142,Viale Dei Picciotti - A,35410,979,13/12/1025,Dott. Roberto Marceddu,001,Ficus microcarpa,Cercine,38.108079,13.377366,12,42,0.5,0.2,B,APL.026S,,,,,,,,,,,,,,,Potatura ars topiaria base 20-30m²,cad,€575.20,Settecannoli,Settecannoli,II,26.02,18.88,Accordo Quadro - CUP D71G23000050001,39,sempreverde,12076.01,12322.46,12076.01,11706.33,img/albero.png,,"geo:38.108079,13.377366"
AB042AB,ALB_0143,Viale Dei Picciotti - A,35410,979,13/12/1025,Dott. Roberto Marceddu,002,Ficus microcarpa,Cercine,38.108045,13.377424,12,45,0.5,0.2,B,APL.026S,,,,,,,,,,,,,,,Potatura ars topiaria base 20-30m²,cad,€575.20,Settecannoli,Settecannoli,II,26.34,19.11,Accordo Quadro - CUP D71G23000050001,39,sempreverde,13209.17,13478.75,13209.17,12804.81,img/albero.png,,"geo:38.108045,13.377424"
AB043AB,ALB_0144,Viale Dei Picciotti - A,35410,979,13/12/1025,Dott. Roberto Marceddu,003,Ficus microcarpa,Cercine,38.108017,13.377473,12,47,0.5,0.2,C,APL.026S,,,,,,,,,,,,,,,Potatura ars topiaria base 20-30m²,cad,€575.20,Settecannoli,Settecannoli,II,26.55,19.27,Accordo Quadro - CUP D71G23000050001,3,sempreverde,11510.80,11745.72,11510.80,11158.43,img/albero.png,,"geo:38.108017,13.377473"
AB044AB,ALB_0145,Viale Dei Picciotti - A,35410,979,13/12/1025,Dott. Roberto Marceddu,004,Ficus microcarpa,Cercine,38.107989,13.377526,12,53,0.5,0.2,B,APL.026S,,,,,,,,,,,,,,,Potatura ars topiaria base 20-30m²,cad,€575.20,Settecannoli,Settecannoli,II,27.2,19.73,Accordo Quadro - CUP D71G23000050001,4 E,sempreverde,16340.22,16673.69,16340.22,15840.01,img/albero.png,,"geo:38.107989,13.377526"
AB045AB,ALB_0146,Viale Dei Picciotti - A,35410,979,13/12/1025,Dott. Roberto Marceddu,005,Ficus microcarpa,Cercine,38.107952,13.377593,12,50,0.5,0.2,B,APL.026S,,,,,,,,,,,,,,,Potatura ars topiaria base 20-30m²,cad,€575.20,Settecannoli,Settecannoli,II,26.88,19.5,Accordo Quadro - CUP D71G23000050001,4 E,sempreverde,15148.17,15457.32,15148.17,14684.45,img/albero.png,,"geo:38.107952,13.377593"
AB046AB,ALB_0147,Viale Dei Picciotti - A,35410,979,13/12/1025,Dott. Roberto Marceddu,006,Ficus microcarpa,Cercine,38.107925,13.377651,12,56,0.5,0.2,B,APL.026S,,,,,,,,,,,,,,,Potatura ars topiaria base 20-30m²,cad,€575.20,Settecannoli,Settecannoli,II,27.52,19.97,Accordo Quadro - CUP D71G23000050001,4 E,sempreverde,17552.69,17910.91,17552.69,17015.36,img/albero.png,,"geo:38.107925,13.377651"
AB047AB,ALB_0148,Viale Dei Picciotti - A,35410,979,13/12/1025,Dott. Roberto Marceddu,007,Ficus microcarpa,Cercine,38.108017,13.377204,12,52,0.5,0.2,C,APL.026S,,,,,,,,,,,,,,,Potatura ars topiaria base 20-30m²,cad,€575.20,Settecannoli,Settecannoli,II,27.09,19.66,Accordo Quadro - CUP D71G23000050001,4 F,sempreverde,13127.52,13395.43,13127.52,12725.66,img/albero.png,,"geo:38.108017,13.377204"
AB048AB,ALB_0149,Viale Dei Picciotti - A,35410,979,13/12/1025,Dott. Roberto Marceddu,008,Ficus microcarpa,Cercine,38.107978,13.377268,12,48,0.5,0.2,C,APL.026S,,,,,,,,,,,,,,,Potatura ars topiaria base 20-30m²,cad,€575.20,Settecannoli,Settecannoli,II,26.66,19.34,Accordo Quadro - CUP D71G23000050001,5,sempreverde,11830.20,12071.63,11830.20,11468.05,img/albero.png,,"geo:38.107978,13.377268"
AB049AB,ALB_0150,Viale Dei Picciotti - A,35410,979,13/12/1025,Dott. Roberto Marceddu,009,Ficus microcarpa,Cercine,38.107943,13.377329,12,60,0.5,0.2,B,APL.026S,,,,,,,,,,,,,,,Potatura ars topiaria base 20-30m²,cad,€575.20,Settecannoli,Settecannoli,II,27.95,20.28,Accordo Quadro - CUP D71G23000050001,5,sempreverde,19199.77,19591.60,19199.77,18612.02,img/albero.png,,"geo:38.107943,13.377329"
AB050AB,ALB_0151,Viale Dei Picciotti - A,35410,979,13/12/1025,Dott. Roberto Marceddu,010,Ficus microcarpa,Cercine,38.107908,13.377397,12,58,0.5,0.2,B,APL.026S,,,,,,,,,,,,,,,Potatura ars topiaria base 20-30m²,cad,€575.20,Settecannoli,Settecannoli,II,27.74,20.12,Accordo Quadro - CUP D71G23000050001,6,sempreverde,18371.97,18746.91,18371.97,17809.56,img/albero.png,,"geo:38.107908,13.377397"
AB051AB,ALB_0152,Viale Dei Picciotti - A,35410,979,13/12/1025,Dott. Roberto Marceddu,011,Ficus microcarpa,Cercine,38.107874,13.377464,12,63,0.5,0.2,B,APL.026S,,,,,,,,,,,,,,,Potatura ars topiaria base 20-30m²,cad,€575.20,Settecannoli,Settecannoli,II,28.27,20.51,Accordo Quadro - CUP D71G23000050001,6,sempreverde,20457.00,20874.49,20457.00,19830.77,img/albero.png,,"geo:38.107874,13.377464"
AB052AB,ALB_0153,Viale Dei Picciotti - A,35410,979,13/12/1025,Dott. Roberto Marceddu,012,Ficus microcarpa,Cercine,38.107815,13.377567,12,71,0.5,0.2,C,APL.026S,,,,,,,,,,,,,,,Potatura ars topiaria base 20-30m²,cad,€575.20,Settecannoli,Settecannoli,II,29.13,21.14,Accordo Quadro - CUP D71G23000050001,6,sempreverde,19679.51,20081.13,19679.51,19077.08,img/albero.png,,"geo:38.107815,13.377567"
AB053AB,ALB_0154,Viale Dei Picciotti - A,35410,979,13/12/1025,Dott. Roberto Marceddu,013,Ficus microcarpa,Cercine,38.107676,13.377804,12,66,0.5,0.2,B,APL.026S,,,,,,,,,,,,,,,Potatura ars topiaria base 20-30m²,cad,€575.20,Settecannoli,Settecannoli,II,28.6,20.75,Accordo Quadro - CUP D71G23000050001,6,sempreverde,21732.34,22175.85,21732.34,21067.06,img/albero.png,,"geo:38.107676,13.377804"
AB054AB,ALB_0155,Viale Dei Picciotti - A,35410,979,13/12/1025,Dott. Roberto Marceddu,014,Ficus microcarpa,Cercine,38.107581,13.377974,12,60,0.5,0.2,B,APL.026S,,,,,,,,,,,,,,,Potatura ars topiaria base 20-30m²,cad,€575.20,Settecannoli,Settecannoli,II,27.95,20.28,Accordo Quadro - CUP D71G23000050001,2,sempreverde,19199.77,19591.60,19199.77,18612.02,img/albero.png,,"geo:38.107581,13.377974"
AB055AB,ALB_0156,Viale Dei Picciotti - A,35410,979,13/12/1025,Dott. Roberto Marceddu,015,Ficus microcarpa,Cercine,38.107514,13.378090,12,39,0.5,0.2,B,APL.026S,,,,,,,,,,,,,,,Potatura ars topiaria base 20-30m²,cad,€575.20,Settecannoli,Settecannoli,II,25.69,18.64,Accordo Quadro - CUP D71G23000050001,8,sempreverde,10966.88,11190.70,10966.88,10631.16,img/albero.png,,"geo:38.107514,13.37809"
AB056AB,ALB_0157,Viale Dei Picciotti - A,35410,979,13/12/1025,Dott. Roberto Marceddu,016,Ficus microcarpa,Cercine,38.107456,13.378197,12,41,0.5,0.2,B,APL.026S,,,,,,,,,,,,,,,Potatura ars topiaria base 20-30m²,cad,€575.20,Settecannoli,Settecannoli,II,25.91,18.8,Accordo Quadro - CUP D71G23000050001,8,sempreverde,11703.57,11942.42,11703.57,11345.30,img/albero.png,,"geo:38.107456,13.378197"
AB057AB,ALB_0158,Viale Dei Picciotti - A,35410,979,13/12/1025,Dott. Roberto Marceddu,017,Ficus microcarpa,Cercine,38.107408,13.378295,12,44,0.5,0.2,B,APL.026S,,,,,,,,,,,,,,,Potatura ars topiaria base 20-30m²,cad,€575.20,Settecannoli,Settecannoli,II,26.23,19.03,Accordo Quadro - CUP D71G23000050001,13,sempreverde,12828.85,13090.66,12828.85,12436.13,img/albero.png,,"geo:38.107408,13.378295"
AB058AB,ALB_0159,Viale Dei Picciotti - A,35410,979,13/12/1025,Dott. Roberto Marceddu,018,Ficus microcarpa,Cercine,38.107350,13.378372,12,37,0.5,0.2,B,APL.026S,,,,,,,,,,,,,,,Potatura ars topiaria base 20-30m²,cad,€575.20,Settecannoli,Settecannoli,II,25.48,18.49,Accordo Quadro - CUP D71G23000050001,10,sempreverde,10241.45,10450.46,10241.45,9927.94,img/albero.png,,"geo:38.10735,13.378372"
AB059AB,ALB_0160,Viale Dei Picciotti - A,35410,979,13/12/1025,Dott. Roberto Marceddu,019,Ficus microcarpa,Cercine,38.107248,13.378560,12,38,0.5,0.2,B,APL.026S,,,,,,,,,,,,,,,Potatura ars topiaria base 20-30m²,cad,€575.20,Settecannoli,Settecannoli,II,25.59,18.56,Accordo Quadro - CUP D71G23000050001,18,sempreverde,10602.74,10819.12,10602.74,10278.16,img/albero.png,,"geo:38.107248,13.37856"
AB060AB,ALB_0161,Viale Dei Picciotti - A,35410,979,13/12/1025,Dott. Roberto Marceddu,020,Ficus microcarpa,Cercine,38.107195,13.378647,12,47,0.5,0.2,B,APL.026S,,,,,,,,,,,,,,,Potatura ars topiaria base 20-30m²,cad,€575.20,Settecannoli,Settecannoli,II,26.55,19.27,Accordo Quadro - CUP D71G23000050001,20,sempreverde,13977.40,14262.66,13977.40,13549.52,img/albero.png,,"geo:38.107195,13.378647"
AB061AB,ALB_0162,Viale Dei Picciotti - A,35410,979,13/12/1025,Dott. Roberto Marceddu,021,Ficus microcarpa,Cercine,38.106184,13.380685,12,35,0.5,0.2,B,APL.026S,,,,,,,,,,,,,,,Potatura ars topiaria base 20-30m²,cad,€575.20,Settecannoli,Settecannoli,II,25.26,18.33,Accordo Quadro - CUP D71G23000050001,22,sempreverde,9527.69,9722.14,9527.69,9236.03,img/albero.png,,"geo:38.106184,13.380685"
AB062AB,ALB_0163,Viale Dei Picciotti - A,35410,979,13/12/1025,Dott. Roberto Marceddu,022,Ficus microcarpa,Cercine,38.106130,13.380783,12,47,0.5,0.2,B,APL.026S,,,,,,,,,,,,,,,Potatura ars topiaria base 20-30m²,cad,€575.20,Settecannoli,Settecannoli,II,26.55,19.27,Accordo Quadro - CUP D71G23000050001,37,sempreverde,13977.40,14262.66,13977.40,13549.52,img/albero.png,,"geo:38.10613,13.380783"
AB063AB,ALB_0164,Viale Dei Picciotti - A,35410,979,13/12/1025,Dott. Roberto Marceddu,023,Ficus microcarpa,Cercine,38.106088,13.380857,12,36,0.5,0.2,C/D,APL.026S,Ricontrollo post-intervento,,,,,,,,,,,,,,Potatura ars topiaria base 20-30m²,cad,€575.20,Settecannoli,Settecannoli,II,25.37,18.41,Accordo Quadro - CUP D71G23000050001,39,sempreverde,3488.15,3559.33,3488.15,3381.37,img/albero.png,,"geo:38.106088,13.380857"
AB064AB,ALB_0165,Viale Dei Picciotti - A,35410,979,13/12/1025,Dott. Roberto Marceddu,024,Ficus microcarpa,Cercine,38.106041,13.380931,12,40,0.5,0.2,C/D,APL.026S,Ricontrollo post-intervento,,,,,,,,,,,,,,Potatura ars topiaria base 20-30m²,cad,€575.20,Settecannoli,Settecannoli,II,25.8,18.72,Accordo Quadro - CUP D71G23000050001,41,sempreverde,4000.18,4081.82,4000.18,3877.73,img/albero.png,,"geo:38.106041,13.380931"
AB065AB,ALB_0166,Viale Dei Picciotti - A,35410,979,13/12/1025,Dott. Roberto Marceddu,025,Ficus microcarpa,Cercine,38.105990,13.381021,12,47,0.5,0.2,C,APL.026S,,,,,,,,,,,,,,,Potatura ars topiaria base 20-30m²,cad,€575.20,Settecannoli,Settecannoli,II,26.55,19.27,Accordo Quadro - CUP D71G23000050001,51,sempreverde,11510.80,11745.72,11510.80,11158.43,img/albero.png,,"geo:38.10599,13.381021"
AB066AB,ALB_0167,Viale Dei Picciotti - A,35410,979,13/12/1025,Dott. Roberto Marceddu,026,Ficus microcarpa,Cercine,38.105942,13.381111,12,38,0.5,0.2,B,APL.026S,,,,,,,,,,,,,,,Potatura ars topiaria base 20-30m²,cad,€575.20,Settecannoli,Settecannoli,II,25.59,18.56,Accordo Quadro - CUP D71G23000050001,51,sempreverde,10602.74,10819.12,10602.74,10278.16,img/albero.png,,"geo:38.105942,13.381111"
AB067AB,ALB_0168,Viale Dei Picciotti - A,35410,979,13/12/1025,Dott. Roberto Marceddu,027,Ficus microcarpa,Cercine,38.105805,13.381342,12,42,0.5,0.2,B,APL.026S,,,,,,,,,,,,,,,Potatura ars topiaria base 20-30m²,cad,€575.20,Settecannoli,Settecannoli,II,26.02,18.88,Accordo Quadro - CUP D71G23000050001,1,sempreverde,12076.01,12322.46,12076.01,11706.33,img/albero.png,,"geo:38.105805,13.381342"
AB068AB,ALB_0169,Viale Dei Picciotti - A,35410,979,13/12/1025,Dott. Roberto Marceddu,028,Ficus microcarpa,Cercine,38.105757,13.381426,12,45,0.5,0.2,B,APL.026S,,,,,,,,,,,,,,,Potatura ars topiaria base 20-30m²,cad,€575.20,Settecannoli,Settecannoli,II,26.34,19.11,Accordo Quadro - CUP D71G23000050001,1,sempreverde,13209.17,13478.75,13209.17,12804.81,img/albero.png,,"geo:38.105757,13.381426"
AB069AB,ALB_0170,Viale Dei Picciotti - A,35410,979,13/12/1025,Dott. Roberto Marceddu,029,Ficus microcarpa,Cercine,38.105662,13.381579,12,35,0.5,0.2,B,APL.026S,,,,,,,,,,,,,,,Potatura ars topiaria base 20-30m²,cad,€575.20,Settecannoli,Settecannoli,II,25.26,18.33,Accordo Quadro - CUP D71G23000050001,1,sempreverde,9527.69,9722.14,9527.69,9236.03,img/albero.png,,"geo:38.105662,13.381579"
AB070AB,ALB_0171,Viale Dei Picciotti - A,35410,979,13/12/1025,Dott. Roberto Marceddu,030,Ficus microcarpa,Cercine,38.105621,13.381654,12,48,0.5,0.2,B,APL.026S,,,,,,,,,,,,,,,Potatura ars topiaria base 20-30m²,cad,€575.20,Settecannoli,Settecannoli,II,26.66,19.34,Accordo Quadro - CUP D71G23000050001,1,sempreverde,14365.24,14658.41,14365.24,13925.49,img/albero.png,,"geo:38.105621,13.381654"
AB071AB,ALB_0172,Viale Dei Picciotti - A,35410,979,13/12/1025,Dott. Roberto Marceddu,031,Ficus microcarpa,Cercine,38.105581,13.381724,12,39,0.5,0.2,B,APL.026S,,,,,,,,,,,,,,,Potatura ars topiaria base 20-30m²,cad,€575.20,Settecannoli,Settecannoli,II,25.69,18.64,Accordo Quadro - CUP D71G23000050001,1,sempreverde,10966.88,11190.70,10966.88,10631.16,img/albero.png,,"geo:38.105581,13.381724"
AB072AB,ALB_0173,Viale Dei Picciotti - B,354100,979,13/12/1025,Dott. Roberto Marceddu,032,Ficus microcarpa,Cercine,38.105367,13.382109,12,47,0.5,0.2,B,APL.026S,,,,,,,,,,,,,,,Potatura ars topiaria base 20-30m²,cad,€575.20,Settecannoli,Settecannoli,II,26.55,19.27,Accordo Quadro - CUP D71G23000050001,1,sempreverde,13977.40,14262.66,13977.40,13549.52,img/albero.png,,"geo:38.105367,13.382109"
AB073AB,ALB_0174,Viale Dei Picciotti - B,354100,979,13/12/1025,Dott. Roberto Marceddu,033,Ficus microcarpa,Cercine,38.105325,13.382168,12,45,0.5,0.2,B,APL.026S,,,,,,,,,,,,,,,Potatura ars topiaria base 20-30m²,cad,€575.20,Settecannoli,Settecannoli,II,26.34,19.11,Accordo Quadro - CUP D71G23000050001,1,sempreverde,13209.17,13478.75,13209.17,12804.81,img/albero.png,,"geo:38.105325,13.382168"
AB074AB,ALB_0175,Viale Dei Picciotti - B,354100,979,13/12/1025,Dott. Roberto Marceddu,034,Ficus microcarpa,Cercine,38.105279,13.382240,12,47,0.5,0.2,C/D,APL.026S,Ricontrollo post-intervento,,,,,,,,,,,,,,Potatura ars topiaria base 20-30m²,cad,€575.20,Settecannoli,Settecannoli,II,26.55,19.27,Accordo Quadro - CUP D71G23000050001,3,sempreverde,4933.20,5033.88,4933.20,4782.18,img/albero.png,,"geo:38.105279,13.38224"
AB075AB,ALB_0176,Viale Dei Picciotti - B,354100,979,13/12/1025,Dott. Roberto Marceddu,035,Ficus microcarpa,Cercine,38.105183,13.382412,12,52,0.5,0.2,B,APL.026S,,,,,,,,,,,,,,,Potatura ars topiaria base 20-30m²,cad,€575.20,Settecannoli,Settecannoli,II,27.09,19.66,Accordo Quadro - CUP D71G23000050001,3,sempreverde,15940.56,16265.88,15940.56,15452.59,img/albero.png,,"geo:38.105183,13.382412"
AB076AB,ALB_0177,Viale Dei Picciotti - B,354100,979,13/12/1025,Dott. Roberto Marceddu,036,Ficus rubiginosa,Cercine,38.105078,13.382591,12,32,0.5,0.2,B,APL.026S,,,,,,,,,,,,,,,Potatura ars topiaria base 20-30m²,cad,€575.20,Settecannoli,Settecannoli,II,17.63,12.76,Accordo Quadro - CUP D71G23000050001,3,sempreverde,7976.56,8139.35,7976.56,7732.38,img/albero.png,,"geo:38.105078,13.382591"
AB077AB,ALB_0178,Viale Dei Picciotti - B,354100,979,13/12/1025,Dott. Roberto Marceddu,037,Ficus microcarpa,Cercine,38.105053,13.382652,12,40,0.5,0.2,B,APL.026S,,,,,,,,,,,,,,,Potatura ars topiaria base 20-30m²,cad,€575.20,Settecannoli,Settecannoli,II,25.8,18.72,Accordo Quadro - CUP D71G23000050001,3,sempreverde,11333.85,11565.15,11333.85,10986.89,img/albero.png,,"geo:38.105053,13.382652"
AB078AB,ALB_0179,Viale Dei Picciotti - B,354100,979,13/12/1025,Dott. Roberto Marceddu,038,Ficus microcarpa,Cercine,38.105008,13.382723,12,39,0.5,0.2,B,APL.026S,,,,,,,,,,,,,,,Potatura ars topiaria base 20-30m²,cad,€575.20,Settecannoli,Settecannoli,II,25.69,18.64,Accordo Quadro - CUP D71G23000050001,3,sempreverde,10966.88,11190.70,10966.88,10631.16,img/albero.png,,"geo:38.105008,13.382723"
AB079AB,ALB_0180,Viale Dei Picciotti - B,354100,979,13/12/1025,Dott. Roberto Marceddu,039,Ficus microcarpa,Cercine,38.104910,13.382899,12,43,0.5,0.2,C,APL.026S,,,,,,,,,,,,,,,Potatura ars topiaria base 20-30m²,cad,€575.20,Settecannoli,Settecannoli,II,26.12,18.95,Accordo Quadro - CUP D71G23000050001,3 A,sempreverde,10253.86,10463.12,10253.86,9939.97,img/albero.png,,"geo:38.10491,13.382899"
AB080AB,ALB_0181,Viale Dei Picciotti - B,354100,979,13/12/1025,Dott. Roberto Marceddu,040,Ficus microcarpa,Cercine,38.104861,13.382968,12,55,0.5,0.2,B,APL.026S,,,,,,,,,,,,,,,Potatura ars topiaria base 20-30m²,cad,€575.20,Settecannoli,Settecannoli,II,27.41,19.89,Accordo Quadro - CUP D71G23000050001,3 A,sempreverde,17146.31,17496.24,17146.31,16621.43,img/albero.png,,"geo:38.104861,13.382968"
AB081AB,ALB_0182,Viale Dei Picciotti - B,354100,979,13/12/1025,Dott. Roberto Marceddu,041,Ficus microcarpa,Cercine,38.104818,13.383057,12,54,0.5,0.2,C,APL.026S,,,,,,,,,,,,,,,Potatura ars topiaria base 20-30m²,cad,€575.20,Settecannoli,Settecannoli,II,27.31,19.81,Accordo Quadro - CUP D71G23000050001,3 A,sempreverde,13787.65,14069.03,13787.65,13365.58,img/albero.png,,"geo:38.104818,13.383057"
AB082AB,ALB_0183,Viale Dei Picciotti - B,354100,979,13/12/1025,Dott. Roberto Marceddu,042,Ficus microcarpa,Cercine,38.104589,13.383400,12,42,0.5,0.2,B,APL.026S,,,,,,,,,,,,,,,Potatura ars topiaria base 20-30m²,cad,€575.20,Settecannoli,Settecannoli,II,26.02,18.88,Accordo Quadro - CUP D71G23000050001,3 A,sempreverde,12076.01,12322.46,12076.01,11706.33,img/albero.png,,"geo:38.104589,13.3834"
AB083AB,ALB_0184,Viale Dei Picciotti - B,354100,979,13/12/1025,Dott. Roberto Marceddu,043,Ficus microcarpa,Cercine,38.104550,13.383483,12,49,0.5,0.2,B,APL.026S,,,,,,,,,,,,,,,Potatura ars topiaria base 20-30m²,cad,€575.20,Settecannoli,Settecannoli,II,26.77,19.42,Accordo Quadro - CUP D71G23000050001,3 A,sempreverde,14755.51,15056.64,14755.51,14303.81,img/albero.png,,"geo:38.10455,13.383483"
AB084AB,ALB_0185,Viale Dei Picciotti - B,354100,979,13/12/1025,Dott. Roberto Marceddu,044,Ficus microcarpa,Cercine,38.104505,13.383552,12,42,0.5,0.2,B,APL.026S,,,,,,,,,,,,,,,Potatura ars topiaria base 20-30m²,cad,€575.20,Settecannoli,Settecannoli,II,26.02,18.88,Accordo Quadro - CUP D71G23000050001,14,sempreverde,12076.01,12322.46,12076.01,11706.33,img/albero.png,,"geo:38.104505,13.383552"
AB085AB,ALB_0186,Viale Dei Picciotti - B,354100,979,13/12/1025,Dott. Roberto Marceddu,045,Ficus microcarpa,Cercine,38.104477,13.383616,12,42,0.5,0.2,B,APL.026S,,,,,,,,,,,,,,,Potatura ars topiaria base 20-30m²,cad,€575.20,Settecannoli,Settecannoli,II,26.02,18.88,Accordo Quadro - CUP D71G23000050001,14,sempreverde,12076.01,12322.46,12076.01,11706.33,img/albero.png,,"geo:38.104477,13.383616"
AB086AB,ALB_0187,Viale Dei Picciotti - B,354100,979,13/12/1025,Dott. Roberto Marceddu,046,Ficus microcarpa,Cercine,38.104447,13.383670,12,43,0.5,0.2,B,APL.026S,,,,,,,,,,,,,,,Potatura ars topiaria base 20-30m²,cad,€575.20,Settecannoli,Settecannoli,II,26.12,18.95,Accordo Quadro - CUP D71G23000050001,14,sempreverde,12451.12,12705.22,12451.12,12069.96,img/albero.png,,"geo:38.104447,13.38367"
AB087AB,ALB_0188,Viale Dei Picciotti - B,354100,979,13/12/1025,Dott. Roberto Marceddu,047,Ficus microcarpa,Cercine,38.104398,13.383754,12,35,0.5,0.2,B,APL.026S,,,,,,,,,,,,,,,Potatura ars topiaria base 20-30m²,cad,€575.20,Settecannoli,Settecannoli,II,25.26,18.33,Accordo Quadro - CUP D71G23000050001,5,sempreverde,9527.69,9722.14,9527.69,9236.03,img/albero.png,,"geo:38.104398,13.383754"
AB088AB,ALB_0189,Viale Dei Picciotti - B,354100,979,13/12/1025,Dott. Roberto Marceddu,048,Ficus microcarpa,Cercine,38.104364,13.383810,12,42,0.5,0.2,B,APL.026S,,,,,,,,,,,,,,,Potatura ars topiaria base 20-30m²,cad,€575.20,Settecannoli,Settecannoli,II,26.02,18.88,Accordo Quadro - CUP D71G23000050001,5,sempreverde,12076.01,12322.46,12076.01,11706.33,img/albero.png,,"geo:38.104364,13.38381"
AB089AB,ALB_0190,Viale Dei Picciotti - B,354100,979,13/12/1025,Dott. Roberto Marceddu,049,Ficus microcarpa,Cercine,38.104326,13.383883,12,42,0.5,0.2,C,APL.026S,,,,,,,,,,,,,,,Potatura ars topiaria base 20-30m²,cad,€575.20,Settecannoli,Settecannoli,II,26.02,18.88,Accordo Quadro - CUP D71G23000050001,5,sempreverde,9944.95,10147.91,9944.95,9640.51,img/albero.png,,"geo:38.104326,13.383883"
AB090AB,ALB_0191,Viale Dei Picciotti - B,354100,979,13/12/1025,Dott. Roberto Marceddu,050,Ficus microcarpa,Cercine,38.104281,13.383954,12,46,0.5,0.2,C,APL.026S,,,,,,,,,,,,,,,Potatura ars topiaria base 20-30m²,cad,€575.20,Settecannoli,Settecannoli,II,26.45,19.19,Accordo Quadro - CUP D71G23000050001,5,sempreverde,11193.44,11421.88,11193.44,10850.78,img/albero.png,,"geo:38.104281,13.383954"
AB091AB,ALB_0192,Viale Dei Picciotti - B,354100,979,13/12/1025,Dott. Roberto Marceddu,051,Ficus microcarpa,Cercine,38.104205,13.384096,12,53,0.5,0.2,B,APL.026S,,,,,,,,,,,,,,,Potatura ars topiaria base 20-30m²,cad,€575.20,Settecannoli,Settecannoli,II,27.2,19.73,Accordo Quadro - CUP D71G23000050001,5,sempreverde,16340.22,16673.69,16340.22,15840.01,img/albero.png,,"geo:38.104205,13.384096"
AB092AB,ALB_0193,Viale Dei Picciotti - B,354100,979,13/12/1025,Dott. Roberto Marceddu,052,Ficus microcarpa,Cercine,38.104081,13.384294,12,53,0.5,0.2,B,APL.026S,,,,,,,,,,,,,,,Potatura ars topiaria base 20-30m²,cad,€575.20,Settecannoli,Settecannoli,II,27.2,19.73,Accordo Quadro - CUP D71G23000050001,7,sempreverde,16340.22,16673.69,16340.22,15840.01,img/albero.png,,"geo:38.1040809,13.3842941"
AB093AB,ALB_0194,Viale Dei Picciotti - B,354100,979,13/12/1025,Dott. Roberto Marceddu,053,Ficus microcarpa,Cercine,38.103999,13.384447,12,48,0.5,0.2,B,APL.026S,,,,,,,,,,,,,,,Potatura ars topiaria base 20-30m²,cad,€575.20,Settecannoli,Settecannoli,II,26.66,19.34,Accordo Quadro - CUP D71G23000050001,106,sempreverde,14365.24,14658.41,14365.24,13925.49,img/albero.png,,"geo:38.103999,13.384447"
AB094AB,ALB_0195,Viale Dei Picciotti - B,354100,979,13/12/1025,Dott. Roberto Marceddu,054,Ficus microcarpa,Cercine,38.103910,13.384604,12,50,0.5,0.2,C,APL.026S,,,,,,,,,,,,,,,Potatura ars topiaria base 20-30m²,cad,€575.20,Settecannoli,Settecannoli,II,26.88,19.5,Accordo Quadro - CUP D71G23000050001,49 Z,sempreverde,12474.97,12729.56,12474.97,12093.08,img/albero.png,,"geo:38.10391,13.384604"
AB095AB,ALB_0196,Viale Dei Picciotti - B,354100,979,13/12/1025,Dott. Roberto Marceddu,055,Ficus microcarpa,Cercine,38.103859,13.384693,12,45,0.5,0.2,B,APL.026S,,,,,,,,,,,,,,,Potatura ars topiaria base 20-30m²,cad,€575.20,Settecannoli,Settecannoli,II,26.34,19.11,Accordo Quadro - CUP D71G23000050001,49 Z,sempreverde,13209.17,13478.75,13209.17,12804.81,img/albero.png,,"geo:38.103859,13.384693"
AB096AB,ALB_0197,Viale Dei Picciotti - B,354100,979,13/12/1025,Dott. Roberto Marceddu,056,Ficus microcarpa,Cercine,38.103816,13.384760,12,40,0.5,0.2,B,APL.026S,,,,,,,,,,,,,,,Potatura ars topiaria base 20-30m²,cad,€575.20,Settecannoli,Settecannoli,II,25.8,18.72,Accordo Quadro - CUP D71G23000050001,49 Z,sempreverde,11333.85,11565.15,11333.85,10986.89,img/albero.png,,"geo:38.103816,13.38476"
AB097AB,ALB_0198,Viale Dei Picciotti - B,354100,979,13/12/1025,Dott. Roberto Marceddu,057,Ficus microcarpa,Cercine,38.103769,13.384843,12,45,0.5,0.2,B,APL.026S,,,,,,,,,,,,,,,Potatura ars topiaria base 20-30m²,cad,€575.20,Settecannoli,Settecannoli,II,26.34,19.11,Accordo Quadro - CUP D71G23000050001,49 Z,sempreverde,13209.17,13478.75,13209.17,12804.81,img/albero.png,,"geo:38.103769,13.384843"
AB098AB,ALB_0199,Viale Dei Picciotti - B,354100,979,13/12/1025,Dott. Roberto Marceddu,058,Ficus microcarpa,Cercine,38.103697,13.384998,12,78,0.5,0.2,B,APL.026S,,,,,,,,,,,,,,,Potatura ars topiaria base 20-30m²,cad,€575.20,Settecannoli,Settecannoli,II,29.89,21.68,Accordo Quadro - CUP D71G23000050001,49 Z,sempreverde,27003.64,27554.73,27003.64,26177.00,img/albero.png,,"geo:38.103697,13.384998"
AB099AB,ALB_0200,Viale Dei Picciotti - B,354100,979,13/12/1025,Dott. Roberto Marceddu,059,Ficus microcarpa,Cercine,38.103659,13.385064,12,45,0.5,0.2,B,APL.026S,,,,,,,,,,,,,,,Potatura ars topiaria base 20-30m²,cad,€575.20,Settecannoli,Settecannoli,II,26.34,19.11,Accordo Quadro - CUP D71G23000050001,106,sempreverde,13209.17,13478.75,13209.17,12804.81,img/albero.png,,"geo:38.103659,13.385064"
AC000AC,ALB_0201,Viale Dei Picciotti - B,354100,979,13/12/1025,Dott. Roberto Marceddu,060,Ficus microcarpa,Cercine,38.103619,13.385130,12,42,0.5,0.2,B,APL.026S,,,,,,,,,,,,,,,Potatura ars topiaria base 20-30m²,cad,€575.20,Settecannoli,Settecannoli,II,26.02,18.88,Accordo Quadro - CUP D71G23000050001,106,sempreverde,12076.01,12322.46,12076.01,11706.33,img/albero.png,,"geo:38.103619,13.38513"
AC001AC,ALB_0202,Viale Dei Picciotti - B,354100,979,13/12/1025,Dott. Roberto Marceddu,061,Ficus microcarpa,Cercine,38.103582,13.385193,12,45,0.5,0.2,B,APL.026S,,,,,,,,,,,,,,,Potatura ars topiaria base 20-30m²,cad,€575.20,Settecannoli,Settecannoli,II,26.34,19.11,Accordo Quadro - CUP D71G23000050001,106,sempreverde,13209.17,13478.75,13209.17,12804.81,img/albero.png,,"geo:38.103582,13.385193"
AC002AC,ALB_0203,Viale Dei Picciotti - B,354100,979,13/12/1025,Dott. Roberto Marceddu,062,Ficus microcarpa,Cercine,38.103545,13.385248,12,52,0.5,0.2,B,APL.026S,,,,,,,,,,,,,,,Potatura ars topiaria base 20-30m²,cad,€575.20,Settecannoli,Settecannoli,II,27.09,19.66,Accordo Quadro - CUP D71G23000050001,104,sempreverde,15940.56,16265.88,15940.56,15452.59,img/albero.png,,"geo:38.103545,13.385248"
AC003AC,ALB_0204,Viale Dei Picciotti - B,354100,979,13/12/1025,Dott. Roberto Marceddu,063,Ficus microcarpa,Cercine,38.103477,13.385351,12,45,0.5,0.2,B,APL.026S,,,,,,,,,,,,,,,Potatura ars topiaria base 20-30m²,cad,€575.20,Settecannoli,Settecannoli,II,26.34,19.11,Accordo Quadro - CUP D71G23000050001,104,sempreverde,13209.17,13478.75,13209.17,12804.81,img/albero.png,,"geo:38.103477,13.385351"
AC004AC,ALB_0205,Viale Dei Picciotti - B,354100,979,13/12/1025,Dott. Roberto Marceddu,064,Ficus microcarpa,Cercine,38.103442,13.385421,12,50,0.5,0.2,B,APL.026S,,,,,,,,,,,,,,,Potatura ars topiaria base 20-30m²,cad,€575.20,Settecannoli,Settecannoli,II,26.88,19.5,Accordo Quadro - CUP D71G23000050001,102,sempreverde,15148.17,15457.32,15148.17,14684.45,img/albero.png,,"geo:38.103442,13.385421"
AC005AC,ALB_0206,Viale Dei Picciotti - B,354100,979,13/12/1025,Dott. Roberto Marceddu,065,Ficus microcarpa,Cercine,38.103399,13.385485,12,54,0.5,0.2,B,APL.026S,,,,,,,,,,,,,,,Potatura ars topiaria base 20-30m²,cad,€575.20,Settecannoli,Settecannoli,II,27.31,19.81,Accordo Quadro - CUP D71G23000050001,102,sempreverde,16742.15,17083.82,16742.15,16229.63,img/albero.png,,"geo:38.103399,13.385485"
AC006AC,ALB_0207,Via Rizzo Ammiraglio - A,41870,930,01/01/1025,Dott. Roberto Marceddu,001,Ficus microcarpa,Aiuola pedonale,38.143059,13.357139,12,65,3.5,0.8,B,APL.026S,,,,,,,,,,,,,,,Potatura ars topiaria base 20-30m²,cad,€575.20,Acquasanta,Montepellegrino,VIII,28.49,20.67,Accordo Quadro - CUP D71G23000050001,25,sempreverde,21305.25,21740.05,21305.25,20653.05,img/albero.png,,"geo:38.143059,13.357139"
AC007AC,ALB_0208,Via Rizzo Ammiraglio - A,41870,930,01/01/1025,Dott. Roberto Marceddu,002,Ficus microcarpa,Aiuola pedonale,38.143089,13.357257,12,65,3.6,0.9,B,APL.026S,,,,,,,,,,,,,,,Potatura ars topiaria base 20-30m²,cad,€575.20,Acquasanta,Montepellegrino,VIII,28.49,20.67,Accordo Quadro - CUP D71G23000050001,96,sempreverde,21305.25,21740.05,21305.25,20653.05,img/albero.png,,"geo:38.143089,13.357257"
AC008AC,ALB_0209,Via Rizzo Ammiraglio - A,41870,930,01/01/1025,Dott. Roberto Marceddu,003,Ficus microcarpa,Aiuola pedonale,38.143135,13.357388,12,66,3.7,0.10,B,APL.026S,,,,,,,,,,,,,,,Potatura ars topiaria base 20-30m²,cad,€575.20,Acquasanta,Montepellegrino,VIII,28.6,20.75,Accordo Quadro - CUP D71G23000050001,96,sempreverde,21732.34,22175.85,21732.34,21067.06,img/albero.png,,"geo:38.143135,13.357388"
AC009AC,ALB_0210,Via Rizzo Ammiraglio - A,41870,930,01/01/1025,Dott. Roberto Marceddu,004,Ficus microcarpa,Aiuola pedonale,38.143288,13.358374,12,58,1.2,0.5,B,APL.026S,,,,,,,,,,,,,,,Potatura ars topiaria base 20-30m²,cad,€575.20,Acquasanta,Montepellegrino,VIII,27.74,20.12,Accordo Quadro - CUP D71G23000050001,96,sempreverde,18371.97,18746.91,18371.97,17809.56,img/albero.png,,"geo:38.143288,13.358374"
AC010AC,ALB_0211,Via Rizzo Ammiraglio - A,41870,930,01/01/1025,Dott. Roberto Marceddu,005,Ficus microcarpa,Aiuola pedonale,38.143315,13.358590,12,46,1.3,0.8,B,APL.026S,,,,,,,,,,,,,,,Potatura ars topiaria base 20-30m²,cad,€575.20,Acquasanta,Montepellegrino,VIII,26.45,19.19,Accordo Quadro - CUP D71G23000050001,96,sempreverde,13592.03,13869.42,13592.03,13175.95,img/albero.png,,"geo:38.143315,13.35859"
AC011AC,ALB_0212,Via Rizzo Ammiraglio - A,41870,930,01/01/1025,Dott. Roberto Marceddu,006,Ficus microcarpa,Aiuola pedonale,38.143339,13.358712,12,50,1.5,1.2,B,APL.026S,,,,,,,,,,,,,,,Potatura ars topiaria base 20-30m²,cad,€575.20,Acquasanta,Montepellegrino,VIII,26.88,19.5,Accordo Quadro - CUP D71G23000050001,96,sempreverde,15148.17,15457.32,15148.17,14684.45,img/albero.png,,"geo:38.143339,13.358712"
AC012AC,ALB_0213,Via Rizzo Ammiraglio - A,41870,930,01/01/1025,Dott. Roberto Marceddu,007,Ficus microcarpa,Aiuola pedonale,38.143359,13.358845,12,43,1.2,1,D,APL.018S,,,SIC24_1.6.2,Rimozione ceppaie 0.5-1.5 m³,€228.15,,NP00.120643,Ficus microcarpa circ.12/14cm,€758.08,,,,,,Abbattimento chioma espansa h.12-16m,cad,€316.90,Acquasanta,Montepellegrino,VIII,26.12,18.95,Accordo Quadro - CUP D71G23000050001,94,sempreverde,7324.19,7473.66,7324.19,7099.98,img/albero.png,,"geo:38.143359,13.358845"
AC013AC,ALB_0214,Via Rizzo Ammiraglio - A,41870,930,01/01/1025,Dott. Roberto Marceddu,008,Ficus microcarpa,Aiuola pedonale,38.143369,13.358924,12,47,1.2,1,B,APL.026S,,,,,,,,,,,,,,,Potatura ars topiaria base 20-30m²,cad,€575.20,Acquasanta,Montepellegrino,VIII,26.55,19.27,Accordo Quadro - CUP D71G23000050001,80,sempreverde,13977.40,14262.66,13977.40,13549.52,img/albero.png,,"geo:38.14336881,13.35892421"
AC014AC,ALB_0215,Via Rizzo Ammiraglio - A,41870,930,01/01/1025,Dott. Roberto Marceddu,009,Ficus microcarpa,Aiuola pedonale,38.143375,13.358992,12,45,1.2,1,B,APL.026S,,,,,,,,,,,,,,,Potatura ars topiaria base 20-30m²,cad,€575.20,Acquasanta,Montepellegrino,VIII,26.34,19.11,Accordo Quadro - CUP D71G23000050001,78 A,sempreverde,13209.17,13478.75,13209.17,12804.81,img/albero.png,,"geo:38.143375,13.358992"
AC015AC,ALB_0216,Via Rizzo Ammiraglio - A,41870,930,01/01/1025,Dott. Roberto Marceddu,010,Ficus microcarpa,Cercine,38.143392,13.359086,12,39,1.2,1,B,APL.026S,,,,,,,,,,,,,,,Potatura ars topiaria base 20-30m²,cad,€575.20,Acquasanta,Montepellegrino,VIII,25.69,18.64,Accordo Quadro - CUP D71G23000050001,78 A,sempreverde,10966.88,11190.70,10966.88,10631.16,img/albero.png,,"geo:38.143392,13.359086"
AC016AC,ALB_0217,Via Rizzo Ammiraglio - A,41870,930,01/01/1025,Dott. Roberto Marceddu,011,Ficus microcarpa,Cercine,38.143397,13.359164,12,37,1.2,1,B,APL.026S,,,,,,,,,,,,,,,Potatura ars topiaria base 20-30m²,cad,€575.20,Acquasanta,Montepellegrino,VIII,25.48,18.49,Accordo Quadro - CUP D71G23000050001,78 A,sempreverde,10241.45,10450.46,10241.45,9927.94,img/albero.png,,"geo:38.143397,13.359164"
AC017AC,ALB_0218,Via Rizzo Ammiraglio - A,41870,930,01/01/1025,Dott. Roberto Marceddu,012,Ficus microcarpa,Cercine,38.143409,13.359247,12,34,1.2,1,B,APL.026S,,,,,,,,,,,,,,,Potatura ars topiaria base 20-30m²,cad,€575.20,Acquasanta,Montepellegrino,VIII,25.16,18.25,Accordo Quadro - CUP D71G23000050001,78,sempreverde,9175.33,9362.59,9175.33,8894.46,img/albero.png,,"geo:38.143409,13.359247"
AC018AC,ALB_0219,Via Rizzo Ammiraglio - A,41870,930,01/01/1025,Dott. Roberto Marceddu,013,Ficus microcarpa,Cercine,38.143422,13.359338,12,53,1.2,1,B,APL.026S,,,,,,,,,,,,,,,Potatura ars topiaria base 20-30m²,cad,€575.20,Acquasanta,Montepellegrino,VIII,27.2,19.73,Accordo Quadro - CUP D71G23000050001,72,sempreverde,16340.22,16673.69,16340.22,15840.01,img/albero.png,,"geo:38.143422,13.359338"
AC019AC,ALB_0220,Via Rizzo Ammiraglio - A,41870,930,01/01/1025,Dott. Roberto Marceddu,014,Ficus microcarpa,Cercine,38.143435,13.359424,12,35,1.2,1,C/D,APL.026S,,,,,,,,,,,,,,,Potatura ars topiaria base 20-30m²,cad,€575.20,Acquasanta,Montepellegrino,VIII,25.26,18.33,Accordo Quadro - CUP D71G23000050001,60,sempreverde,3362.72,3431.34,3362.72,3259.77,img/albero.png,,"geo:38.143435,13.359424"
AC020AC,ALB_0221,Via Rizzo Ammiraglio - A,41870,930,01/01/1025,Dott. Roberto Marceddu,015,Ficus microcarpa,Cercine,38.143450,13.359501,12,50,1.2,1,B,APL.026S,,,,,,,,,,,,,,,Potatura ars topiaria base 20-30m²,cad,€575.20,Acquasanta,Montepellegrino,VIII,26.88,19.5,Accordo Quadro - CUP D71G23000050001,54,sempreverde,15148.17,15457.32,15148.17,14684.45,img/albero.png,,"geo:38.14345,13.359501"
AC021AC,ALB_0222,Via Rizzo Ammiraglio - A,41870,930,01/01/1025,Dott. Roberto Marceddu,016,Ficus microcarpa,Cercine,38.143462,13.359584,12,62,1.2,1,C,APL.026S,,,,,,,,,,,,,,,Potatura ars topiaria base 20-30m²,cad,€575.20,Acquasanta,Montepellegrino,VIII,28.17,20.44,Accordo Quadro - CUP D71G23000050001,52,sempreverde,16500.14,16836.88,16500.14,15995.03,img/albero.png,,"geo:38.143462,13.359584"
AC022AC,ALB_0223,Via Rizzo Ammiraglio - A,41870,930,01/01/1025,Dott. Roberto Marceddu,017,Ficus microcarpa,Cercine,38.143485,13.359816,12,55,1.2,1,B,APL.026S,,,,,,,,,,,,,,,Potatura ars topiaria base 20-30m²,cad,€575.20,Acquasanta,Montepellegrino,VIII,27.41,19.89,Accordo Quadro - CUP D71G23000050001,52,sempreverde,17146.31,17496.24,17146.31,16621.43,img/albero.png,,"geo:38.143485,13.359816"
AC023AC,ALB_0224,Via Rizzo Ammiraglio - A,41870,930,01/01/1025,Dott. Roberto Marceddu,018,Ficus microcarpa,Cercine,38.143516,13.360014,12,65,1.2,1,B,APL.026S,,,,,,,,,,,,,,,Potatura ars topiaria base 20-30m²,cad,€575.20,Acquasanta,Montepellegrino,VIII,28.49,20.67,Accordo Quadro - CUP D71G23000050001,52,sempreverde,21305.25,21740.05,21305.25,20653.05,img/albero.png,,"geo:38.143516,13.360014"
AC024AC,ALB_0225,Via Rizzo Ammiraglio - A,41870,930,01/01/1025,Dott. Roberto Marceddu,019,Ficus microcarpa,Cercine,38.143533,13.360147,12,60,1.2,1,B,APL.026S,,,,,,,,,,,,,,,Potatura ars topiaria base 20-30m²,cad,€575.20,Acquasanta,Montepellegrino,VIII,27.95,20.28,Accordo Quadro - CUP D71G23000050001,19,sempreverde,19199.77,19591.60,19199.77,18612.02,img/albero.png,,"geo:38.143533,13.360147"
AC025AC,ALB_0226,Via Rizzo Ammiraglio - A,41870,930,01/01/1025,Dott. Roberto Marceddu,020,Ficus microcarpa,Cercine,38.143545,13.360269,12,65,1.2,1,B,APL.026S,,,,,,,,,,,,,,,Potatura ars topiaria base 20-30m²,cad,€575.20,Acquasanta,Montepellegrino,VIII,28.49,20.67,Accordo Quadro - CUP D71G23000050001,19,sempreverde,21305.25,21740.05,21305.25,20653.05,img/albero.png,,"geo:38.143545,13.360269"
AC026AC,ALB_0227,Via Rizzo Ammiraglio - A,41870,930,01/01/1025,Dott. Roberto Marceddu,021,Ficus microcarpa,Aiuola pedonale,38.143564,13.360388,12,55,1.2,1,C/D,APL.026S,,,,,,,,,,,,,,,Potatura ars topiaria base 20-30m²,cad,€575.20,Acquasanta,Montepellegrino,VIII,27.41,19.89,Accordo Quadro - CUP D71G23000050001,19,sempreverde,6051.64,6175.14,6051.64,5866.39,img/albero.png,,"geo:38.143564,13.360388"
AC027AC,ALB_0228,Via Rizzo Ammiraglio - A,41870,930,01/01/1025,Dott. Roberto Marceddu,022,Ficus microcarpa,Aiuola pedonale,38.143578,13.360521,12,57,1.2,1,B,APL.026S,,,,,,,,,,,,,,,Potatura ars topiaria base 20-30m²,cad,€575.20,Acquasanta,Montepellegrino,VIII,27.63,20.05,Accordo Quadro - CUP D71G23000050001,1,sempreverde,17961.25,18327.81,17961.25,17411.42,img/albero.png,,"geo:38.143578,13.360521"
AC028AC,ALB_0229,Via Rizzo Ammiraglio - A,41870,930,01/01/1025,Dott. Roberto Marceddu,023,Ficus microcarpa,Cercine,38.143627,13.360781,12,42,1.2,1,D,APL.018S,,,SIC24_1.6.2,Rimozione ceppaie 0.5-1.5 m³,€228.15,,NP00.120643,Ficus microcarpa circ.12/14cm,€758.08,,,,,,Abbattimento chioma espansa h.12-16m,cad,€316.90,Acquasanta,Montepellegrino,VIII,26.02,18.88,Accordo Quadro - CUP D71G23000050001,17,sempreverde,7103.53,7248.50,7103.53,6886.08,img/albero.png,,"geo:38.143627,13.360781"
AC029AC,ALB_0230,Via Rizzo Ammiraglio - A,41870,930,01/01/1025,Dott. Roberto Marceddu,024,Ficus microcarpa,Aiuola pedonale,38.143641,13.360941,12,55,1.2,1,C/D,APL.026S,,,,,,,,,,,,,,,Potatura ars topiaria base 20-30m²,cad,€575.20,Acquasanta,Montepellegrino,VIII,27.41,19.89,Accordo Quadro - CUP D71G23000050001,15 B,sempreverde,6051.64,6175.14,6051.64,5866.39,img/albero.png,,"geo:38.143641,13.360941"
AC030AC,ALB_0231,Via Rizzo Ammiraglio - A,41870,930,01/01/1025,Dott. Roberto Marceddu,025,Ficus microcarpa,Aiuola pedonale,38.143650,13.361094,12,60,1.2,1,B,APL.026S,,,,,,,,,,,,,,,Potatura ars topiaria base 20-30m²,cad,€575.20,Acquasanta,Montepellegrino,VIII,27.95,20.28,Accordo Quadro - CUP D71G23000050001,15 A,sempreverde,19199.77,19591.60,19199.77,18612.02,img/albero.png,,"geo:38.14365,13.361094"
AC031AC,ALB_0232,Via Rizzo Ammiraglio - A,41870,930,01/01/1025,Dott. Roberto Marceddu,026,Ficus microcarpa,Aiuola pedonale,38.143661,13.361200,12,55,1.2,1,B,APL.026S,,,,,,,,,,,,,,,Potatura ars topiaria base 20-30m²,cad,€575.20,Acquasanta,Montepellegrino,VIII,27.41,19.89,Accordo Quadro - CUP D71G23000050001,13 C,sempreverde,17146.31,17496.24,17146.31,16621.43,img/albero.png,,"geo:38.143661,13.3612"
AC032AC,ALB_0233,Via Rizzo Ammiraglio - A,41870,930,01/01/1025,Dott. Roberto Marceddu,027,Ficus microcarpa,Aiuola pedonale,38.143672,13.361317,12,48,1.2,1,B,APL.026S,,,,,,,,,,,,,,,Potatura ars topiaria base 20-30m²,cad,€575.20,Acquasanta,Montepellegrino,VIII,26.66,19.34,Accordo Quadro - CUP D71G23000050001,13 C,sempreverde,14365.24,14658.41,14365.24,13925.49,img/albero.png,,"geo:38.143672,13.361317"
AC033AC,ALB_0234,Via Rizzo Ammiraglio - A,41870,930,01/01/1025,Dott. Roberto Marceddu,028,Ficus microcarpa,Cercine,38.143686,13.361446,12,55,1.2,1,B,APL.026S,,,,,,,,,,,,,,,Potatura ars topiaria base 20-30m²,cad,€575.20,Acquasanta,Montepellegrino,VIII,27.41,19.89,Accordo Quadro - CUP D71G23000050001,13 A,sempreverde,17146.31,17496.24,17146.31,16621.43,img/albero.png,,"geo:38.143686,13.361446"
AC034AC,ALB_0235,Via Rizzo Ammiraglio - B,418700,930,01/01/1025,Dott. Roberto Marceddu,029,Ficus microcarpa,Cercine,38.143698,13.361538,12,62,1.2,1,B,APL.026S,,,,,,,,,,,,,,,Potatura ars topiaria base 20-30m²,cad,€575.20,Acquasanta,Montepellegrino,VIII,28.17,20.44,Accordo Quadro - CUP D71G23000050001,11 I,sempreverde,20035.88,20444.78,20035.88,19422.54,img/albero.png,,"geo:38.143698,13.361538"
AC035AC,ALB_0236,Via Rizzo Ammiraglio - B,418700,930,01/01/1025,Dott. Roberto Marceddu,030,Ficus microcarpa,Aiuola pedonale,38.143747,13.361995,12,75,1.2,1,B,APL.026S,,,,,,,,,,,,,,,Potatura ars topiaria base 20-30m²,cad,€575.20,Acquasanta,Montepellegrino,VIII,29.56,21.45,Accordo Quadro - CUP D71G23000050001,11 I,sempreverde,25661.32,26185.02,25661.32,24875.77,img/albero.png,,"geo:38.143747,13.361995"
AC036AC,ALB_0237,Via Rizzo Ammiraglio - B,418700,930,01/01/1025,Dott. Roberto Marceddu,031,Ficus microcarpa,Aiuola pedonale,38.143766,13.362088,12,45,1.2,1,B,APL.026S,,,,,,,,,,,,,,,Potatura ars topiaria base 20-30m²,cad,€575.20,Acquasanta,Montepellegrino,VIII,26.34,19.11,Accordo Quadro - CUP D71G23000050001,11 H,sempreverde,13209.17,13478.75,13209.17,12804.81,img/albero.png,,"geo:38.143766,13.362088"
AC037AC,ALB_0238,Via Rizzo Ammiraglio - B,418700,930,01/01/1025,Dott. Roberto Marceddu,032,Ficus microcarpa,Aiuola pedonale,38.143774,13.362157,12,48,1.2,1,B,APL.026S,,,,,,,,,,,,,,,Potatura ars topiaria base 20-30m²,cad,€575.20,Acquasanta,Montepellegrino,VIII,26.66,19.34,Accordo Quadro - CUP D71G23000050001,11 H,sempreverde,14365.24,14658.41,14365.24,13925.49,img/albero.png,,"geo:38.143774,13.362157"
AC038AC,ALB_0239,Via Rizzo Ammiraglio - B,418700,930,01/01/1025,Dott. Roberto Marceddu,033,Ficus microcarpa,Aiuola pedonale,38.143780,13.362234,12,46,1.2,1,C,APL.026S,,,,,,,,,,,,,,,Potatura ars topiaria base 20-30m²,cad,€575.20,Acquasanta,Montepellegrino,VIII,26.45,19.19,Accordo Quadro - CUP D71G23000050001,11 G,sempreverde,11193.44,11421.88,11193.44,10850.78,img/albero.png,,"geo:38.14377986,13.36223407"
AC039AC,ALB_0240,Via Rizzo Ammiraglio - B,418700,930,01/01/1025,Dott. Roberto Marceddu,034,Ficus microcarpa,Aiuola pedonale,38.143792,13.362313,12,62,1.2,1,B,APL.026S,,,,,,,,,,,,,,,Potatura ars topiaria base 20-30m²,cad,€575.20,Acquasanta,Montepellegrino,VIII,28.17,20.44,Accordo Quadro - CUP D71G23000050001,11 F,sempreverde,20035.88,20444.78,20035.88,19422.54,img/albero.png,,"geo:38.143792,13.362313"
AC040AC,ALB_0241,Via Rizzo Ammiraglio - B,418700,930,01/01/1025,Dott. Roberto Marceddu,035,Ficus microcarpa,Aiuola pedonale,38.143835,13.362545,12,50,1.2,1,B,APL.026S,,,,,,,,,,,,,,,Potatura ars topiaria base 20-30m²,cad,€575.20,Acquasanta,Montepellegrino,VIII,26.88,19.5,Accordo Quadro - CUP D71G23000050001,11 F,sempreverde,15148.17,15457.32,15148.17,14684.45,img/albero.png,,"geo:38.143835,13.362545"
AC041AC,ALB_0242,Via Rizzo Ammiraglio - B,418700,930,01/01/1025,Dott. Roberto Marceddu,036,Ficus microcarpa,Aiuola pedonale,38.143844,13.362635,12,52,1.2,1,C/D,APL.026S,,,,,,,,,,,,,,,Potatura ars topiaria base 20-30m²,cad,€575.20,Acquasanta,Montepellegrino,VIII,27.09,19.66,Accordo Quadro - CUP D71G23000050001,11 E,sempreverde,5626.08,5740.90,5626.08,5453.85,img/albero.png,,"geo:38.143844,13.362635"
AC042AC,ALB_0243,Via Rizzo Ammiraglio - B,418700,930,01/01/1025,Dott. Roberto Marceddu,037,Ficus microcarpa,Aiuola pedonale,38.143848,13.362707,12,48,1.2,1,B,APL.026S,,,,,,,,,,,,,,,Potatura ars topiaria base 20-30m²,cad,€575.20,Acquasanta,Montepellegrino,VIII,26.66,19.34,Accordo Quadro - CUP D71G23000050001,11 E,sempreverde,14365.24,14658.41,14365.24,13925.49,img/albero.png,,"geo:38.143848,13.362707"
AC043AC,ALB_0244,Via Rizzo Ammiraglio - B,418700,930,01/01/1025,Dott. Roberto Marceddu,038,Ficus microcarpa,Aiuola pedonale,38.143860,13.362795,12,45,1.2,1,B,APL.026S,,,,,,,,,,,,,,,Potatura ars topiaria base 20-30m²,cad,€575.20,Acquasanta,Montepellegrino,VIII,26.34,19.11,Accordo Quadro - CUP D71G23000050001,11 B,sempreverde,13209.17,13478.75,13209.17,12804.81,img/albero.png,,"geo:38.14386,13.362795"
AC044AC,ALB_0245,Via Rizzo Ammiraglio - B,418700,930,01/01/1025,Dott. Roberto Marceddu,039,Ficus microcarpa,Aiuola pedonale,38.143868,13.362883,12,46,1.2,1,C,APL.026S,,,,,,,,,,,,,,,Potatura ars topiaria base 20-30m²,cad,€575.20,Acquasanta,Montepellegrino,VIII,26.45,19.19,Accordo Quadro - CUP D71G23000050001,11,sempreverde,11193.44,11421.88,11193.44,10850.78,img/albero.png,,"geo:38.143868,13.362883"
AC045AC,ALB_0246,Via Rizzo Ammiraglio - B,418700,930,01/01/1025,Dott. Roberto Marceddu,040,Celtis australis,Aiuola pedonale,38.143882,13.362956,12,51,1.2,1,B,APL.026S,,,,,,,,,,,,,,,Potatura ars topiaria base 20-30m²,cad,€575.20,Acquasanta,Montepellegrino,VIII,27.99,20.33,Accordo Quadro - CUP D71G23000050001,6 G,decidua,13768.98,19669.97,10818.48,0.00,img/albero.png,,"geo:38.143882,13.362956"
AC046AC,ALB_0247,Via Rizzo Ammiraglio - B,418700,930,01/01/1025,Dott. Roberto Marceddu,041,Celtis australis,Cercine,38.143890,13.363041,12,48,1.2,1,B,APL.026S,,,,,,,,,,,,,,,Potatura ars topiaria base 20-30m²,cad,€575.20,Acquasanta,Montepellegrino,VIII,27.65,20.09,Accordo Quadro - CUP D71G23000050001,9,decidua,12648.56,18069.37,9938.16,0.00,img/albero.png,,"geo:38.14389,13.363041"
AC047AC,ALB_0248,Via Rizzo Ammiraglio - B,418700,930,01/01/1025,Dott. Roberto Marceddu,042,Ficus microcarpa,Aiuola pedonale,38.143934,13.363335,12,52,1.2,1,B,APL.026S,,,,,,,,,,,,,,,Potatura ars topiaria base 20-30m²,cad,€575.20,Acquasanta,Montepellegrino,VIII,27.09,19.66,Accordo Quadro - CUP D71G23000050001,9,sempreverde,15940.56,16265.88,15940.56,15452.59,img/albero.png,,"geo:38.143934,13.363335"
AC048AC,ALB_0249,Via Rizzo Ammiraglio - B,418700,930,01/01/1025,Dott. Roberto Marceddu,043,Ficus microcarpa,Aiuola pedonale,38.143944,13.363437,12,60,1.2,1,B,APL.026S,,,,,,,,,,,,,,,Potatura ars topiaria base 20-30m²,cad,€575.20,Acquasanta,Montepellegrino,VIII,27.95,20.28,Accordo Quadro - CUP D71G23000050001,9,sempreverde,19199.77,19591.60,19199.77,18612.02,img/albero.png,,"geo:38.143944,13.363437"
AC049AC,ALB_0250,Via Rizzo Ammiraglio - B,418700,930,01/01/1025,Dott. Roberto Marceddu,044,Ficus microcarpa,Cercine,38.143979,13.363818,12,62,1,1,B,APL.026S,,,,,,,,,,,,,,,Potatura ars topiaria base 20-30m²,cad,€575.20,Acquasanta,Montepellegrino,VIII,28.17,20.44,Accordo Quadro - CUP D71G23000050001,7,sempreverde,20035.88,20444.78,20035.88,19422.54,img/albero.png,,"geo:38.143979,13.363818"
AC050AC,ALB_0251,Via Rizzo Ammiraglio - B,418700,930,01/01/1025,Dott. Roberto Marceddu,045,Ficus rubiginosa,Cercine,38.143990,13.363878,7,32,2,1.5,B,APL.026S,,,,,,,,,,,,,,,Potatura ars topiaria base 20-30m²,cad,€575.20,Acquasanta,Montepellegrino,VIII,17.63,12.76,Accordo Quadro - CUP D71G23000050001,5 B,sempreverde,4910.67,5010.89,4910.67,4760.34,img/albero.png,,"geo:38.14399,13.363878"
AC051AC,ALB_0252,Via Rizzo Ammiraglio - B,418700,930,01/01/1025,Dott. Roberto Marceddu,046,Ficus rubiginosa,Cercine,38.143996,13.363941,10,35,2,1.5,B,APL.026S,,,,,,,,,,,,,,,Potatura ars topiaria base 20-30m²,cad,€575.20,Acquasanta,Montepellegrino,VIII,17.86,12.93,Accordo Quadro - CUP D71G23000050001,5 A,sempreverde,7605.82,7761.04,7605.82,7372.99,img/albero.png,,"geo:38.143996,13.363941"
AC052AC,ALB_0253,Via Rizzo Ammiraglio - B,418700,930,01/01/1025,Dott. Roberto Marceddu,047,Ficus microcarpa,Cercine,38.144006,13.363994,12,42,2,1.5,B,APL.026S,,,,,,,,,,,,,,,Potatura ars topiaria base 20-30m²,cad,€575.20,Acquasanta,Montepellegrino,VIII,26.02,18.88,Accordo Quadro - CUP D71G23000050001,5,sempreverde,12076.01,12322.46,12076.01,11706.33,img/albero.png,,"geo:38.144006,13.363994"
AC053AC,ALB_0254,Via Rizzo Ammiraglio - B,418700,930,01/01/1025,Dott. Roberto Marceddu,048,Ficus microcarpa,Cercine,38.144009,13.364053,12,45,2,1.5,B,APL.026S,,,,,,,,,,,,,,,Potatura ars topiaria base 20-30m²,cad,€575.20,Acquasanta,Montepellegrino,VIII,26.34,19.11,Accordo Quadro - CUP D71G23000050001,3 A,sempreverde,13209.17,13478.75,13209.17,12804.81,img/albero.png,,"geo:38.144009,13.364053"
AC054AC,ALB_0255,Via Rizzo Ammiraglio - B,418700,930,01/01/1025,Dott. Roberto Marceddu,049,Ficus microcarpa,Cercine,38.144022,13.364105,12,52,2,1.5,B,APL.026S,,,,,,,,,,,,,,,Potatura ars topiaria base 20-30m²,cad,€575.20,Acquasanta,Montepellegrino,VIII,27.09,19.66,Accordo Quadro - CUP D71G23000050001,3,sempreverde,15940.56,16265.88,15940.56,15452.59,img/albero.png,,"geo:38.144022,13.364105"
AC055AC,ALB_0256,Via Rizzo Ammiraglio - B,418700,930,01/01/1025,Dott. Roberto Marceddu,050,Ficus microcarpa,Aiuola pedonale,38.144045,13.364246,12,65,1.5,1,B,APL.026S,,,,,,,,,,,,,,,Potatura ars topiaria base 20-30m²,cad,€575.20,Acquasanta,Montepellegrino,VIII,28.49,20.67,Accordo Quadro - CUP D71G23000050001,1 A,sempreverde,21305.25,21740.05,21305.25,20653.05,img/albero.png,,"geo:38.144045,13.364246"
AC056AC,ALB_0257,Via Rizzo Ammiraglio - B,418700,930,01/01/1025,Dott. Roberto Marceddu,051,Ficus microcarpa,Aiuola pedonale,38.144073,13.364408,12,55,1.5,1,B,APL.026S,,,,,,,,,,,,,,,Potatura ars topiaria base 20-30m²,cad,€575.20,Acquasanta,Montepellegrino,VIII,27.41,19.89,Accordo Quadro - CUP D71G23000050001,1,sempreverde,17146.31,17496.24,17146.31,16621.43,img/albero.png,,"geo:38.144073,13.364408"
AC057AC,ALB_0258,Via Rizzo Ammiraglio - B,418700,930,01/01/1025,Dott. Roberto Marceddu,052,Ficus microcarpa,Aiuola pedonale,38.144137,13.364894,12,50,1.5,1,B,APL.026S,,,,,,,,,,,,,,,Potatura ars topiaria base 20-30m²,cad,€575.20,Acquasanta,Montepellegrino,VIII,26.88,19.5,Accordo Quadro - CUP D71G23000050001,1,sempreverde,15148.17,15457.32,15148.17,14684.45,img/albero.png,,"geo:38.144137,13.364894"
AC058AC,ALB_0259,Via Rizzo Ammiraglio - B,418700,930,01/01/1025,Dott. Roberto Marceddu,053,Ficus microcarpa,Aiuola pedonale,38.144160,13.365020,12,68,1.5,1,B,APL.026S,,,,,,,,,,,,,,,Potatura ars topiaria base 20-30m²,cad,€575.20,Acquasanta,Montepellegrino,VIII,28.81,20.9,Accordo Quadro - CUP D71G23000050001,150,sempreverde,22592.32,23053.39,22592.32,21900.72,img/albero.png,,"geo:38.14416,13.36502"
AC059AC,ALB_0260,Via Rizzo Ammiraglio - B,418700,930,01/01/1025,Dott. Roberto Marceddu,054,Ficus microcarpa,Aiuola pedonale,38.144174,13.365146,12,60,1.5,1,B,APL.026S,,,,,,,,,,,,,,,Potatura ars topiaria base 20-30m²,cad,€575.20,Acquasanta,Montepellegrino,VIII,27.95,20.28,Accordo Quadro - CUP D71G23000050001,29,sempreverde,19199.77,19591.60,19199.77,18612.02,img/albero.png,,"geo:38.144174,13.365146"
AC060AC,ALB_0261,Via Rizzo Ammiraglio - B,418700,930,01/01/1025,Dott. Roberto Marceddu,055,Schinus molle,Cercine,38.144429,13.366303,12,75,2,n/a,B,APL.026S,Allargamento cercine,,,,,,,,,,,,,,Potatura ars topiaria base 20-30m²,cad,€575.20,Acquasanta,Montepellegrino,VIII,26.68,19.39,Accordo Quadro - CUP D71G23000050001,29,sempreverde,19747.20,20786.53,19747.20,18707.87,img/albero.png,,"geo:38.144429,13.366303"
AC061AC,ALB_0262,Via Rizzo Ammiraglio - B,418700,930,01/01/1025,Dott. Roberto Marceddu,056,Schinus molle,Cercine,38.144536,13.366132,10,70,0.2,2,D,APL.017S,,,SIC24_1.6.2,Rimozione ceppaie 0.5-1.5 m³,€228.15,,NP00.FAR179,Schinus terebinthifolius circ.12/14cm,€554.66,,,,,,Abbattimento chioma espansa h.6-12m,cad,€256.86,Acquasanta,Montepellegrino,VIII,26.19,19.04,Accordo Quadro - CUP D71G23000050001,75,sempreverde,9074.81,9552.43,9074.81,8597.19,img/albero.png,,"geo:38.144536,13.366132"
AC062AC,ALB_0263,Via Rizzo Ammiraglio - B,418700,930,01/01/1025,Dott. Roberto Marceddu,057,Schinus molle,Cercine,38.144477,13.366021,12,38,0.2,2,B,APL.026S,Allargamento cercine,,,,,,,,,,,,,,Potatura ars topiaria base 20-30m²,cad,€575.20,Acquasanta,Montepellegrino,VIII,23.09,16.78,Accordo Quadro - CUP D71G23000050001,80,sempreverde,8733.18,9192.82,8733.18,8273.54,img/albero.png,,"geo:38.144477,13.366021"
AC063AC,ALB_0264,Via Rizzo Ammiraglio - B,418700,930,01/01/1025,Dott. Roberto Marceddu,058,Schinus molle,Cercine,38.144429,13.365904,12,75,2,n/a,C,APL.026S,Allargamento cercine,,,,,,,,,,,,,,Potatura ars topiaria base 20-30m²,cad,€575.20,Acquasanta,Montepellegrino,VIII,26.68,19.39,Accordo Quadro - CUP D71G23000050001,78,sempreverde,16262.40,17118.32,16262.40,15406.48,img/albero.png,,"geo:38.144429,13.365904"
AC064AC,ALB_0265,Via Rizzo Ammiraglio - B,418700,930,01/01/1025,Dott. Roberto Marceddu,059,Schinus molle,Cercine,38.144386,13.365572,12,67,0.2,1.2,C,APL.026S,Allargamento cercine,,,,,,,,,,,,,,Potatura ars topiaria base 20-30m²,cad,€575.20,Acquasanta,Montepellegrino,VIII,25.9,18.82,Accordo Quadro - CUP D71G23000050001,78,sempreverde,14203.68,14951.24,14203.68,13456.12,img/albero.png,,"geo:38.144386,13.365572"
AC065AC,ALB_0266,Via Rizzo Ammiraglio - B,418700,930,01/01/1025,Dott. Roberto Marceddu,060,Schinus molle,Cercine,38.144376,13.365446,12,47,0.2,1,C,APL.026S,Allargamento cercine,,,,,,,,,,,,,,Potatura ars topiaria base 20-30m²,cad,€575.20,Acquasanta,Montepellegrino,VIII,23.96,17.41,Accordo Quadro - CUP D71G23000050001,76,sempreverde,9281.72,9770.23,9281.72,8793.21,img/albero.png,,"geo:38.144376,13.365446"
AC066AC,ALB_0267,Via Rizzo Ammiraglio - B,418700,930,01/01/1025,Dott. Roberto Marceddu,061,Schinus molle,Cercine,38.144349,13.365369,12,35,0.2,1,C,APL.026S,Allargamento cercine,,,,,,,,,,,,,,Potatura ars topiaria base 20-30m²,cad,€575.20,Acquasanta,Montepellegrino,VIII,22.8,16.57,Accordo Quadro - CUP D71G23000050001,76,sempreverde,6516.18,6859.13,6516.18,6173.22,img/albero.png,,"geo:38.144349,13.365369"
AC067AC,ALB_0268,Via Rizzo Ammiraglio - B,418700,930,01/01/1025,Dott. Roberto Marceddu,062,Schinus molle,Cercine,38.144336,13.365270,12,65,0.2,0.5,C,APL.026S,Allargamento cercine,,,,,,,,,,,,,,Potatura ars topiaria base 20-30m²,cad,€575.20,Acquasanta,Montepellegrino,VIII,25.71,18.68,Accordo Quadro - CUP D71G23000050001,76,sempreverde,13696.42,14417.29,13696.42,12975.56,img/albero.png,,"geo:38.144336,13.36527"
AC068AC,ALB_0269,Via Rizzo Ammiraglio - B,418700,930,01/01/1025,Dott. Roberto Marceddu,063,Ficus microcarpa,Aiuola pedonale,38.144318,13.364999,12,69,2.2,1,D,APL.018S,,,SIC24_1.6.2,Rimozione ceppaie 0.5-1.5 m³,€228.15,,NP00.120643,Ficus microcarpa circ.12/14cm,€758.08,,,,,,Abbattimento chioma espansa h.12-16m,cad,€316.90,Acquasanta,Montepellegrino,VIII,28.92,20.98,Accordo Quadro - CUP D71G23000050001,76,sempreverde,13544.23,13820.64,13544.23,13129.61,img/albero.png,,"geo:38.144318,13.364999"
AC069AC,ALB_0270,Via Rizzo Ammiraglio - B,418700,930,01/01/1025,Dott. Roberto Marceddu,064,Ficus microcarpa,Aiuola pedonale,38.144302,13.364905,12,66,2,1,B,APL.026S,,,,,,,,,,,,,,,Potatura ars topiaria base 20-30m²,cad,€575.20,Acquasanta,Montepellegrino,VIII,28.6,20.75,Accordo Quadro - CUP D71G23000050001,74,sempreverde,21732.34,22175.85,21732.34,21067.06,img/albero.png,,"geo:38.144302,13.364905"
AC070AC,ALB_0271,Via Rizzo Ammiraglio - B,418700,930,01/01/1025,Dott. Roberto Marceddu,065,Ficus microcarpa,Aiuola pedonale,38.144290,13.364812,12,71,2,1,C,APL.026S,,,,,,,,,,,,,,,Potatura ars topiaria base 20-30m²,cad,€575.20,Acquasanta,Montepellegrino,VIII,29.13,21.14,Accordo Quadro - CUP D71G23000050001,74,sempreverde,19679.51,20081.13,19679.51,19077.08,img/albero.png,,"geo:38.14429,13.364812"
AC071AC,ALB_0272,Via Rizzo Ammiraglio - B,418700,930,01/01/1025,Dott. Roberto Marceddu,066,Ficus microcarpa,Aiuola pedonale,38.144281,13.364725,12,70,2,1,B,APL.026S,,,,,,,,,,,,,,,Potatura ars topiaria base 20-30m²,cad,€575.20,Acquasanta,Montepellegrino,VIII,29.03,21.06,Accordo Quadro - CUP D71G23000050001,74,sempreverde,23459.93,23938.71,23459.93,22741.77,img/albero.png,,"geo:38.144281,13.364725"
AC072AC,ALB_0273,Via Rizzo Ammiraglio - B,418700,930,01/01/1025,Dott. Roberto Marceddu,067,Ficus microcarpa,Aiuola pedonale,38.144271,13.364634,12,72,2,1,B,APL.026S,,,,,,,,,,,,,,,Potatura ars topiaria base 20-30m²,cad,€575.20,Acquasanta,Montepellegrino,VIII,29.24,21.22,Accordo Quadro - CUP D71G23000050001,74,sempreverde,24335.01,24831.64,24335.01,23590.06,img/albero.png,,"geo:38.144271,13.364634"
AC073AC,ALB_0274,Via Rizzo Ammiraglio - B,418700,930,01/01/1025,Dott. Roberto Marceddu,068,Ficus microcarpa,Aiuola pedonale,38.144252,13.364539,12,69,2,1,B,APL.026S,,,,,,,,,,,,,,,Potatura ars topiaria base 20-30m²,cad,€575.20,Acquasanta,Montepellegrino,VIII,28.92,20.98,Accordo Quadro - CUP D71G23000050001,72 A,sempreverde,23025.18,23495.09,23025.18,22320.33,img/albero.png,,"geo:38.144252,13.364539"
AC074AC,ALB_0275,Via Rizzo Ammiraglio - B,418700,930,01/01/1025,Dott. Roberto Marceddu,069,Ficus rubiginosa,Aiuola pedonale,38.144240,13.364428,12,65,2,1,B,APL.026S,,,,,,,,,,,,,,,Potatura ars topiaria base 20-30m²,cad,€575.20,Acquasanta,Montepellegrino,VIII,20.14,14.58,Accordo Quadro - CUP D71G23000050001,187,sempreverde,20040.47,20449.46,20040.47,19426.99,img/albero.png,,"geo:38.14424,13.364428"
AC075AC,ALB_0276,Via Rizzo Ammiraglio - B,418700,930,01/01/1025,Dott. Roberto Marceddu,070,Ficus microcarpa,Aiuola pedonale,38.144226,13.364345,12,64,2,1,B,APL.026S,,,,,,,,,,,,,,,Potatura ars topiaria base 20-30m²,cad,€575.20,Acquasanta,Montepellegrino,VIII,28.38,20.59,Accordo Quadro - CUP D71G23000050001,68 A,sempreverde,20880.13,21306.26,20880.13,20240.95,img/albero.png,,"geo:38.144226,13.364345"
AC076AC,ALB_0277,Via Rizzo Ammiraglio - B,418700,930,01/01/1025,Dott. Roberto Marceddu,071,Ficus microcarpa,Aiuola pedonale,38.144217,13.364256,12,77,2,1,B,APL.026S,,,,,,,,,,,,,,,Potatura ars topiaria base 20-30m²,cad,€575.20,Acquasanta,Montepellegrino,VIII,29.78,21.61,Accordo Quadro - CUP D71G23000050001,68 A,sempreverde,26554.45,27096.37,26554.45,25741.55,img/albero.png,,"geo:38.144217,13.364256"
AC077AC,ALB_0278,Via Rizzo Ammiraglio - B,418700,930,01/01/1025,Dott. Roberto Marceddu,072,Ficus microcarpa,Aiuola pedonale,38.144207,13.364118,12,65,2,1,B,APL.026S,,,,,,,,,,,,,,,Potatura ars topiaria base 20-30m²,cad,€575.20,Acquasanta,Montepellegrino,VIII,28.49,20.67,Accordo Quadro - CUP D71G23000050001,68 A,sempreverde,21305.25,21740.05,21305.25,20653.05,img/albero.png,,"geo:38.144207,13.364118"
AC078AC,ALB_0279,Via Rizzo Ammiraglio - B,418700,930,01/01/1025,Dott. Roberto Marceddu,073,Ficus microcarpa,Aiuola pedonale,38.144192,13.364020,12,62,2,1,B,APL.026S,,,,,,,,,,,,,,,Potatura ars topiaria base 20-30m²,cad,€575.20,Acquasanta,Montepellegrino,VIII,28.17,20.44,Accordo Quadro - CUP D71G23000050001,65 G,sempreverde,20035.88,20444.78,20035.88,19422.54,img/albero.png,,"geo:38.144192,13.36402"
AC079AC,ALB_0280,Via Rizzo Ammiraglio - B,418700,930,01/01/1025,Dott. Roberto Marceddu,074,Ficus microcarpa,Aiuola pedonale,38.144177,13.363928,12,66,2,1,B,APL.026S,,,,,,,,,,,,,,,Potatura ars topiaria base 20-30m²,cad,€575.20,Acquasanta,Montepellegrino,VIII,28.6,20.75,Accordo Quadro - CUP D71G23000050001,65 G,sempreverde,21732.34,22175.85,21732.34,21067.06,img/albero.png,,"geo:38.144177,13.363928"
AC080AC,ALB_0281,Via Rizzo Ammiraglio - B,418700,930,01/01/1025,Dott. Roberto Marceddu,075,Ficus microcarpa,Aiuola pedonale,38.144169,13.363827,12,68,2,1,B,APL.026S,,,,,,,,,,,,,,,Potatura ars topiaria base 20-30m²,cad,€575.20,Acquasanta,Montepellegrino,VIII,28.81,20.9,Accordo Quadro - CUP D71G23000050001,65 A,sempreverde,22592.32,23053.39,22592.32,21900.72,img/albero.png,,"geo:38.144169,13.363827"
AC081AC,ALB_0282,Via Rizzo Ammiraglio - B,418700,930,01/01/1025,Dott. Roberto Marceddu,076,Ficus microcarpa,Cercine,38.144096,13.363345,12,70,1,1,B,APL.026S,,,,,,,,,,,,,,,Potatura ars topiaria base 20-30m²,cad,€575.20,Acquasanta,Montepellegrino,VIII,29.03,21.06,Accordo Quadro - CUP D71G23000050001,65,sempreverde,23459.93,23938.71,23459.93,22741.77,img/albero.png,,"geo:38.144096,13.363345"
AC082AC,ALB_0283,Via Rizzo Ammiraglio - B,418700,930,01/01/1025,Dott. Roberto Marceddu,077,Melia azadirach,Cercine,38.144060,13.363166,12,53,1.2,1,D,APL.018S,,,SIC24_1.6.2,Rimozione ceppaie 0.5-1.5 m³,,,NP00.120998,Melia azedarach circ.16/18cm,,,,,,,Abbattimento chioma espansa h.12-16m,cad,€316.90,Acquasanta,Montepellegrino,VIII,24.67,17.96,Accordo Quadro - CUP D71G23000050001,59 C,decidu,5881.45,7841.93,4313.06,0.00,img/albero.png,,"geo:38.14406,13.363166"
AC083AC,ALB_0284,Via Rizzo Ammiraglio - B,418700,930,01/01/1025,Dott. Roberto Marceddu,078,Melia azadirach,Aiuola pedonale,38.144043,13.363009,12,60,1.2,1,B,APL.026S,,,,,,,,,,,,,,,Potatura ars topiaria base 20-30m²,cad,€575.20,Acquasanta,Montepellegrino,VIII,25.35,18.46,Accordo Quadro - CUP D71G23000050001,59 C,decidu,11748.20,15664.27,8615.35,0.00,img/albero.png,,"geo:38.144043,13.363009"
AC084AC,ALB_0285,Via Rizzo Ammiraglio - B,418700,930,01/01/1025,Dott. Roberto Marceddu,079,Ficus microcarpa,Aiuola pedonale,38.144035,13.362892,12,60,1.2,1,B,APL.026S,,,,,,,,,,,,,,,Potatura ars topiaria base 20-30m²,cad,€575.20,Acquasanta,Montepellegrino,VIII,27.95,20.28,Accordo Quadro - CUP D71G23000050001,59 B,sempreverde,19199.77,19591.60,19199.77,18612.02,img/albero.png,,"geo:38.144035,13.362892"
AC085AC,ALB_0286,Via Rizzo Ammiraglio - B,418700,930,01/01/1025,Dott. Roberto Marceddu,080,Ficus microcarpa,Aiuola pedonale,38.144016,13.362791,12,61,1.2,1,B,APL.026S,,,,,,,,,,,,,,,Potatura ars topiaria base 20-30m²,cad,€575.20,Acquasanta,Montepellegrino,VIII,28.06,20.36,Accordo Quadro - CUP D71G23000050001,57 E,sempreverde,19616.80,20017.14,19616.80,19016.28,img/albero.png,,"geo:38.144016,13.362791"
AC086AC,ALB_0287,Via Rizzo Ammiraglio - B,418700,930,01/01/1025,Dott. Roberto Marceddu,081,Ficus microcarpa,Aiuola pedonale,38.143986,13.362540,12,59,1.2,1,B,APL.026S,,,,,,,,,,,,,,,Potatura ars topiaria base 20-30m²,cad,€575.20,Acquasanta,Montepellegrino,VIII,27.84,20.2,Accordo Quadro - CUP D71G23000050001,57 C,sempreverde,18784.81,19168.18,18784.81,18209.77,img/albero.png,,"geo:38.143986,13.36254"
AC087AC,ALB_0288,Via Rizzo Ammiraglio - B,418700,930,01/01/1025,Dott. Roberto Marceddu,082,Ficus microcarpa,Aiuola pedonale,38.143978,13.362464,12,48,1.2,1,B,APL.026S,,,,,,,,,,,,,,,Potatura ars topiaria base 20-30m²,cad,€575.20,Acquasanta,Montepellegrino,VIII,26.66,19.34,Accordo Quadro - CUP D71G23000050001,66 B,sempreverde,14365.24,14658.41,14365.24,13925.49,img/albero.png,,"geo:38.143978,13.362464"
AC088AC,ALB_0289,Via Rizzo Ammiraglio - B,418700,930,01/01/1025,Dott. Roberto Marceddu,083,Ficus microcarpa,Aiuola pedonale,38.143967,13.362382,12,51,1.2,1,B,APL.026S,,,,,,,,,,,,,,,Potatura ars topiaria base 20-30m²,cad,€575.20,Acquasanta,Montepellegrino,VIII,26.98,19.58,Accordo Quadro - CUP D71G23000050001,66,sempreverde,15543.20,15860.41,15543.20,15067.39,img/albero.png,,"geo:38.143967,13.362382"
AC089AC,ALB_0290,Via Rizzo Ammiraglio - B,418700,930,01/01/1025,Dott. Roberto Marceddu,084,Ficus microcarpa,Aiuola pedonale,38.143946,13.362290,12,49,1.2,1,B,APL.026S,,,,,,,,,,,,,,,Potatura ars topiaria base 20-30m²,cad,€575.20,Acquasanta,Montepellegrino,VIII,26.77,19.42,Accordo Quadro - CUP D71G23000050001,64 D,sempreverde,14755.51,15056.64,14755.51,14303.81,img/albero.png,,"geo:38.143946,13.36229"
AC090AC,ALB_0291,Via Rizzo Ammiraglio - B,418700,930,01/01/1025,Dott. Roberto Marceddu,085,Ficus microcarpa,Aiuola pedonale,38.143940,13.362157,12,50,1.2,1,B,APL.026S,,,,,,,,,,,,,,,Potatura ars topiaria base 20-30m²,cad,€575.20,Acquasanta,Montepellegrino,VIII,26.88,19.5,Accordo Quadro - CUP D71G23000050001,64 B,sempreverde,15148.17,15457.32,15148.17,14684.45,img/albero.png,,"geo:38.14394,13.362157"
AC091AC,ALB_0292,Via Rizzo Ammiraglio - B,418700,930,01/01/1025,Dott. Roberto Marceddu,086,Ficus microcarpa,Aiuola pedonale,38.143933,13.362070,12,45,1,1,B,APL.026S,,,,,,,,,,,,,,,Potatura ars topiaria base 20-30m²,cad,€575.20,Acquasanta,Montepellegrino,VIII,26.34,19.11,Accordo Quadro - CUP D71G23000050001,64 A,sempreverde,13209.17,13478.75,13209.17,12804.81,img/albero.png,,"geo:38.143933,13.36207"
AC092AC,ALB_0293,Via Rizzo Ammiraglio - B,418700,930,01/01/1025,Dott. Roberto Marceddu,087,Ficus microcarpa,Cercine,38.143919,13.361975,12,65,1.2,1,B,APL.026S,,,,,,,,,,,,,,,Potatura ars topiaria base 20-30m²,cad,€575.20,Acquasanta,Montepellegrino,VIII,28.49,20.67,Accordo Quadro - CUP D71G23000050001,51 D,sempreverde,21305.25,21740.05,21305.25,20653.05,img/albero.png,,"geo:38.143919,13.361975"
AC093AC,ALB_0294,Via Rizzo Ammiraglio - B,418700,930,01/01/1025,Dott. Roberto Marceddu,088,Ficus microcarpa,Cercine,38.143906,13.361883,12,69,1.2,1,B,APL.026S,,,,,,,,,,,,,,,Potatura ars topiaria base 20-30m²,cad,€575.20,Acquasanta,Montepellegrino,VIII,28.92,20.98,Accordo Quadro - CUP D71G23000050001,51 C,sempreverde,23025.18,23495.09,23025.18,22320.33,img/albero.png,,"geo:38.143906,13.361883"
AC094AC,ALB_0295,Via Rizzo Ammiraglio - A,41870,930,01/01/1025,Dott. Roberto Marceddu,089,Ficus microcarpa,Cercine,38.143869,13.361598,12,62,1.2,1,B,APL.026S,,,,,,,,,,,,,,,Potatura ars topiaria base 20-30m²,cad,€575.20,Acquasanta,Montepellegrino,VIII,28.17,20.44,Accordo Quadro - CUP D71G23000050001,60,sempreverde,20035.88,20444.78,20035.88,19422.54,img/albero.png,,"geo:38.143869,13.361598"
AC095AC,ALB_0296,Via Rizzo Ammiraglio - A,41870,930,01/01/1025,Dott. Roberto Marceddu,090,Ficus microcarpa,Aiuola spartitraffico,38.143860,13.361117,12,55,1,n/a,B,APL.026S,,,,,,,,,,,,,,,Potatura ars topiaria base 20-30m²,cad,€575.20,Acquasanta,Montepellegrino,VIII,27.41,19.89,Accordo Quadro - CUP D71G23000050001,56,sempreverde,17146.31,17496.24,17146.31,16621.43,img/albero.png,,"geo:38.14386,13.361117"
AC096AC,ALB_0297,Via Rizzo Ammiraglio - A,41870,930,01/01/1025,Dott. Roberto Marceddu,091,Ficus microcarpa,Aiuola spartitraffico,38.143901,13.361007,12,55,1,n/a,B,APL.026S,,,,,,,,,,,,,,,Potatura ars topiaria base 20-30m²,cad,€575.20,Acquasanta,Montepellegrino,VIII,27.41,19.89,Accordo Quadro - CUP D71G23000050001,50,sempreverde,17146.31,17496.24,17146.31,16621.43,img/albero.png,,"geo:38.143901,13.361007"
AC097AC,ALB_0298,Via Rizzo Ammiraglio - A,41870,930,01/01/1025,Dott. Roberto Marceddu,092,Ficus microcarpa,Cercine,38.143781,13.360792,12,70,1.2,1,B,APL.026S,,,,,,,,,,,,,,,Potatura ars topiaria base 20-30m²,cad,€575.20,Acquasanta,Montepellegrino,VIII,29.03,21.06,Accordo Quadro - CUP D71G23000050001,49 C,sempreverde,23459.93,23938.71,23459.93,22741.77,img/albero.png,,"geo:38.143781,13.360792"
AC098AC,ALB_0299,Via Rizzo Ammiraglio - A,41870,930,01/01/1025,Dott. Roberto Marceddu,093,Ficus microcarpa,Cercine,38.143760,13.360687,12,77,1.2,1,B,APL.026S,,,,,,,,,,,,,,,Potatura ars topiaria base 20-30m²,cad,€575.20,Acquasanta,Montepellegrino,VIII,29.78,21.61,Accordo Quadro - CUP D71G23000050001,49 A,sempreverde,26554.45,27096.37,26554.45,25741.55,img/albero.png,,"geo:38.14376,13.360687"
AC099AC,ALB_0300,Via Rizzo Ammiraglio - A,41870,930,01/01/1025,Dott. Roberto Marceddu,094,Ficus microcarpa,Cercine,38.143738,13.360569,12,50,1.2,1,B,APL.026S,,,,,,,,,,,,,,,Potatura ars topiaria base 20-30m²,cad,€575.20,Acquasanta,Montepellegrino,VIII,26.88,19.5,Accordo Quadro - CUP D71G23000050001,44,sempreverde,15148.17,15457.32,15148.17,14684.45,img/albero.png,,"geo:38.143738,13.360569"
AD000AD,ALB_0301,Via Rizzo Ammiraglio - A,41870,930,01/01/1025,Dott. Roberto Marceddu,095,Ficus microcarpa,Cercine,38.143721,13.360455,12,67,1.2,1,B,APL.026S,,,,,,,,,,,,,,,Potatura ars topiaria base 20-30m²,cad,€575.20,Acquasanta,Montepellegrino,VIII,28.7,20.83,Accordo Quadro - CUP D71G23000050001,44,sempreverde,22161.37,22613.64,22161.37,21482.96,img/albero.png,,"geo:38.143721,13.360455"
AD001AD,ALB_0302,Via Rizzo Ammiraglio - A,41870,930,01/01/1025,Dott. Roberto Marceddu,096,Ficus microcarpa,Aiuola pedonale,38.143688,13.360206,12,55,1.2,1,B,APL.026S,,,,,,,,,,,,,,,Potatura ars topiaria base 20-30m²,cad,€575.20,Acquasanta,Montepellegrino,VIII,27.41,19.89,Accordo Quadro - CUP D71G23000050001,1,sempreverde,17146.31,17496.24,17146.31,16621.43,img/albero.png,,"geo:38.143688,13.360206"
AD002AD,ALB_0303,Via Rizzo Ammiraglio - A,41870,930,01/01/1025,Dott. Roberto Marceddu,097,Ficus microcarpa,Aiuola pedonale,38.143670,13.360097,12,55,1.2,1,B,APL.026S,,,,,,,,,,,,,,,Potatura ars topiaria base 20-30m²,cad,€575.20,Acquasanta,Montepellegrino,VIII,27.41,19.89,Accordo Quadro - CUP D71G23000050001,1,sempreverde,17146.31,17496.24,17146.31,16621.43,img/albero.png,,"geo:38.14367,13.360097"
AD003AD,ALB_0304,Via Rizzo Ammiraglio - A,41870,930,01/01/1025,Dott. Roberto Marceddu,098,Ficus microcarpa,Cercine,38.143657,13.359974,12,61,1.2,1,B,APL.026S,,,,,,,,,,,,,,,Potatura ars topiaria base 20-30m²,cad,€575.20,Acquasanta,Montepellegrino,VIII,28.06,20.36,Accordo Quadro - CUP D71G23000050001,1,sempreverde,19616.80,20017.14,19616.80,19016.28,img/albero.png,,"geo:38.143657,13.359974"
AD004AD,ALB_0305,Via Rizzo Ammiraglio - A,41870,930,01/01/1025,Dott. Roberto Marceddu,099,Ficus microcarpa,Aiuola pedonale,38.143645,13.359867,12,60,1.2,1,B,APL.026S,,,,,,,,,,,,,,,Potatura ars topiaria base 20-30m²,cad,€575.20,Acquasanta,Montepellegrino,VIII,27.95,20.28,Accordo Quadro - CUP D71G23000050001,41 L,sempreverde,19199.77,19591.60,19199.77,18612.02,img/albero.png,,"geo:38.143645,13.359867"
AD005AD,ALB_0306,Via Rizzo Ammiraglio - A,41870,930,01/01/1025,Dott. Roberto Marceddu,100,Ficus microcarpa,Aiuola pedonale,38.143628,13.359756,12,59,1.2,1,B,APL.026S,,,,,,,,,,,,,,,Potatura ars topiaria base 20-30m²,cad,€575.20,Acquasanta,Montepellegrino,VIII,27.84,20.2,Accordo Quadro - CUP D71G23000050001,41 I,sempreverde,18784.81,19168.18,18784.81,18209.77,img/albero.png,,"geo:38.143628,13.359756"
AD006AD,ALB_0307,Via Rizzo Ammiraglio - A,41870,930,01/01/1025,Dott. Roberto Marceddu,101,Ficus microcarpa,Aiuola pedonale,38.143604,13.359595,12,73,1.2,1,B,APL.026S,,,,,,,,,,,,,,,Potatura ars topiaria base 20-30m²,cad,€575.20,Acquasanta,Montepellegrino,VIII,29.35,21.29,Accordo Quadro - CUP D71G23000050001,41 I,sempreverde,24775.31,25280.92,24775.31,24016.88,img/albero.png,,"geo:38.143604,13.359595"
AD007AD,ALB_0308,Via Rizzo Ammiraglio - A,41870,930,01/01/1025,Dott. Roberto Marceddu,102,Ficus microcarpa,Cercine,38.143581,13.359311,12,58,1.2,1,B,APL.026S,,,,,,,,,,,,,,,Potatura ars topiaria base 20-30m²,cad,€575.20,Acquasanta,Montepellegrino,VIII,27.74,20.12,Accordo Quadro - CUP D71G23000050001,41 G,sempreverde,18371.97,18746.91,18371.97,17809.56,img/albero.png,,"geo:38.143581,13.359311"
AD008AD,ALB_0309,Via Rizzo Ammiraglio - A,41870,930,01/01/1025,Dott. Roberto Marceddu,103,Ficus microcarpa,Cercine,38.143555,13.359161,12,53,1.2,1,B,APL.026S,,,,,,,,,,,,,,,Potatura ars topiaria base 20-30m²,cad,€575.20,Acquasanta,Montepellegrino,VIII,27.2,19.73,Accordo Quadro - CUP D71G23000050001,2,sempreverde,16340.22,16673.69,16340.22,15840.01,img/albero.png,,"geo:38.143555,13.359161"
AD009AD,ALB_0310,Via Rizzo Ammiraglio - A,41870,930,01/01/1025,Dott. Roberto Marceddu,104,Ficus microcarpa,Cercine,38.143537,13.359032,12,52,1.2,1,B,APL.026S,,,,,,,,,,,,,,,Potatura ars topiaria base 20-30m²,cad,€575.20,Acquasanta,Montepellegrino,VIII,27.09,19.66,Accordo Quadro - CUP D71G23000050001,2,sempreverde,15940.56,16265.88,15940.56,15452.59,img/albero.png,,"geo:38.143537,13.359032"
AD010AD,ALB_0311,Via Rizzo Ammiraglio - A,41870,930,01/01/1025,Dott. Roberto Marceddu,105,Ficus microcarpa,Cercine,38.143499,13.358764,12,50,1.2,1,B,APL.026S,,,,,,,,,,,,,,,Potatura ars topiaria base 20-30m²,cad,€575.20,Acquasanta,Montepellegrino,VIII,26.88,19.5,Accordo Quadro - CUP D71G23000050001,2,sempreverde,15148.17,15457.32,15148.17,14684.45,img/albero.png,,"geo:38.143499,13.358764"
AD011AD,ALB_0312,Via Rizzo Ammiraglio - A,41870,930,01/01/1025,Dott. Roberto Marceddu,106,Ficus microcarpa,Aiuola pedonale,38.143484,13.358655,12,48,1.2,1,B,APL.026S,,,,,,,,,,,,,,,Potatura ars topiaria base 20-30m²,cad,€575.20,Acquasanta,Montepellegrino,VIII,26.66,19.34,Accordo Quadro - CUP D71G23000050001,1,sempreverde,14365.24,14658.41,14365.24,13925.49,img/albero.png,,"geo:38.143484,13.358655"
AD012AD,ALB_0313,Via Rizzo Ammiraglio - A,41870,930,01/01/1025,Dott. Roberto Marceddu,107,Ficus microcarpa,Aiuola pedonale,38.143472,13.358553,12,48,1.2,1,B,APL.026S,,,,,,,,,,,,,,,Potatura ars topiaria base 20-30m²,cad,€575.20,Acquasanta,Montepellegrino,VIII,26.66,19.34,Accordo Quadro - CUP D71G23000050001,25,sempreverde,14365.24,14658.41,14365.24,13925.49,img/albero.png,,"geo:38.143472,13.358553"
AD013AD,ALB_0314,Via Rizzo Ammiraglio - A,41870,930,01/01/1025,Dott. Roberto Marceddu,108,Ficus microcarpa,Cercine,38.143454,13.358427,12,50,,,C/D,APL.026S,,,,,,,,,,,,,,,Potatura ars topiaria base 20-30m²,cad,€575.20,Acquasanta,Montepellegrino,VIII,26.88,19.5,Accordo Quadro - CUP D71G23000050001,31,sempreverde,5346.41,5455.53,5346.41,5182.75,img/albero.png,,"geo:38.143454,13.358427"
AD014AD,ALB_0315,Via Rizzo Ammiraglio - A,41870,930,01/01/1025,Dott. Roberto Marceddu,109,Ficus microcarpa,Cercine,38.143440,13.358265,12,58,1.2,1,B,APL.026S,,,,,,,,,,,,,,,Potatura ars topiaria base 20-30m²,cad,€575.20,Acquasanta,Montepellegrino,VIII,27.74,20.12,Accordo Quadro - CUP D71G23000050001,31,sempreverde,18371.97,18746.91,18371.97,17809.56,img/albero.png,,"geo:38.14344,13.358265"
AD015AD,ALB_0316,Via Rizzo Ammiraglio - A,41870,930,01/01/1025,Dott. Roberto Marceddu,110,Ficus microcarpa,Cercine,38.143420,13.358096,12,50,1.2,1,B,APL.026S,,,,,,,,,,,,,,,Potatura ars topiaria base 20-30m²,cad,€575.20,Acquasanta,Montepellegrino,VIII,26.88,19.5,Accordo Quadro - CUP D71G23000050001,33,sempreverde,15148.17,15457.32,15148.17,14684.45,img/albero.png,,"geo:38.14342,13.358096"
AD016AD,ALB_0317,Via Rizzo Ammiraglio - A,41870,930,01/01/1025,Dott. Roberto Marceddu,111,Ficus microcarpa,Cercine,38.143394,13.357949,12,49,1.2,1,B,APL.026S,,,,,,,,,,,,,,,Potatura ars topiaria base 20-30m²,cad,€575.20,Acquasanta,Montepellegrino,VIII,26.77,19.42,Accordo Quadro - CUP D71G23000050001,35,sempreverde,14755.51,15056.64,14755.51,14303.81,img/albero.png,,"geo:38.143394,13.357949"
AD017AD,ALB_0318,Via Rizzo Ammiraglio - A,41870,930,01/01/1025,Dott. Roberto Marceddu,112,Ficus microcarpa,Cercine,38.143375,13.357799,12,50,1.2,1,B,APL.026S,,,,,,,,,,,,,,,Potatura ars topiaria base 20-30m²,cad,€575.20,Acquasanta,Montepellegrino,VIII,26.88,19.5,Accordo Quadro - CUP D71G23000050001,37,sempreverde,15148.17,15457.32,15148.17,14684.45,img/albero.png,,"geo:38.143375,13.357799"
AD018AD,ALB_0319,Via Rizzo Ammiraglio - A,41870,930,01/01/1025,Dott. Roberto Marceddu,113,Ficus magnoloides,Cercine,38.143252,13.357106,15,300,3,1,C,APL.026S,,,,,,,,,,,,,,,Potatura ars topiaria base 20-30m²,cad,€575.20,Acquasanta,Montepellegrino,VIII,96.25,70.25,Accordo Quadro - CUP D71G23000050001,37,sempreverde,706180.61,743348.01,728481.05,706180.61,img/albero.png,,"geo:38.143252,13.357106"
AD019AD,ALB_0320,Via Rizzo Ammiraglio - A,41870,930,01/01/1025,Dott. Roberto Marceddu,114,Ficus magnoloides,Cercine,38.143232,13.357037,15,300,3,1,C,APL.026S,,,,,,,,,,,,,,,Potatura ars topiaria base 20-30m²,cad,€575.20,Acquasanta,Montepellegrino,VIII,96.25,70.25,Accordo Quadro - CUP D71G23000050001,37,sempreverde,706180.61,743348.01,728481.05,706180.61,img/albero.png,,"geo:38.143232,13.357037"
AD020AD,ALB_0321,Via Rizzo Ammiraglio - A,41870,930,01/01/1025,Dott. Roberto Marceddu,115,Ficus magnoloides,Cercine,38.143208,13.356983,15,300,3,1,C,APL.026S,,,,,,,,,,,,,,,Potatura ars topiaria base 20-30m²,cad,€575.20,Acquasanta,Montepellegrino,VIII,96.25,70.25,Accordo Quadro - CUP D71G23000050001,39,sempreverde,706180.61,743348.01,728481.05,706180.61,img/albero.png,,"geo:38.143208,13.356983"
AD021AD,ALB_0322,Via Rizzo Ammiraglio - A,41870,930,01/01/1025,Dott. Roberto Marceddu,116,Ficus magnoloides,Cercine,38.143180,13.356937,15,300,3,1,C/D,APL.026S,,,,,,,,,,,,,,,Potatura ars topiaria base 20-30m²,cad,€575.20,Acquasanta,Montepellegrino,VIII,96.25,70.25,Accordo Quadro - CUP D71G23000050001,39,sempreverde,302648.83,318577.72,312206.17,302648.83,img/albero.png,,"geo:38.14318,13.356937"
AD022AD,ALB_0323,Viale Michelangelo - A,28160,2917,27/12/2025,Giuseppe Maniscalco,006,Platanus Hybrida,Cercine,38.139544,13.329297,7,41,0.6,0.2,C,APL.005S,Annuale,,,,,,,,,,,,,,Potatura decidui chioma espansa h.6-12m,cad,€186.07,Cruillas,Cruillas - S.Giovanni Apostolo,VI,36.75,26.75,Accordo Quadro - CUP D71G23000050001,39 A,decidua,38214.81,5459.26,3275.56,0.00,img/albero.png,,"geo:38.139544,13.329297"
AD023AD,ALB_0324,Viale Michelangelo - A,28160,2917,27/12/2025,Giuseppe Maniscalco,009,Platanus Hybrida,Cercine,38.139455,13.328932,8,35,0.6,0.2,C,APL.005S,Annuale,,,,,,,,,,,,,,Potatura decidui chioma espansa h.6-12m,cad,€186.07,Cruillas,Cruillas - S.Giovanni Apostolo,VI,35.84,26.09,Accordo Quadro - CUP D71G23000050001,39 A,decidua,32470.64,4638.66,2783.20,0.00,img/albero.png,,"geo:38.139455,13.328932"
AD024AD,ALB_0325,Viale Michelangelo - A,28160,2917,27/12/2025,Giuseppe Maniscalco,011,Platanus Hybrida,Cercine,38.139331,13.328433,0,34,0.6,0.2,Ceppaia,SIC24_1.6.2,Ceppo,,NP00.15121106,Platanus x acerifolia circ.12/14cm aiuola,€529.11,,,,,,,,,,Rimozione ceppaie 0.5-1.5 m³,cad,€228.15,Cruillas,Cruillas - S.Giovanni Apostolo,VI,35.69,25.97,Accordo Quadro - CUP D71G23000050001,39 B,decidua,0.00,0.00,0.00,0.00,img/albero.png,,"geo:38.139331,13.328433"
AD025AD,ALB_0326,Viale Michelangelo - A,28160,2917,27/12/2025,Giuseppe Maniscalco,015,Platanus Hybrida,Cercine,38.139212,13.327918,0,50,0.6,0.2,Ceppaia,SIC24_1.6.2,Ceppo,,NP00.15121106,Platanus x acerifolia circ.12/14cm aiuola,€529.11,,,,,,,,,,Rimozione ceppaie 0.5-1.5 m³,cad,€228.15,Cruillas,Cruillas - S.Giovanni Apostolo,VI,38.13,27.75,Accordo Quadro - CUP D71G23000050001,39 B,decidua,0.00,0.00,0.00,0.00,img/albero.png,,"geo:38.139212,13.327918"
AD026AD,ALB_0327,Viale Michelangelo - A,28160,2917,27/12/2025,Giuseppe Maniscalco,016,Platanus Hybrida,Cercine,38.139161,13.327706,8,31,0.6,0.2,C,APL.005S,Annuale,,,,,,,,,,,,,,Potatura decidui chioma espansa h.6-12m,cad,€186.07,Cruillas,Cruillas - S.Giovanni Apostolo,VI,35.23,25.64,Accordo Quadro - CUP D71G23000050001,41 D,decidua,25472.89,3638.98,2183.39,0.00,img/albero.png,,"geo:38.139161,13.327706"
AD027AD,ALB_0328,Viale Michelangelo - A,28160,2917,27/12/2025,Giuseppe Maniscalco,024,Robinia pseudoacacia,Cercine,38.138948,13.326772,14,35,0.6,0.2,C,APL.006S,Annuale,,,,,,,,,,,,,,Potatura decidui chioma espansa h.12-16m,cad,€250.87,Cruillas,Cruillas - S.Giovanni Apostolo,VI,23.62,17.16,Accordo Quadro - CUP D71G23000050001,41 E,decidua,7983.07,11404.38,5702.19,0.00,img/albero.png,,"geo:38.138948,13.326772"
AD028AD,ALB_0329,Viale Michelangelo - A,28160,2917,27/12/2025,Giuseppe Maniscalco,033,Platanus Hybrida,Cercine,38.138627,13.325396,8,30,0.6,0.2,C,APL.005S,Annuale,,,,,,,,,,,,,,Potatura decidui chioma espansa h.6-12m,cad,€186.07,Cruillas,Cruillas - S.Giovanni Apostolo,VI,35.08,25.53,Accordo Quadro - CUP D71G23000050001,41 F,decidua,23855.98,3408.00,2044.80,0.00,img/albero.png,,"geo:38.138627,13.325396"
AD029AD,ALB_0330,Viale Michelangelo - A,28160,2917,27/12/2025,Giuseppe Maniscalco,034,Platanus Hybrida,Cercine,38.138598,13.325313,9,34,0.6,0.2,D,APL.017S,Abbattimento,,SIC24_1.6.2,Rimozione ceppaie 0.5-1.5 m³,€228.15,,NP00.15121106,Platanus x acerifolia circ.12/14cm aiuola,€529.11,,,,,,Abbattimento chioma espansa h.6-12m,cad,€256.86,Cruillas,Cruillas - S.Giovanni Apostolo,VI,35.69,25.97,Accordo Quadro - CUP D71G23000050001,41 H,decidua,25061.67,3580.24,2148.14,0.00,img/albero.png,,"geo:38.138598,13.325313"
AD030AD,ALB_0331,Viale Michelangelo - A,28160,2917,27/12/2025,Giuseppe Maniscalco,035,Platanus Hybrida,Cercine,38.138579,13.325199,16,42,0.6,0.2,C,APL.006S,Annuale,,,,,,,,,,,,,,Potatura decidui chioma espansa h.12-16m,cad,€250.87,Cruillas,Cruillas - S.Giovanni Apostolo,VI,36.91,26.86,Accordo Quadro - CUP D71G23000050001,41 L,decidua,103761.88,14823.13,8893.88,0.00,img/albero.png,,"geo:38.138579,13.325199"
AD031AD,ALB_0332,Viale Michelangelo - A,28160,2917,27/12/2025,Giuseppe Maniscalco,036,Platanus Hybrida,Cercine,38.138546,13.325095,13,45,0.6,0.2,C,APL.006S,Annuale,,,,,,,,,,,,,,Potatura decidui chioma espansa h.12-16m,cad,€250.87,Cruillas,Cruillas - S.Giovanni Apostolo,VI,37.36,27.2,Accordo Quadro - CUP D71G23000050001,41 L,decidua,93812.60,13401.80,8041.08,0.00,img/albero.png,,"geo:38.138546,13.325095"
AD032AD,ALB_0333,Viale Michelangelo - A,28160,2917,27/12/2025,Giuseppe Maniscalco,038,Platanus Hybrida,Cercine,38.138505,13.324868,12,42,0.6,0.2,C/D,APL.005S,Annuale,,,,,,,,,,,,,,Potatura decidui chioma espansa h.6-12m,cad,€186.07,Cruillas,Cruillas - S.Giovanni Apostolo,VI,36.91,26.86,Accordo Quadro - CUP D71G23000050001,41 L,decidua,31943.43,4563.35,2738.01,0.00,img/albero.png,,"geo:38.138505,13.324868"
AD033AD,ALB_0334,Viale Michelangelo - A,28160,2917,27/12/2025,Giuseppe Maniscalco,039,Platanus Hybrida,Cercine,38.138484,13.324775,13,45,0.6,0.2,C,APL.006S,Annuale,,,,,,,,,,,,,,Potatura decidui chioma espansa h.12-16m,cad,€250.87,Cruillas,Cruillas - S.Giovanni Apostolo,VI,37.36,27.2,Accordo Quadro - CUP D71G23000050001,45,decidua,93812.60,13401.80,8041.08,0.00,img/albero.png,,"geo:38.138484,13.324775"
AD034AD,ALB_0335,Viale Michelangelo - A,28160,2917,27/12/2025,Giuseppe Maniscalco,040,Platanus Hybrida,Cercine,38.138427,13.324541,16,51,0.6,0.2,C,APL.006S,Annuale,,,,,,,,,,,,,,Potatura decidui chioma espansa h.12-16m,cad,€250.87,Cruillas,Cruillas - S.Giovanni Apostolo,VI,38.28,27.86,Accordo Quadro - CUP D71G23000050001,47 B,decidua,152995.84,21856.55,13113.93,0.00,img/albero.png,,"geo:38.138427,13.324541"
AD035AD,ALB_0336,Viale Michelangelo - A,28160,2917,27/12/2025,Giuseppe Maniscalco,042,Platanus Hybrida,Cercine,38.138317,13.324091,13,38,0.6,0.2,C,APL.006S,Annuale,,,,,,,,,,,,,,Potatura decidui chioma espansa h.12-16m,cad,€250.87,Cruillas,Cruillas - S.Giovanni Apostolo,VI,36.3,26.42,Accordo Quadro - CUP D71G23000050001,49 A,decidua,66896.49,9556.64,5733.98,0.00,img/albero.png,,"geo:38.138317,13.324091"
AD036AD,ALB_0337,Viale Michelangelo - A,28160,2917,27/12/2025,Giuseppe Maniscalco,043,Platanus Hybrida,Cercine,38.138267,13.323901,15,38,0.6,0.2,C/D,APL.006S,post-intervento,,,,,,,,,,,,,,Potatura decidui chioma espansa h.12-16m,cad,€250.87,Cruillas,Cruillas - S.Giovanni Apostolo,VI,36.3,26.42,Accordo Quadro - CUP D71G23000050001,49 E,decidua,33798.44,4828.35,2897.01,0.00,img/albero.png,,"geo:38.138267,13.323901"
AD037AD,ALB_0338,Viale Michelangelo - A,28160,2917,27/12/2025,Giuseppe Maniscalco,044,Platanus Hybrida,Cercine,38.13819,13.323571,11,44,0.6,0.2,C,APL.005S,Annuale,,,,,,,,,,,,,,Potatura decidui chioma espansa h.6-12m,cad,€186.07,Cruillas,Cruillas - S.Giovanni Apostolo,VI,37.21,27.08,Accordo Quadro - CUP D71G23000050001,51,decidua,74013.04,10573.29,6343.97,0.00,img/albero.png,,"geo:38.13819,13.323571"
AD038AD,ALB_0339,Viale Michelangelo - A,28160,2917,27/12/2025,Giuseppe Maniscalco,045,Platanus Hybrida,Cercine,38.138175,13.323489,10,35,0.6,0.2,C,APL.005S,Annuale,,,,,,,,,,,,,,Potatura decidui chioma espansa h.6-12m,cad,€186.07,Cruillas,Cruillas - S.Giovanni Apostolo,VI,35.84,26.09,Accordo Quadro - CUP D71G23000050001,51 D,decidua,41969.85,5995.69,3597.42,0.00,img/albero.png,,"geo:38.138175,13.323489"
AD039AD,ALB_0340,Viale Michelangelo - A,28160,2917,27/12/2025,Giuseppe Maniscalco,046,Platanus Hybrida,Cercine,38.138115,13.323255,12,30,0.6,0.2,C,APL.005S,Annuale,,,,,,,,,,,,,,Potatura decidui chioma espansa h.6-12m,cad,€186.07,Cruillas,Cruillas - S.Giovanni Apostolo,VI,35.08,25.53,Accordo Quadro - CUP D71G23000050001,53,decidua,38027.89,5432.56,3259.53,0.00,img/albero.png,,"geo:38.138115,13.323255"
AD040AD,ALB_0341,Viale Michelangelo - B,28160,2917,27/12/2025,Giuseppe Maniscalco,048,Platanus Hybrida,Cercine,38.13797,13.322598,10,54,0.6,0.2,C,APL.005S,Annuale,,,,,,,,,,,,,,Potatura decidui chioma espansa h.6-12m,cad,€186.07,Cruillas,Cruillas - S.Giovanni Apostolo,VI,38.74,28.19,Accordo Quadro - CUP D71G23000050001,53,decidua,99905.36,14272.19,8563.32,0.00,img/albero.png,,"geo:38.13797,13.322598"
AD041AD,ALB_0342,Viale Michelangelo - B,28160,2917,27/12/2025,Giuseppe Maniscalco,049,Platanus Hybrida,Cercine,38.137942,13.322494,10,48,0.6,0.2,C,APL.005S,Annuale,,,,,,,,,,,,,,Potatura decidui chioma espansa h.6-12m,cad,€186.07,Cruillas,Cruillas - S.Giovanni Apostolo,VI,37.82,27.53,Accordo Quadro - CUP D71G23000050001,53 A,decidua,78937.57,11276.80,6766.08,0.00,img/albero.png,,"geo:38.137942,13.322494"
AD042AD,ALB_0343,Viale Michelangelo - B,28160,2917,27/12/2025,Giuseppe Maniscalco,051,Platanus Hybrida,Cercine,38.137887,13.32227,12,60,0.6,0.2,C/D,APL.005S,Annuale,,,,,,,,,,,,,,Potatura decidui chioma espansa h.6-12m,cad,€186.07,Cruillas,Cruillas - S.Giovanni Apostolo,VI,39.65,28.86,Accordo Quadro - CUP D71G23000050001,55 A,decidua,65190.67,9312.95,5587.77,0.00,img/albero.png,,"geo:38.137887,13.32227"
AD043AD,ALB_0344,Viale Michelangelo - B,28160,2917,27/12/2025,Giuseppe Maniscalco,052,Platanus Hybrida,Cercine,38.137869,13.32216,12,55,0.6,0.2,C/D,APL.005S,Annuale,,,,,,,,,,,,,,Potatura decidui chioma espansa h.6-12m,cad,€186.07,Cruillas,Cruillas - S.Giovanni Apostolo,VI,38.89,28.31,Accordo Quadro - CUP D71G23000050001,55 C,decidua,54778.27,7825.47,4695.28,0.00,img/albero.png,,"geo:38.137869,13.32216"
AD044AD,ALB_0345,Viale Michelangelo - B,28160,2917,27/12/2025,Giuseppe Maniscalco,053,Platanus Hybrida,Cercine,38.137846,13.322082,9,35,0.6,0.2,C,APL.005S,Annuale,,,,,,,,,,,,,,Potatura decidui chioma espansa h.6-12m,cad,€186.07,Cruillas,Cruillas - S.Giovanni Apostolo,VI,35.84,26.09,Accordo Quadro - CUP D71G23000050001,57 A,decidua,37180.59,5311.51,3186.91,0.00,img/albero.png,,"geo:38.137846,13.322082"
AD045AD,ALB_0346,Viale Michelangelo - B,28160,2917,27/12/2025,Giuseppe Maniscalco,054,Platanus Hybrida,Cercine,38.137825,13.321962,65,13,0.6,0.2,D,APL.017S,Abbattimento,,SIC24_1.6.2,Rimozione ceppaie 0.5-1.5 m³,€228.15,,NP00.15121106,Platanus x acerifolia circ.12/14cm aiuola,€529.11,,,,,,Abbattimento chioma espansa h.6-12m,cad,€256.86,Cruillas,Cruillas - S.Giovanni Apostolo,VI,32.48,23.64,Accordo Quadro - CUP D71G23000050001,57 B,decidua,35596.75,5085.25,3051.15,0.00,img/albero.png,,"geo:38.137825,13.321962"
AD046AD,ALB_0347,Viale Michelangelo - B,28160,2917,27/12/2025,Giuseppe Maniscalco,055,Platanus Hybrida,Cercine,38.13779,13.321833,9,35,0.6,0.2,C,APL.005S,Annuale,,,,,,,,,,,,,,Potatura decidui chioma espansa h.6-12m,cad,€186.07,Cruillas,Cruillas - S.Giovanni Apostolo,VI,35.84,26.09,Accordo Quadro - CUP D71G23000050001,57 C,decidua,37180.59,5311.51,3186.91,0.00,img/albero.png,,"geo:38.13779,13.321833"
AD047AD,ALB_0348,Viale Michelangelo - B,28160,2917,27/12/2025,Giuseppe Maniscalco,056,Platanus Hybrida,Cercine,38.137765,13.321734,8,35,0.6,0.2,D,APL.017S,Abbattimento,,SIC24_1.6.2,Rimozione ceppaie 0.5-1.5 m³,€228.15,,NP00.15121106,Platanus x acerifolia circ.12/14cm aiuola,€529.11,,,,,,Abbattimento chioma espansa h.6-12m,cad,€256.86,Cruillas,Cruillas - S.Giovanni Apostolo,VI,35.84,26.09,Accordo Quadro - CUP D71G23000050001,59 D,decidua,23193.31,3313.33,1988.00,0.00,img/albero.png,,"geo:38.137765,13.321734"
AD048AD,ALB_0349,Viale Michelangelo - B,28160,2917,27/12/2025,Giuseppe Maniscalco,057,Platanus Hybrida,Cercine,38.137745,13.321639,8,38,0.6,0.2,C,APL.005S,Annuale,,,,,,,,,,,,,,Potatura decidui chioma espansa h.6-12m,cad,€186.07,Cruillas,Cruillas - S.Giovanni Apostolo,VI,36.3,26.42,Accordo Quadro - CUP D71G23000050001,63 B,decidua,38275.60,5467.94,3280.77,0.00,img/albero.png,,"geo:38.137745,13.321639"
AD049AD,ALB_0350,Viale Michelangelo - B,28160,2917,27/12/2025,Giuseppe Maniscalco,058,Platanus Hybrida,Cercine,38.137694,13.321455,15,64,0.6,0.2,C,APL.006S,Annuale,,,,,,,,,,,,,,Potatura decidui chioma espansa h.12-16m,cad,€250.87,Cruillas,Cruillas - S.Giovanni Apostolo,VI,40.26,29.3,Accordo Quadro - CUP D71G23000050001,65,decidua,223700.10,31957.16,19174.29,0.00,img/albero.png,,"geo:38.137694,13.321455"
AD050AD,ALB_0351,Viale Michelangelo - B,28160,2917,27/12/2025,Giuseppe Maniscalco,059,Platanus Hybrida,Cercine,38.137672,13.321361,13,70,0.6,0.2,C,APL.006S,Annuale,,,,,,,,,,,,,,Potatura decidui chioma espansa h.12-16m,cad,€250.87,Cruillas,Cruillas - S.Giovanni Apostolo,VI,41.18,29.97,Accordo Quadro - CUP D71G23000050001,65 B,decidua,227003.32,32429.05,19457.43,0.00,img/albero.png,,"geo:38.137672,13.321361"
AD051AD,ALB_0352,Viale Michelangelo - B,28160,2917,27/12/2025,Giuseppe Maniscalco,062,Platanus Hybrida,Cercine,38.137595,13.321022,12,53,0.6,0.2,C,APL.005S,Annuale,,,,,,,,,,,,,,Potatura decidui chioma espansa h.6-12m,cad,€186.07,Cruillas,Cruillas - S.Giovanni Apostolo,VI,38.58,28.08,Accordo Quadro - CUP D71G23000050001,65 E,decidua,118689.27,16955.61,10173.37,0.00,img/albero.png,,"geo:38.137595,13.321022"
AD052AD,ALB_0353,Viale Michelangelo - B,28160,2917,27/12/2025,Giuseppe Maniscalco,063,Platanus Hybrida,Cercine,38.137521,13.320708,13,42,0.6,0.2,C,APL.006S,Annuale,,,,,,,,,,,,,,Potatura decidui chioma espansa h.12-16m,cad,€250.87,Cruillas,Cruillas - S.Giovanni Apostolo,VI,36.91,26.86,Accordo Quadro - CUP D71G23000050001,65 G,decidua,81721.20,11674.46,7004.67,0.00,img/albero.png,,"geo:38.137521,13.320708"
AD053AD,ALB_0354,Viale Michelangelo - B,28160,2917,27/12/2025,Giuseppe Maniscalco,064,Platanus Hybrida,Cercine,38.137471,13.32048,,,0.6,0.2,C,APL.005S,Annuale,,,,,,,,,,,,,,Potatura decidui chioma espansa h.6-12m,cad,€186.07,Cruillas,Cruillas - S.Giovanni Apostolo,VI,30.5,22.2,Accordo Quadro - CUP D71G23000050001,11,decidua,0.00,0.00,0.00,0.00,img/albero.png,,"geo:38.137471,13.32048"
AD054AD,ALB_0355,Viale Michelangelo - B,28160,2917,27/12/2025,Giuseppe Maniscalco,065,Platanus Hybrida,Cercine,38.137446,13.320388,13,60,0.6,0.2,C,APL.006S,Annuale,,,,,,,,,,,,,,Potatura decidui chioma espansa h.12-16m,cad,€250.87,Cruillas,Cruillas - S.Giovanni Apostolo,VI,39.65,28.86,Accordo Quadro - CUP D71G23000050001,11,decidua,166777.95,23825.42,14295.25,0.00,img/albero.png,,"geo:38.137446,13.320388"
AD055AD,ALB_0356,Viale Michelangelo - B,28160,2917,27/12/2025,Giuseppe Maniscalco,071,Platanus Hybrida,Cercine,38.13729,13.319708,7,35,0.6,0.2,D,APL.017S,Abbattimento,,SIC24_1.6.2,Rimozione ceppaie 0.5-1.5 m³,€228.15,,NP00.15121106,Platanus x acerifolia circ.12/14cm aiuola,€529.11,,,,,,Abbattimento chioma espansa h.6-12m,cad,€256.86,Cruillas,Cruillas - S.Giovanni Apostolo,VI,35.84,26.09,Accordo Quadro - CUP D71G23000050001,11,decidua,19891.71,2841.67,1705.00,0.00,img/albero.png,,"geo:38.13729,13.319708"
AD056AD,ALB_0357,Viale Michelangelo - B,28160,2917,27/12/2025,Giuseppe Maniscalco,073,Platanus Hybrida,Cercine,38.137177,13.319249,12,55,0.6,0.2,C,APL.005S,Annuale,,,,,,,,,,,,,,Potatura decidui chioma espansa h.6-12m,cad,€186.07,Cruillas,Cruillas - S.Giovanni Apostolo,VI,38.89,28.31,Accordo Quadro - CUP D71G23000050001,68 A,decidua,127815.96,18259.42,10955.65,0.00,img/albero.png,,"geo:38.137177,13.319249"
AD057AD,ALB_0358,Viale Michelangelo - B,28160,2917,27/12/2025,Giuseppe Maniscalco,075,Platanus Hybrida,Cercine,38.136927,13.318197,12,48,0.6,0.2,C,APL.005S,Annuale,,,,,,,,,,,,,,Potatura decidui chioma espansa h.6-12m,cad,€186.07,Cruillas,Cruillas - S.Giovanni Apostolo,VI,37.82,27.53,Accordo Quadro - CUP D71G23000050001,67,decidua,97351.40,13907.34,8344.41,0.00,img/albero.png,,"geo:38.136927,13.318197"
AD058AD,ALB_0359,Viale Michelangelo - B,28160,2917,27/12/2025,Giuseppe Maniscalco,076,Platanus Hybrida,Cercine,38.136913,13.318118,11,33,0.6,0.2,C/D,APL.005S,Annuale,,,,,,,,,,,,,,Potatura decidui chioma espansa h.6-12m,cad,€186.07,Cruillas,Cruillas - S.Giovanni Apostolo,VI,35.53,25.86,Accordo Quadro - CUP D71G23000050001,67,decidua,17842.43,2548.92,1529.35,0.00,img/albero.png,,"geo:38.136913,13.318118"
AD059AD,ALB_0360,Viale Michelangelo - B,28160,2917,27/12/2025,Giuseppe Maniscalco,078,Platanus Hybrida,Cercine,38.136776,13.317627,11,38,0.6,0.2,C,APL.005S,Annuale,,,,,,,,,,,,,,Potatura decidui chioma espansa h.6-12m,cad,€186.07,Cruillas,Cruillas - S.Giovanni Apostolo,VI,36.3,26.42,Accordo Quadro - CUP D71G23000050001,67 B,decidua,55203.94,7886.28,4731.77,0.00,img/albero.png,,"geo:38.136776,13.317627"
AD060AD,ALB_0361,Viale Michelangelo - B,28160,2917,27/12/2025,Giuseppe Maniscalco,079,Platanus Hybrida,Cercine,38.136702,13.317398,10,34,0.6,0.2,C/D,APL.005S,Annuale,,,,,,,,,,,,,,Potatura decidui chioma espansa h.6-12m,cad,€186.07,Cruillas,Cruillas - S.Giovanni Apostolo,VI,35.69,25.97,Accordo Quadro - CUP D71G23000050001,67 E,decidua,16973.93,2424.85,1454.91,0.00,img/albero.png,,"geo:38.136702,13.317398"
AD061AD,ALB_0362,Viale Michelangelo - B,28160,2917,27/12/2025,Giuseppe Maniscalco,080,Platanus Hybrida,Cercine,38.136663,13.317319,12,52,0.6,0.2,C,APL.005S,Annuale,,,,,,,,,,,,,,Potatura decidui chioma espansa h.6-12m,cad,€186.07,Cruillas,Cruillas - S.Giovanni Apostolo,VI,38.43,27.97,Accordo Quadro - CUP D71G23000050001,67 G,decidua,114252.68,16321.81,9793.09,0.00,img/albero.png,,"geo:38.136663,13.317319"
AD062AD,ALB_0363,Viale Michelangelo - B,28160,2917,27/12/2025,Giuseppe Maniscalco,082,Platanus Hybrida,Cercine,38.136491,13.316903,13,58,0.6,0.2,C,APL.006S,Annuale,,,,,,,,,,,,,,Potatura decidui chioma espansa h.12-16m,cad,€250.87,Cruillas,Cruillas - S.Giovanni Apostolo,VI,39.35,28.64,Accordo Quadro - CUP D71G23000050001,71,decidua,155844.73,22263.53,13358.12,0.00,img/albero.png,,"geo:38.136491,13.316903"
AD063AD,ALB_0364,Viale Michelangelo - B,28160,2917,27/12/2025,Giuseppe Maniscalco,083,Platanus Hybrida,Cercine,38.136366,13.316629,,,0.6,0.2,C,APL.005S,Annuale,,,,,,,,,,,,,,Potatura decidui chioma espansa h.6-12m,cad,€186.07,Cruillas,Cruillas - S.Giovanni Apostolo,VI,30.5,22.2,Accordo Quadro - CUP D71G23000050001,71,decidua,0.00,0.00,0.00,0.00,img/albero.png,,"geo:38.136366,13.316629"
AD064AD,ALB_0365,Viale Michelangelo - B,28160,2917,27/12/2025,Giuseppe Maniscalco,084,Platanus Hybrida,Cercine,38.136203,13.316214,,,0.6,0.2,C,APL.005S,Annuale,,,,,,,,,,,,,,Potatura decidui chioma espansa h.6-12m,cad,€186.07,Cruillas,Cruillas - S.Giovanni Apostolo,VI,30.5,22.2,Accordo Quadro - CUP D71G23000050001,73,decidua,0.00,0.00,0.00,0.00,img/albero.png,,"geo:38.136203,13.316214"
AD065AD,ALB_0366,Viale Michelangelo - B,28160,2917,27/12/2025,Giuseppe Maniscalco,085,Platanus Hybrida,Cercine,38.136152,13.316107,0,38,0.6,0.2,Ceppaia,SIC24_1.6.2,Ceppo,,NP00.15121106,Platanus x acerifolia circ.12/14cm aiuola,€529.11,,,,,,,,,,Rimozione ceppaie 0.5-1.5 m³,cad,€228.15,Cruillas,Cruillas - S.Giovanni Apostolo,VI,36.3,26.42,Accordo Quadro - CUP D71G23000050001,75,decidua,0.00,0.00,0.00,0.00,img/albero.png,,"geo:38.136152,13.316107"
AD066AD,ALB_0367,Viale Michelangelo - B,28160,2917,27/12/2025,Giuseppe Maniscalco,086,Platanus Hybrida,Cercine,38.13611,13.316023,11,40,0.6,0.2,C,APL.005S,Annuale,,,,,,,,,,,,,,Potatura decidui chioma espansa h.6-12m,cad,€186.07,Cruillas,Cruillas - S.Giovanni Apostolo,VI,36.6,26.64,Accordo Quadro - CUP D71G23000050001,75,decidua,61167.80,8738.26,5242.95,0.00,img/albero.png,,"geo:38.13611,13.316023"
AD067AD,ALB_0368,Viale Michelangelo - B,28160,2917,27/12/2025,Giuseppe Maniscalco,087,Platanus Hybrida,Cercine,38.136037,13.315845,13,42,0.6,0.2,D,APL.018S,Abbattimento,,SIC24_1.6.2,Rimozione ceppaie 0.5-1.5 m³,€228.15,,NP00.15121106,Platanus x acerifolia circ.12/14cm aiuola,€529.11,,,,,,Abbattimento chioma espansa h.12-16m,cad,€316.90,Cruillas,Cruillas - S.Giovanni Apostolo,VI,36.91,26.86,Accordo Quadro - CUP D71G23000050001,77,decidua,58372.28,8338.90,5003.34,0.00,img/albero.png,,"geo:38.136037,13.315845"
AD068AD,ALB_0369,Viale Michelangelo - C,28160,2917,27/12/2025,Giuseppe Maniscalco,088,Platanus Hybrida,Cercine,38.135968,13.315679,13,51,0.6,0.2,C,APL.006S,Annuale,,,,,,,,,,,,,,Potatura decidui chioma espansa h.12-16m,cad,€250.87,Cruillas,Cruillas - S.Giovanni Apostolo,VI,38.28,27.86,Accordo Quadro - CUP D71G23000050001,77,decidua,120497.07,17213.87,10328.32,0.00,img/albero.png,,"geo:38.135968,13.315679"
AD069AD,ALB_0370,Viale Michelangelo - C,28160,2917,27/12/2025,Giuseppe Maniscalco,091,Platanus Hybrida,Cercine,38.135769,13.315229,13,42,0.6,0.2,C/D,APL.006S,Annuale,,,,,,,,,,,,,,Potatura decidui chioma espansa h.12-16m,cad,€250.87,Cruillas,Cruillas - S.Giovanni Apostolo,VI,36.91,26.86,Accordo Quadro - CUP D71G23000050001,81,decidua,35023.37,5003.34,3002.00,0.00,img/albero.png,,"geo:38.135769,13.315229"
AD070AD,ALB_0371,Viale Michelangelo - C,28160,2917,27/12/2025,Giuseppe Maniscalco,092,Platanus Hybrida,Cercine,38.135658,13.314956,9,27,0.6,0.2,C,APL.005S,Annuale,,,,,,,,,,,,,,Potatura decidui chioma espansa h.6-12m,cad,€186.07,Cruillas,Cruillas - S.Giovanni Apostolo,VI,34.62,25.2,Accordo Quadro - CUP D71G23000050001,2,decidua,22126.24,3160.89,1896.54,0.00,img/albero.png,,"geo:38.135658,13.314956"
AD071AD,ALB_0372,Viale Michelangelo - C,28160,2917,27/12/2025,Giuseppe Maniscalco,093,Platanus Hybrida,Cercine,38.135622,13.31485,5,20,0.6,0.2,D,APL.016S,Abbattimento,,SIC24_1.6.2,Rimozione ceppaie 0.5-1.5 m³,€228.15,,NP00.15121106,Platanus x acerifolia circ.12/14cm aiuola,€529.11,,,,,,Abbattimento chioma espansa h<6m,cad,€165.88,Cruillas,Cruillas - S.Giovanni Apostolo,VI,33.55,24.42,Accordo Quadro - CUP D71G23000050001,2,decidua,4411.12,630.16,378.10,0.00,img/albero.png,,"geo:38.135622,13.31485"
AD072AD,ALB_0373,Viale Michelangelo - C,28160,2917,27/12/2025,Giuseppe Maniscalco,096,Platanus Hybrida,Cercine,38.135383,13.314298,7,40,0.6,0.2,C,APL.005S,Annuale,,,,,,,,,,,,,,Potatura decidui chioma espansa h.6-12m,cad,€186.07,Cruillas,Cruillas - S.Giovanni Apostolo,VI,36.6,26.64,Accordo Quadro - CUP D71G23000050001,2,decidua,36373.41,5196.20,3117.72,0.00,img/albero.png,,"geo:38.135383,13.314298"
AD073AD,ALB_0374,Viale Michelangelo - C,28160,2917,27/12/2025,Giuseppe Maniscalco,097,Platanus Hybrida,Cercine,38.134672,13.312596,16,71,0.6,0.2,C,APL.006S,Annuale,,,,,,,,,,,,,,Potatura decidui chioma espansa h.12-16m,cad,€250.87,Cruillas,Cruillas - S.Giovanni Apostolo,VI,41.33,30.08,Accordo Quadro - CUP D71G23000050001,2,decidua,296521.34,42360.19,25416.11,0.00,img/albero.png,,"geo:38.134672,13.312596"
AD074AD,ALB_0375,Viale Michelangelo - C,28160,2917,27/12/2025,Giuseppe Maniscalco,098,Platanus Hybrida,Cercine,38.134498,13.312204,14,72,0.6,0.2,C,APL.006S,Annuale,,,,,,,,,,,,,,Potatura decidui chioma espansa h.12-16m,cad,€250.87,Cruillas,Cruillas - S.Giovanni Apostolo,VI,41.48,30.19,Accordo Quadro - CUP D71G23000050001,129,decidua,261525.18,37360.74,22416.44,0.00,img/albero.png,,"geo:38.134498,13.312204"
AD075AD,ALB_0376,Viale Michelangelo - C,28160,2917,27/12/2025,Giuseppe Maniscalco,099,Platanus Hybrida,Cercine,38.134153,13.311411,13,65,0.6,0.2,C,APL.006S,Annuale,,,,,,,,,,,,,,Potatura decidui chioma espansa h.12-16m,cad,€250.87,Cruillas,Cruillas - S.Giovanni Apostolo,VI,40.41,29.42,Accordo Quadro - CUP D71G23000050001,127,decidua,195732.46,27961.78,16777.07,0.00,img/albero.png,,"geo:38.134153,13.311411"
AD076AD,ALB_0377,Viale Michelangelo - C,28160,2917,27/12/2025,Giuseppe Maniscalco,100,Platanus Hybrida,Cercine,38.134094,13.311276,14,73,0.6,0.2,C,APL.006S,Annuale,,,,,,,,,,,,,,Potatura decidui chioma espansa h.12-16m,cad,€250.87,Cruillas,Cruillas - S.Giovanni Apostolo,VI,41.63,30.3,Accordo Quadro - CUP D71G23000050001,123,decidua,268840.22,38405.75,23043.45,0.00,img/albero.png,,"geo:38.134094,13.311276"
AD077AD,ALB_0378,Viale Michelangelo - C,28160,2917,27/12/2025,Giuseppe Maniscalco,101,Platanus Hybrida,Cercine,38.13391,13.31082,,,0.6,0.2,C/D,APL.005S,Annuale,,,,,,,,,,,,,,Potatura decidui chioma espansa h.6-12m,cad,€186.07,Cruillas,Cruillas - S.Giovanni Apostolo,VI,30.5,22.2,Accordo Quadro - CUP D71G23000050001,121,decidua,0.00,0.00,0.00,0.00,img/albero.png,,"geo:38.13391,13.31082"
AD078AD,ALB_0379,Viale Michelangelo - D,28160,2917,27/12/2025,Giuseppe Maniscalco,102,Platanus Hybrida,Cercine,38.133055,13.308867,10,35,0.6,0.2,C,APL.005S,Annuale,,,,,,,,,,,,,,Potatura decidui chioma espansa h.6-12m,cad,€186.07,Cruillas,Cruillas - S.Giovanni Apostolo,VI,35.84,26.09,Accordo Quadro - CUP D71G23000050001,117,decidua,41969.85,5995.69,3597.42,0.00,img/albero.png,,"geo:38.133055,13.308867"
AD079AD,ALB_0380,Viale Michelangelo - D,28160,2917,27/12/2025,Giuseppe Maniscalco,103,Platanus Hybrida,Cercine,38.132456,13.307448,14,67,0.6,0.2,C,APL.006S,Annuale,,,,,,,,,,,,,,Potatura decidui chioma espansa h.12-16m,cad,€250.87,Cruillas,Cruillas - S.Giovanni Apostolo,VI,40.72,29.64,Accordo Quadro - CUP D71G23000050001,113,decidua,226463.45,32351.92,19411.15,0.00,img/albero.png,,"geo:38.132456,13.307448"
AD080AD,ALB_0381,Viale Michelangelo - D,28160,2917,27/12/2025,Giuseppe Maniscalco,104,Platanus Hybrida,Cercine,38.132325,13.30716,10,35,0.6,0.2,C,APL.005S,Annuale,,,,,,,,,,,,,,Potatura decidui chioma espansa h.6-12m,cad,€186.07,Cruillas,Cruillas - S.Giovanni Apostolo,VI,35.84,26.09,Accordo Quadro - CUP D71G23000050001,109,decidua,41969.85,5995.69,3597.42,0.00,img/albero.png,,"geo:38.132325,13.30716"
AD081AD,ALB_0382,Viale Michelangelo - D,28160,2917,27/12/2025,Giuseppe Maniscalco,105,Platanus Hybrida,Cercine,38.132,13.30639,12,51,0.6,0.2,C,APL.005S,Annuale,,,,,,,,,,,,,,Potatura decidui chioma espansa h.6-12m,cad,€186.07,Cruillas,Cruillas - S.Giovanni Apostolo,VI,38.28,27.86,Accordo Quadro - CUP D71G23000050001,105,decidua,109900.60,15700.09,9420.05,0.00,img/albero.png,,"geo:38.132,13.30639"
AD082AD,ALB_0383,Viale Michelangelo - D,28160,2917,27/12/2025,Giuseppe Maniscalco,108,Platanus Hybrida,Cercine,38.1317,13.305713,9,28,0.6,0.2,C,APL.005S,Annuale,,,,,,,,,,,,,,Potatura decidui chioma espansa h.6-12m,cad,€186.07,Cruillas,Cruillas - S.Giovanni Apostolo,VI,34.77,25.31,Accordo Quadro - CUP D71G23000050001,103 B,decidua,23795.58,3399.37,2039.62,0.00,img/albero.png,,"geo:38.1317,13.305713"
AD083AD,ALB_0384,Viale Michelangelo - D,28160,2917,27/12/2025,Giuseppe Maniscalco,106,Platanus Hybrida,Cercine,NON MAPPATO,,,,,,D,APL.016S,Morto in piedi,,SIC24_1.6.2,Rimozione ceppaie 0.5-1.5 m³,€228.15,,NP00.15121106,Platanus x acerifolia circ.12/14cm aiuola,€529.11,,,,,,Abbattimento chioma espansa h<6m,cad,€165.88,Cruillas,Cruillas - S.Giovanni Apostolo,VI,30.5,22.2,Accordo Quadro - CUP D71G23000050001,103,decidua,0.00,0.00,0.00,0.00,img/albero.png,,"geo:NON MAPPATO,"
AD084AD,ALB_0385,Viale Michelangelo - D,28160,2917,27/12/2025,Giuseppe Maniscalco,109,Platanus Hybrida,Cercine,38.13135,13.304879,12,50,0.6,0.2,C,APL.005S,Annuale,,,,,,,,,,,,,,Potatura decidui chioma espansa h.6-12m,cad,€186.07,Cruillas,Cruillas - S.Giovanni Apostolo,VI,38.13,27.75,Accordo Quadro - CUP D71G23000050001,103,decidua,105633.03,15090.43,9054.26,0.00,img/albero.png,,"geo:38.13135,13.304879"
AD085AD,ALB_0386,Viale Michelangelo - D,28160,2917,27/12/2025,Giuseppe Maniscalco,110,Platanus Hybrida,Cercine,38.131275,13.304707,14,64,0.6,0.2,C/D,APL.006S,Annuale,,,,,,,,,,,,,,Potatura decidui chioma espansa h.12-16m,cad,€250.87,Cruillas,Cruillas - S.Giovanni Apostolo,VI,40.26,29.3,Accordo Quadro - CUP D71G23000050001,101,decidua,88558.79,12651.26,7590.75,0.00,img/albero.png,,"geo:38.131275,13.304707"
AD086AD,ALB_0387,Viale Michelangelo - D,28160,2917,27/12/2025,Giuseppe Maniscalco,111,Platanus Hybrida,Cercine,38.131125,13.304356,12,39,0.6,0.2,C,APL.005S,Annuale,,,,,,,,,,,,,,Potatura decidui chioma espansa h.6-12m,cad,€186.07,Cruillas,Cruillas - S.Giovanni Apostolo,VI,36.45,26.53,Accordo Quadro - CUP D71G23000050001,101,decidua,64267.13,9181.02,5508.61,0.00,img/albero.png,,"geo:38.131125,13.304356"
AD087AD,ALB_0388,Viale Michelangelo - D,28160,2917,27/12/2025,Giuseppe Maniscalco,112,Platanus Hybrida,Cercine,38.131036,13.304155,10,48,0.6,0.2,C,APL.005S,Annuale,,,,,,,,,,,,,,Potatura decidui chioma espansa h.6-12m,cad,€186.07,Cruillas,Cruillas - S.Giovanni Apostolo,VI,37.82,27.53,Accordo Quadro - CUP D71G23000050001,99,decidua,78937.57,11276.80,6766.08,0.00,img/albero.png,,"geo:38.131036,13.304155"
AD088AD,ALB_0389,Viale Michelangelo - D,28160,2917,27/12/2025,Giuseppe Maniscalco,114,Platanus Hybrida,Cercine,38.130913,13.304471,13,50,0.6,0.2,C/D,APL.006S,Annuale,,,,,,,,,,,,,,Potatura decidui chioma espansa h.12-16m,cad,€250.87,Cruillas,Cruillas - S.Giovanni Apostolo,VI,38.13,27.75,Accordo Quadro - CUP D71G23000050001,99,decidua,49636.30,7090.90,4254.54,0.00,img/albero.png,,"geo:38.130913,13.304471"
AD089AD,ALB_0390,Viale Michelangelo - D,28160,2917,27/12/2025,Giuseppe Maniscalco,116,Platanus Hybrida,Cercine,38.131037,13.304748,12,80,0.6,0.2,C/D,APL.005S,Annuale,,,,,,,,,,,,,,Potatura decidui chioma espansa h.6-12m,cad,€186.07,Cruillas,Cruillas - S.Giovanni Apostolo,VI,42.7,31.08,Accordo Quadro - CUP D71G23000050001,95,decidua,115894.52,16556.36,9933.82,0.00,img/albero.png,,"geo:38.131037,13.304748"
AD090AD,ALB_0391,Viale Michelangelo - D,28160,2917,27/12/2025,Giuseppe Maniscalco,119,Platanus Hybrida,Cercine,38.131189,13.305127,9,40,0.6,0.2,C/D,APL.005S,Annuale,,,,,,,,,,,,,,Potatura decidui chioma espansa h.6-12m,cad,€186.07,Cruillas,Cruillas - S.Giovanni Apostolo,VI,36.6,26.64,Accordo Quadro - CUP D71G23000050001,93 D,decidua,20812.46,2973.21,1783.92,0.00,img/albero.png,,"geo:38.131189,13.305127"
AD091AD,ALB_0392,Viale Michelangelo - D,28160,2917,27/12/2025,Giuseppe Maniscalco,120,Platanus Hybrida,Cercine,38.13129,13.305392,10,30,0.6,0.2,C/D,APL.005S,Annuale,,,,,,,,,,,,,,Potatura decidui chioma espansa h.6-12m,cad,€186.07,Cruillas,Cruillas - S.Giovanni Apostolo,VI,35.08,25.53,Accordo Quadro - CUP D71G23000050001,93 B,decidua,13214.99,1887.86,1132.71,0.00,img/albero.png,,"geo:38.13129,13.305392"
AD092AD,ALB_0393,Viale Michelangelo - D,28160,2917,27/12/2025,Giuseppe Maniscalco,122,Platanus Hybrida,Cercine,38.131519,13.30589,10,33,0.6,0.2,D,APL.017S,Abbattimento,,SIC24_1.6.2,Rimozione ceppaie 0.5-1.5 m³,,,NP00.15121106,Platanus x acerifolia circ.12/14cm aiuola,,,,,,,Abbattimento chioma espansa h.6-12m,cad,€256.86,Cruillas,Cruillas - S.Giovanni Apostolo,VI,35.53,25.86,Accordo Quadro - CUP D71G23000050001,93 A,decidua,26650.24,3807.18,2284.31,0.00,img/albero.png,,"geo:38.131519,13.30589"
AD093AD,ALB_0394,Viale Michelangelo - D,28160,2917,27/12/2025,Giuseppe Maniscalco,125,Platanus Hybrida,Cercine,38.131692,13.306282,9,38,0.6,0.2,C,APL.005S,Annuale,,,,,,,,,,,,,,Potatura decidui chioma espansa h.6-12m,cad,€186.07,Cruillas,Cruillas - S.Giovanni Apostolo,VI,36.3,26.42,Accordo Quadro - CUP D71G23000050001,91 B,decidua,43827.57,6261.08,3756.65,0.00,img/albero.png,,"geo:38.131692,13.306282"
AD094AD,ALB_0395,Viale Michelangelo - D,28160,2917,27/12/2025,Giuseppe Maniscalco,132,Platanus Hybrida,Cercine,38.132154,13.307372,8,31,0.6,0.2,C,APL.005S,Annuale,,,,,,,,,,,,,,Potatura decidui chioma espansa h.6-12m,cad,€186.07,Cruillas,Cruillas - S.Giovanni Apostolo,VI,35.23,25.64,Accordo Quadro - CUP D71G23000050001,91,decidua,25472.89,3638.98,2183.39,0.00,img/albero.png,,"geo:38.132154,13.307372"
AD095AD,ALB_0396,Viale Michelangelo - D,28160,2917,27/12/2025,Giuseppe Maniscalco,133,Platanus Hybrida,Cercine,38.132203,13.307479,10,38,0.6,0.2,D,APL.017S,Abbattimento,,SIC24_1.6.2,Rimozione ceppaie 0.5-1.5 m³,,,NP00.15121106,Platanus x acerifolia circ.12/14cm aiuola,,,,,,,Abbattimento chioma espansa h.6-12m,cad,€256.86,Cruillas,Cruillas - S.Giovanni Apostolo,VI,36.3,26.42,Accordo Quadro - CUP D71G23000050001,89,decidua,35337.88,5048.27,3028.96,0.00,img/albero.png,,"geo:38.132203,13.307479"
AD096AD,ALB_0397,Viale Michelangelo - D,28160,2917,27/12/2025,Giuseppe Maniscalco,134,Platanus Hybrida,Cercine,38.132252,13.307597,12,62,0.6,0.2,C,APL.005S,Annuale,,,,,,,,,,,,,,Potatura decidui chioma espansa h.6-12m,cad,€186.07,Cruillas,Cruillas - S.Giovanni Apostolo,VI,39.96,29.08,Accordo Quadro - CUP D71G23000050001,87 E,decidua,162421.34,23203.05,13921.83,0.00,img/albero.png,,"geo:38.132252,13.307597"
AD097AD,ALB_0398,Viale Michelangelo - D,28160,2917,27/12/2025,Giuseppe Maniscalco,135,Platanus Hybrida,Cercine,38.132365,13.307855,11,38,0.6,0.2,C,APL.005S,Annuale,,,,,,,,,,,,,,Potatura decidui chioma espansa h.6-12m,cad,€186.07,Cruillas,Cruillas - S.Giovanni Apostolo,VI,36.3,26.42,Accordo Quadro - CUP D71G23000050001,87 C,decidua,55203.94,7886.28,4731.77,0.00,img/albero.png,,"geo:38.132365,13.307855"
AD098AD,ALB_0399,Viale Michelangelo - D,28160,2917,27/12/2025,Giuseppe Maniscalco,139,Platanus Hybrida,Cercine,38.132611,13.308461,12,38,0.6,0.2,C,APL.005S,Annuale,,,,,,,,,,,,,,Potatura decidui chioma espansa h.6-12m,cad,€186.07,Cruillas,Cruillas - S.Giovanni Apostolo,VI,36.3,26.42,Accordo Quadro - CUP D71G23000050001,87 B,decidua,61013.64,8716.23,5229.74,0.00,img/albero.png,,"geo:38.132611,13.308461"
AD099AD,ALB_0400,Viale Michelangelo - D,28160,2917,27/12/2025,Giuseppe Maniscalco,141,Platanus Hybrida,Cercine,38.132699,13.308658,11,41,0.6,0.2,C,APL.005S,Annuale,,,,,,,,,,,,,,Potatura decidui chioma espansa h.6-12m,cad,€186.07,Cruillas,Cruillas - S.Giovanni Apostolo,VI,36.75,26.75,Accordo Quadro - CUP D71G23000050001,83,decidua,64264.42,9180.63,5508.38,0.00,img/albero.png,,"geo:38.132699,13.308658"
AE000AE,ALB_0401,Viale Michelangelo - D,28160,2917,27/12/2025,Giuseppe Maniscalco,143,Platanus Hybrida,Cercine,38.132826,13.308958,14,73,0.6,0.2,C,APL.006S,Annuale,,,,,,,,,,,,,,Potatura decidui chioma espansa h.12-16m,cad,€250.87,Cruillas,Cruillas - S.Giovanni Apostolo,VI,41.63,30.3,Accordo Quadro - CUP D71G23000050001,79,decidua,268840.22,38405.75,23043.45,0.00,img/albero.png,,"geo:38.132826,13.308958"
AE001AE,ALB_0402,Viale Michelangelo - D,28160,2917,27/12/2025,Giuseppe Maniscalco,146,Platanus Hybrida,Cercine,38.13302,13.309382,8,37,0.6,0.2,C,APL.005S,Annuale,,,,,,,,,,,,,,Potatura decidui chioma espansa h.6-12m,cad,€186.07,Cruillas,Cruillas - S.Giovanni Apostolo,VI,36.14,26.31,Accordo Quadro - CUP D71G23000050001,75,decidua,36287.60,5183.94,3110.37,0.00,img/albero.png,,"geo:38.13302,13.309382"
AE002AE,ALB_0403,Viale Michelangelo - C,28160,2917,27/12/2025,Giuseppe Maniscalco,152,Platanus Hybrida,Cercine,38.133433,13.31039,12,54,0.6,0.2,C/D,APL.005S,Annuale,,,,,,,,,,,,,,Potatura decidui chioma espansa h.6-12m,cad,€186.07,Cruillas,Cruillas - S.Giovanni Apostolo,VI,38.74,28.19,Accordo Quadro - CUP D71G23000050001,73,decidua,52804.44,7543.49,4526.09,0.00,img/albero.png,,"geo:38.133433,13.31039"
AE003AE,ALB_0404,Viale Michelangelo - C,28160,2917,27/12/2025,Giuseppe Maniscalco,155,Platanus Hybrida,Cercine,38.133568,13.310703,9,35,0.6,0.2,C,APL.005S,Annuale,,,,,,,,,,,,,,Potatura decidui chioma espansa h.6-12m,cad,€186.07,Cruillas,Cruillas - S.Giovanni Apostolo,VI,35.84,26.09,Accordo Quadro - CUP D71G23000050001,71,decidua,37180.59,5311.51,3186.91,0.00,img/albero.png,,"geo:38.133568,13.310703"
AE004AE,ALB_0405,Viale Michelangelo - C,28160,2917,27/12/2025,Giuseppe Maniscalco,156,Platanus Hybrida,Cercine,38.133652,13.310885,11,38,0.6,0.2,C,APL.005S,Annuale,,,,,,,,,,,,,,Potatura decidui chioma espansa h.6-12m,cad,€186.07,Cruillas,Cruillas - S.Giovanni Apostolo,VI,36.3,26.42,Accordo Quadro - CUP D71G23000050001,67,decidua,55203.94,7886.28,4731.77,0.00,img/albero.png,,"geo:38.133652,13.310885"
AE005AE,ALB_0406,Viale Michelangelo - C,28160,2917,27/12/2025,Giuseppe Maniscalco,157,Platanus Hybrida,Cercine,38.133739,13.3111,14,41,0.6,0.2,C/D,APL.006S,Annuale,,,,,,,,,,,,,,Potatura decidui chioma espansa h.12-16m,cad,€250.87,Cruillas,Cruillas - S.Giovanni Apostolo,VI,36.75,26.75,Accordo Quadro - CUP D71G23000050001,63,decidua,36344.56,5192.08,3115.25,0.00,img/albero.png,,"geo:38.133739,13.3111"
AE006AE,ALB_0407,Viale Michelangelo - C,28160,2917,27/12/2025,Giuseppe Maniscalco,160,Platanus Hybrida,Cercine,38.133917,13.311505,13,35,0.6,0.2,C,APL.006S,Annuale,,,,,,,,,,,,,,Potatura decidui chioma espansa h.12-16m,cad,€250.87,Cruillas,Cruillas - S.Giovanni Apostolo,VI,35.84,26.09,Accordo Quadro - CUP D71G23000050001,63,decidua,56750.83,8107.26,4864.36,0.00,img/albero.png,,"geo:38.133917,13.311505"
AE007AE,ALB_0408,Viale Michelangelo - C,28160,2917,27/12/2025,Giuseppe Maniscalco,161,Platanus Hybrida,Cercine,38.133968,13.311595,13,35,0.6,0.2,C,APL.006S,Annuale,,,,,,,,,,,,,,Potatura decidui chioma espansa h.12-16m,cad,€250.87,Cruillas,Cruillas - S.Giovanni Apostolo,VI,35.84,26.09,Accordo Quadro - CUP D71G23000050001,57,decidua,56750.83,8107.26,4864.36,0.00,img/albero.png,,"geo:38.133968,13.311595"
AE008AE,ALB_0409,Viale Michelangelo - C,28160,2917,27/12/2025,Giuseppe Maniscalco,162,Platanus Hybrida,Cercine,38.133989,13.311705,14,35,0.6,0.2,C,APL.006S,Annuale,,,,,,,,,,,,,,Potatura decidui chioma espansa h.12-16m,cad,€250.87,Cruillas,Cruillas - S.Giovanni Apostolo,VI,35.84,26.09,Accordo Quadro - CUP D71G23000050001,55 A,decidua,61799.45,8828.49,5297.10,0.00,img/albero.png,,"geo:38.133989,13.311705"
AE009AE,ALB_0410,Viale Michelangelo - C,28160,2917,27/12/2025,Giuseppe Maniscalco,163,Platanus Hybrida,Cercine,38.134032,13.311792,11,31,0.6,0.2,C,APL.005S,Annuale,,,,,,,,,,,,,,Potatura decidui chioma espansa h.6-12m,cad,€186.07,Cruillas,Cruillas - S.Giovanni Apostolo,VI,35.23,25.64,Accordo Quadro - CUP D71G23000050001,53 A,decidua,36738.91,5248.42,3149.05,0.00,img/albero.png,,"geo:38.134032,13.311792"
AE010AE,ALB_0411,Viale Michelangelo - C,28160,2917,27/12/2025,Giuseppe Maniscalco,164,Platanus Hybrida,Cercine,38.134081,13.311892,10,42,0.6,0.2,D,APL.017S,Abbattimento,,SIC24_1.6.2,Rimozione ceppaie 0.5-1.5 m³,,,NP00.15121106,Platanus x acerifolia circ.12/14cm aiuola,,,,,,,Abbattimento chioma espansa h.6-12m,cad,€256.86,Cruillas,Cruillas - S.Giovanni Apostolo,VI,36.91,26.86,Accordo Quadro - CUP D71G23000050001,39,decidua,43168.98,6167.00,3700.20,0.00,img/albero.png,,"geo:38.134081,13.311892"
AE011AE,ALB_0412,Viale Michelangelo - C,28160,2917,27/12/2025,Giuseppe Maniscalco,165,Platanus Hybrida,Cercine,38.134126,13.311988,13,60,0.6,0.2,C,APL.006S,Annuale,,,,,,,,,,,,,,Potatura decidui chioma espansa h.12-16m,cad,€250.87,Cruillas,Cruillas - S.Giovanni Apostolo,VI,39.65,28.86,Accordo Quadro - CUP D71G23000050001,29,decidua,166777.95,23825.42,14295.25,0.00,img/albero.png,,"geo:38.134126,13.311988"
AE012AE,ALB_0413,Viale Michelangelo - C,28160,2917,27/12/2025,Giuseppe Maniscalco,167,Platanus Hybrida,Cercine,38.134201,13.312185,10,42,0.6,0.2,C,APL.005S,Annuale,,,,,,,,,,,,,,Potatura decidui chioma espansa h.6-12m,cad,€186.07,Cruillas,Cruillas - S.Giovanni Apostolo,VI,36.91,26.86,Accordo Quadro - CUP D71G23000050001,27,decidua,60436.58,8633.80,5180.28,0.00,img/albero.png,,"geo:38.134201,13.312185"
AE013AE,ALB_0414,Viale Michelangelo - C,28160,2917,27/12/2025,Giuseppe Maniscalco,170,Platanus Hybrida,Cercine,38.134328,13.312486,9,28,0.6,0.2,D,APL.017S,Abbattimento,,SIC24_1.6.2,Rimozione ceppaie 0.5-1.5 m³,,,NP00.15121106,Platanus x acerifolia circ.12/14cm aiuola,,,,,,,Abbattimento chioma espansa h.6-12m,cad,€256.86,Cruillas,Cruillas - S.Giovanni Apostolo,VI,34.77,25.31,Accordo Quadro - CUP D71G23000050001,21,decidua,16996.84,2428.12,1456.87,0.00,img/albero.png,,"geo:38.134328,13.312486"
AE014AE,ALB_0415,Viale Michelangelo - C,28160,2917,27/12/2025,Giuseppe Maniscalco,172,Platanus Hybrida,Cercine,38.134417,13.312697,16,48,0.6,0.2,C,APL.006S,Annuale,,,,,,,,,,,,,,Potatura decidui chioma espansa h.12-16m,cad,€250.87,Cruillas,Cruillas - S.Giovanni Apostolo,VI,37.82,27.53,Accordo Quadro - CUP D71G23000050001,15,decidua,135525.72,19360.82,11616.49,0.00,img/albero.png,,"geo:38.134417,13.312697"
AE015AE,ALB_0416,Viale Michelangelo - C,28160,2917,27/12/2025,Giuseppe Maniscalco,173,Platanus Hybrida,Cercine,38.134516,13.312896,12,52,0.6,0.2,C/D,APL.005S,Annuale,,,,,,,,,,,,,,Potatura decidui chioma espansa h.6-12m,cad,€186.07,Cruillas,Cruillas - S.Giovanni Apostolo,VI,38.43,27.97,Accordo Quadro - CUP D71G23000050001,7 A,decidua,48965.43,6995.06,4197.04,0.00,img/albero.png,,"geo:38.134516,13.312896"
AE016AE,ALB_0417,Viale Michelangelo - C,28160,2917,27/12/2025,Giuseppe Maniscalco,175,Platanus Hybrida,Cercine,38.134624,13.313159,13,52,0.6,0.2,C,APL.006S,Annuale,,,,,,,,,,,,,,Potatura decidui chioma espansa h.12-16m,cad,€250.87,Cruillas,Cruillas - S.Giovanni Apostolo,VI,38.43,27.97,Accordo Quadro - CUP D71G23000050001,3 E,decidua,125268.77,17895.54,10737.32,0.00,img/albero.png,,"geo:38.134624,13.313159"
AE017AE,ALB_0418,Viale Michelangelo - C,28160,2917,27/12/2025,Giuseppe Maniscalco,176,Platanus Hybrida,Cercine,38.134826,13.313635,12,53,0.6,0.2,C,APL.005S,Annuale,,,,,,,,,,,,,,Potatura decidui chioma espansa h.6-12m,cad,€186.07,Cruillas,Cruillas - S.Giovanni Apostolo,VI,38.58,28.08,Accordo Quadro - CUP D71G23000050001,3 D,decidua,118689.27,16955.61,10173.37,0.00,img/albero.png,,"geo:38.134826,13.313635"
AE018AE,ALB_0419,Viale Michelangelo - C,28160,2917,27/12/2025,Giuseppe Maniscalco,177,Platanus Hybrida,Cercine,38.134959,13.313943,,,0.6,0.2,C/D,APL.005S,Annuale,,,,,,,,,,,,,,Potatura decidui chioma espansa h.6-12m,cad,€186.07,Cruillas,Cruillas - S.Giovanni Apostolo,VI,30.5,22.2,Accordo Quadro - CUP D71G23000050001,3 B,decidua,0.00,0.00,0.00,0.00,img/albero.png,,"geo:38.134959,13.313943"
AE019AE,ALB_0420,Viale Michelangelo - C,28160,2917,27/12/2025,Giuseppe Maniscalco,178,Platanus Hybrida,Cercine,38.13501,13.314052,10,43,0.6,0.2,C,APL.005S,Annuale,,,,,,,,,,,,,,Potatura decidui chioma espansa h.6-12m,cad,€186.07,Cruillas,Cruillas - S.Giovanni Apostolo,VI,37.06,26.97,Accordo Quadro - CUP D71G23000050001,3 A,decidua,63348.77,9049.82,5429.89,0.00,img/albero.png,,"geo:38.13501,13.314052"
AE020AE,ALB_0421,Viale Michelangelo - C,28160,2917,27/12/2025,Giuseppe Maniscalco,179,Platanus Hybrida,Cercine,38.135059,13.314179,13,42,0.6,0.2,C,APL.006S,Annuale,,,,,,,,,,,,,,Potatura decidui chioma espansa h.12-16m,cad,€250.87,Cruillas,Cruillas - S.Giovanni Apostolo,VI,36.91,26.86,Accordo Quadro - CUP D71G23000050001,3,decidua,81721.20,11674.46,7004.67,0.00,img/albero.png,,"geo:38.135059,13.314179"
AE021AE,ALB_0422,Viale Michelangelo - C,28160,2917,27/12/2025,Giuseppe Maniscalco,181,Platanus Hybrida,Cercine,38.135174,13.314433,12,41,0.6,0.2,C,APL.005S,Annuale,,,,,,,,,,,,,,Potatura decidui chioma espansa h.6-12m,cad,€186.07,Cruillas,Cruillas - S.Giovanni Apostolo,VI,36.75,26.75,Accordo Quadro - CUP D71G23000050001,18 A,decidua,71027.65,10146.81,6088.08,0.00,img/albero.png,,"geo:38.135174,13.314433"
AE022AE,ALB_0423,Viale Michelangelo - C,28160,2917,27/12/2025,Giuseppe Maniscalco,182,Platanus Hybrida,Cercine,38.135226,13.314555,12,43,0.6,0.2,C,APL.005S,Annuale,,,,,,,,,,,,,,Potatura decidui chioma espansa h.6-12m,cad,€186.07,Cruillas,Cruillas - S.Giovanni Apostolo,VI,37.06,26.97,Accordo Quadro - CUP D71G23000050001,140,decidua,78126.19,11160.88,6696.53,0.00,img/albero.png,,"geo:38.135226,13.314555"
AE023AE,ALB_0424,Viale Michelangelo - C,28160,2917,27/12/2025,Giuseppe Maniscalco,183,Platanus Hybrida,Cercine,38.135466,13.315203,9,21,0.6,0.2,D,APL.017S,Abbattimento,,SIC24_1.6.2,Rimozione ceppaie 0.5-1.5 m³,,,NP00.15121106,Platanus x acerifolia circ.12/14cm aiuola,,,,,,,Abbattimento chioma espansa h.6-12m,cad,€256.86,Cruillas,Cruillas - S.Giovanni Apostolo,VI,33.7,24.53,Accordo Quadro - CUP D71G23000050001,140,decidua,9560.72,1365.82,819.49,0.00,img/albero.png,,"geo:38.135466,13.315203"
AE024AE,ALB_0425,Viale Michelangelo - C,28160,2917,27/12/2025,Giuseppe Maniscalco,186,Platanus Hybrida,Cercine,38.135664,13.315596,11,67,0.6,0.2,D,APL.017S,Abbattimento,,SIC24_1.6.2,Rimozione ceppaie 0.5-1.5 m³,,,NP00.15121106,Platanus x acerifolia circ.12/14cm aiuola,,,,,,,Abbattimento chioma espansa h.6-12m,cad,€256.86,Cruillas,Cruillas - S.Giovanni Apostolo,VI,40.72,29.64,Accordo Quadro - CUP D71G23000050001,18 A,decidua,122581.36,17511.62,10506.97,0.00,img/albero.png,,"geo:38.135664,13.315596"
AE025AE,ALB_0426,Viale Michelangelo - C,28160,2917,27/12/2025,Giuseppe Maniscalco,187,Platanus Hybrida,Cercine,38.135747,13.315794,11,44,0.6,0.2,C/D,APL.005S,Annuale,,,,,,,,,,,,,,Potatura decidui chioma espansa h.6-12m,cad,€186.07,Cruillas,Cruillas - S.Giovanni Apostolo,VI,37.21,27.08,Accordo Quadro - CUP D71G23000050001,18 A,decidua,31719.87,4531.41,2718.85,0.00,img/albero.png,,"geo:38.135747,13.315794"
AE026AE,ALB_0427,Viale Michelangelo - B,28160,2917,27/12/2025,Giuseppe Maniscalco,190,Platanus Hybrida,Cercine,38.135846,13.316027,9,38,0.6,0.2,D,APL.017S,Abbattimento,,SIC24_1.6.2,Rimozione ceppaie 0.5-1.5 m³,,,NP00.15121106,Platanus x acerifolia circ.12/14cm aiuola,,,,,,,Abbattimento chioma espansa h.6-12m,cad,€256.86,Cruillas,Cruillas - S.Giovanni Apostolo,VI,36.3,26.42,Accordo Quadro - CUP D71G23000050001,3,decidua,31305.40,4472.20,2683.32,0.00,img/albero.png,,"geo:38.135846,13.316027"
AE027AE,ALB_0428,Viale Michelangelo - B,28160,2917,27/12/2025,Giuseppe Maniscalco,191,Platanus Hybrida,Cercine,38.135888,13.316115,11,53,0.6,0.2,C,APL.005S,Annuale,,,,,,,,,,,,,,Potatura decidui chioma espansa h.6-12m,cad,€186.07,Cruillas,Cruillas - S.Giovanni Apostolo,VI,38.58,28.08,Accordo Quadro - CUP D71G23000050001,3 B,decidua,107387.72,15341.10,9204.66,0.00,img/albero.png,,"geo:38.135888,13.316115"
AE028AE,ALB_0429,Viale Michelangelo - B,28160,2917,27/12/2025,Giuseppe Maniscalco,192,Platanus Hybrida,Cercine,38.135968,13.316301,15,63,0.6,0.2,C/D,APL.006S,Annuale,,,,,,,,,,,,,,Potatura decidui chioma espansa h.12-16m,cad,€250.87,Cruillas,Cruillas - S.Giovanni Apostolo,VI,40.11,29.19,Accordo Quadro - CUP D71G23000050001,17,decidua,92898.89,13271.27,7962.76,0.00,img/albero.png,,"geo:38.135968,13.316301"
AE029AE,ALB_0430,Viale Michelangelo - B,28160,2917,27/12/2025,Giuseppe Maniscalco,193,Platanus Hybrida,Cercine,38.136005,13.316397,15,60,0.6,0.2,C,APL.006S,Annuale,,,,,,,,,,,,,,Potatura decidui chioma espansa h.12-16m,cad,€250.87,Cruillas,Cruillas - S.Giovanni Apostolo,VI,39.65,28.86,Accordo Quadro - CUP D71G23000050001,30,decidua,196611.41,28087.34,16852.41,0.00,img/albero.png,,"geo:38.136005,13.316397"
AE030AE,ALB_0431,Viale Michelangelo - B,28160,2917,27/12/2025,Giuseppe Maniscalco,194,Platanus Hybrida,Cercine,38.13605,13.316502,12,32,0.6,0.2,C/D,APL.005S,Annuale,,,,,,,,,,,,,,Potatura decidui chioma espansa h.6-12m,cad,€186.07,Cruillas,Cruillas - S.Giovanni Apostolo,VI,35.38,25.75,Accordo Quadro - CUP D71G23000050001,20,decidua,18543.12,2649.02,1589.41,0.00,img/albero.png,,"geo:38.13605,13.316502"
AE031AE,ALB_0432,Viale Michelangelo - B,28160,2917,27/12/2025,Giuseppe Maniscalco,195,Platanus Hybrida,Cercine,38.136097,13.316599,12,68,0.6,0.2,C,APL.005S,Annuale,,,,,,,,,,,,,,Potatura decidui chioma espansa h.6-12m,cad,€186.07,Cruillas,Cruillas - S.Giovanni Apostolo,VI,40.87,29.75,Accordo Quadro - CUP D71G23000050001,24,decidua,195378.84,27911.26,16746.76,0.00,img/albero.png,,"geo:38.136097,13.316599"
AE032AE,ALB_0433,Viale Michelangelo - B,28160,2917,27/12/2025,Giuseppe Maniscalco,196,Platanus Hybrida,Cercine,38.136174,13.316792,14,73,0.6,0.2,C,APL.006S,Biennale,,,,,,,,,,,,,,Potatura decidui chioma espansa h.12-16m,cad,€250.87,Cruillas,Cruillas - S.Giovanni Apostolo,VI,41.63,30.3,Accordo Quadro - CUP D71G23000050001,28,decidua,268840.22,38405.75,23043.45,0.00,img/albero.png,,"geo:38.136174,13.316792"
AE033AE,ALB_0434,Viale Michelangelo - B,28160,2917,27/12/2025,Giuseppe Maniscalco,197,Platanus Hybrida,Cercine,38.136218,13.316891,12,34,0.6,0.2,C,APL.005S,Biennale,,,,,,,,,,,,,,Potatura decidui chioma espansa h.6-12m,cad,€186.07,Cruillas,Cruillas - S.Giovanni Apostolo,VI,35.69,25.97,Accordo Quadro - CUP D71G23000050001,34,decidua,48844.71,6977.82,4186.69,0.00,img/albero.png,,"geo:38.136218,13.316891"
AE034AE,ALB_0435,Viale Michelangelo - B,28160,2917,27/12/2025,Giuseppe Maniscalco,199,Platanus Hybrida,Cercine,38.136421,13.317373,15,80,0.6,0.2,C,APL.006S,Biennale,,,,,,,,,,,,,,Potatura decidui chioma espansa h.12-16m,cad,€250.87,Cruillas,Cruillas - S.Giovanni Apostolo,VI,42.7,31.08,Accordo Quadro - CUP D71G23000050001,42,decidua,349531.40,49933.06,29959.83,0.00,img/albero.png,,"geo:38.136421,13.317373"
AE035AE,ALB_0436,Viale Michelangelo - B,28160,2917,27/12/2025,Giuseppe Maniscalco,201,Platanus Hybrida,Cercine,38.136651,13.318035,14,50,0.6,0.2,C/D,APL.006S,Annuale,,,,,,,,,,,,,,Potatura decidui chioma espansa h.12-16m,cad,€250.87,Cruillas,Cruillas - S.Giovanni Apostolo,VI,38.13,27.75,Accordo Quadro - CUP D71G23000050001,46,decidua,54052.00,7721.71,4633.03,0.00,img/albero.png,,"geo:38.136651,13.318035"
AE036AE,ALB_0437,Viale Michelangelo - B,28160,2917,27/12/2025,Giuseppe Maniscalco,202,Platanus Hybrida,Cercine,38.136703,13.318257,12,48,0.6,0.2,C,APL.005S,Biennale,,,,,,,,,,,,,,Potatura decidui chioma espansa h.6-12m,cad,€186.07,Cruillas,Cruillas - S.Giovanni Apostolo,VI,37.82,27.53,Accordo Quadro - CUP D71G23000050001,48,decidua,97351.40,13907.34,8344.41,0.00,img/albero.png,,"geo:38.136703,13.318257"
AE037AE,ALB_0438,Viale Michelangelo - B,28160,2917,27/12/2025,Giuseppe Maniscalco,203,Platanus Hybrida,Cercine,38.136732,13.318352,10,37,0.6,0.2,C,APL.005S,Biennale,,,,,,,,,,,,,,Potatura decidui chioma espansa h.6-12m,cad,€186.07,Cruillas,Cruillas - S.Giovanni Apostolo,VI,36.14,26.31,Accordo Quadro - CUP D71G23000050001,54,decidua,46903.44,6700.49,4020.30,0.00,img/albero.png,,"geo:38.136732,13.318352"
AE038AE,ALB_0439,Viale Michelangelo - B,28160,2917,27/12/2025,Giuseppe Maniscalco,204,Platanus Hybrida,Cercine,38.136752,13.318454,16,61,0.6,0.2,C,APL.006S,Biennale,,,,,,,,,,,,,,Potatura decidui chioma espansa h.12-16m,cad,€250.87,Cruillas,Cruillas - S.Giovanni Apostolo,VI,39.8,28.97,Accordo Quadro - CUP D71G23000050001,60,decidua,218876.40,31268.06,18760.83,0.00,img/albero.png,,"geo:38.136752,13.318454"
AE039AE,ALB_0440,Viale Michelangelo - B,28160,2917,27/12/2025,Giuseppe Maniscalco,205,Platanus Hybrida,Cercine,38.136809,13.318701,14,70,0.6,0.2,C,APL.006S,Biennale,,,,,,,,,,,,,,Potatura decidui chioma espansa h.12-16m,cad,€250.87,Cruillas,Cruillas - S.Giovanni Apostolo,VI,41.18,29.97,Accordo Quadro - CUP D71G23000050001,66,decidua,247197.80,35313.97,21188.38,0.00,img/albero.png,,"geo:38.136809,13.318701"
AE040AE,ALB_0441,Viale Michelangelo - B,28160,2917,27/12/2025,Giuseppe Maniscalco,206,Platanus Hybrida,Cercine,38.136832,13.31882,10,43,0.6,0.2,C,APL.005S,Biennale,,,,,,,,,,,,,,Potatura decidui chioma espansa h.6-12m,cad,€186.07,Cruillas,Cruillas - S.Giovanni Apostolo,VI,37.06,26.97,Accordo Quadro - CUP D71G23000050001,70,decidua,63348.77,9049.82,5429.89,0.00,img/albero.png,,"geo:38.136832,13.31882"
AE041AE,ALB_0442,Viale Michelangelo - B,28160,2917,27/12/2025,Giuseppe Maniscalco,207,Platanus Hybrida,Cercine,38.136877,13.319025,13,82,0.6,0.2,C/D,APL.006S,Annuale,,,,,,,,,,,,,,Potatura decidui chioma espansa h.12-16m,cad,€250.87,Cruillas,Cruillas - S.Giovanni Apostolo,VI,43.01,31.3,Accordo Quadro - CUP D71G23000050001,74,decidua,133501.78,19071.68,11443.01,0.00,img/albero.png,,"geo:38.136877,13.319025"
AE042AE,ALB_0443,Viale Michelangelo - B,28160,2917,27/12/2025,Giuseppe Maniscalco,208,Platanus Hybrida,Cercine,38.136929,13.319235,13,63,0.6,0.2,C,APL.006S,Biennale,,,,,,,,,,,,,,Potatura decidui chioma espansa h.12-16m,cad,€250.87,Cruillas,Cruillas - S.Giovanni Apostolo,VI,40.11,29.19,Accordo Quadro - CUP D71G23000050001,76 B,decidua,183872.69,26267.53,15760.52,0.00,img/albero.png,,"geo:38.136929,13.319235"
AE043AE,ALB_0444,Viale Michelangelo - B,28160,2917,27/12/2025,Giuseppe Maniscalco,209,Platanus Hybrida,Cercine,38.136957,13.319351,12,40,0.6,0.2,C,APL.005S,Biennale,,,,,,,,,,,,,,Potatura decidui chioma espansa h.6-12m,cad,€186.07,Cruillas,Cruillas - S.Giovanni Apostolo,VI,36.6,26.64,Accordo Quadro - CUP D71G23000050001,76 B,decidua,67605.14,9657.88,5794.73,0.00,img/albero.png,,"geo:38.136957,13.319351"
AE044AE,ALB_0445,Viale Michelangelo - B,28160,2917,27/12/2025,Giuseppe Maniscalco,210,Platanus Hybrida,Cercine,38.136983,13.319467,13,68,0.6,0.2,C,APL.006S,Biennale,,,,,,,,,,,,,,Potatura decidui chioma espansa h.12-16m,cad,€250.87,Cruillas,Cruillas - S.Giovanni Apostolo,VI,40.87,29.75,Accordo Quadro - CUP D71G23000050001,76 C,decidua,214217.01,30602.43,18361.46,0.00,img/albero.png,,"geo:38.136983,13.319467"
AE045AE,ALB_0446,Viale Michelangelo - B,28160,2917,27/12/2025,Giuseppe Maniscalco,211,Platanus Hybrida,Cercine,38.137027,13.319646,18,93,0.6,0.2,C,APL.006S,Biennale,,,,,,,,,,,,,,Potatura decidui chioma espansa h.12-16m,cad,€250.87,Cruillas,Cruillas - S.Giovanni Apostolo,VI,44.68,32.52,Accordo Quadro - CUP D71G23000050001,78,decidua,582546.45,83220.92,49932.55,0.00,img/albero.png,,"geo:38.137027,13.319646"
AE046AE,ALB_0447,Viale Michelangelo - B,28160,2917,27/12/2025,Giuseppe Maniscalco,212,Platanus Hybrida,Cercine,38.137076,13.319887,12,44,0.6,0.2,D,APL.017S,Abbattimento,,SIC24_1.6.2,Rimozione ceppaie 0.5-1.5 m³,,,NP00.15121106,Platanus x acerifolia circ.12/14cm aiuola,,,,,,,Abbattimento chioma espansa h.6-12m,cad,€256.86,Cruillas,Cruillas - S.Giovanni Apostolo,VI,37.21,27.08,Accordo Quadro - CUP D71G23000050001,80,decidua,58430.15,8347.16,5008.30,0.00,img/albero.png,,"geo:38.137076,13.319887"
AE047AE,ALB_0448,Viale Michelangelo - B,28160,2917,27/12/2025,Giuseppe Maniscalco,213,Platanus Hybrida,Cercine,38.137097,13.320003,12,37,0.6,0.2,C/D,APL.005S,Annuale,,,,,,,,,,,,,,Potatura decidui chioma espansa h.6-12m,cad,€186.07,Cruillas,Cruillas - S.Giovanni Apostolo,VI,36.14,26.31,Accordo Quadro - CUP D71G23000050001,80 B,decidua,24790.56,3541.51,2124.91,0.00,img/albero.png,,"geo:38.137097,13.320003"
AE048AE,ALB_0449,Viale Michelangelo - B,28160,2917,27/12/2025,Giuseppe Maniscalco,214,Ceiba speciosa,Cercine,38.137118,13.320074,14,62,0.6,0.2,C/D,APL.006S,Annuale,,,,,,,,,,,,,,Potatura decidui chioma espansa h.12-16m,cad,€250.87,Cruillas,Cruillas - S.Giovanni Apostolo,VI,33.41,23.84,Accordo Quadro - CUP D71G23000050001,82,decidua,4093.71,5848.16,4970.94,0.00,img/albero.png,,"geo:38.137118,13.320074"
AE049AE,ALB_0450,Viale Michelangelo - B,28160,2917,27/12/2025,Giuseppe Maniscalco,215,Pinus pinea,Cercine,38.137155,13.320176,16,65,0.6,0.2,C/D,APL.006S,Annuale,,,,,,,,,,,,,,Potatura decidui chioma espansa h.12-16m,cad,€250.87,Cruillas,Cruillas - S.Giovanni Apostolo,VI,27.3,19.74,Accordo Quadro - CUP D71G23000050001,84,sempreverde,1584.01,1616.34,1584.01,1535.52,img/albero.png,,"geo:38.137155,13.320176"
AE050AE,ALB_0451,Viale Michelangelo - B,28160,2917,27/12/2025,Giuseppe Maniscalco,216,Platanus Hybrida,Cercine,38.137187,13.320311,9,40,0.6,0.2,C,APL.005S,Biennale,,,,,,,,,,,,,,Potatura decidui chioma espansa h.6-12m,cad,€186.07,Cruillas,Cruillas - S.Giovanni Apostolo,VI,36.6,26.64,Accordo Quadro - CUP D71G23000050001,86,decidua,48562.40,6937.49,4162.49,0.00,img/albero.png,,"geo:38.137187,13.320311"
AE051AE,ALB_0452,Viale Michelangelo - B,28160,2917,27/12/2025,Giuseppe Maniscalco,217,Platanus Hybrida,Cercine,38.137212,13.320419,13,73,0.6,0.2,C,APL.006S,Biennale,,,,,,,,,,,,,,Potatura decidui chioma espansa h.12-16m,cad,€250.87,Cruillas,Cruillas - S.Giovanni Apostolo,VI,41.63,30.3,Accordo Quadro - CUP D71G23000050001,86 A,decidua,246877.70,35268.24,21160.95,0.00,img/albero.png,,"geo:38.137212,13.320419"
AE052AE,ALB_0453,Viale Michelangelo - B,28160,2917,27/12/2025,Giuseppe Maniscalco,218,Pinus halepensis,Cercine,38.137238,13.32055,17,60,0.6,0.2,C,APL.006S,Annuale,,,,,,,,,,,,,,Potatura decidui chioma espansa h.12-16m,cad,€250.87,Cruillas,Cruillas - S.Giovanni Apostolo,VI,30.42,22.1,Accordo Quadro - CUP D71G23000050001,86 C,sempreverde,4028.88,4111.10,4028.88,3905.55,img/albero.png,,"geo:38.137238,13.32055"
AE053AE,ALB_0454,Viale Michelangelo - B,28160,2917,27/12/2025,Giuseppe Maniscalco,219,Platanus Hybrida,Cercine,38.137266,13.320648,11,32,0.6,0.2,C,APL.005S,Biennale,,,,,,,,,,,,,,Potatura decidui chioma espansa h.6-12m,cad,€186.07,Cruillas,Cruillas - S.Giovanni Apostolo,VI,35.38,25.75,Accordo Quadro - CUP D71G23000050001,86 D,decidua,39147.39,5592.48,3355.49,0.00,img/albero.png,,"geo:38.137266,13.320648"
AE054AE,ALB_0455,Viale Michelangelo - B,28160,2917,27/12/2025,Giuseppe Maniscalco,220,Platanus Hybrida,Cercine,38.137284,13.320744,0,39,0.6,0.2,Ceppaia,SIC24_1.6.2,Ceppo,,NP00.15121106,Platanus x acerifolia circ.12/14cm aiuola,€529.11,,,,,,,,,,Rimozione ceppaie 0.5-1.5 m³,cad,€228.15,Cruillas,Cruillas - S.Giovanni Apostolo,VI,36.45,26.53,Accordo Quadro - CUP D71G23000050001,88,decidua,0.00,0.00,0.00,0.00,img/albero.png,,"geo:38.137284,13.320744"
AE055AE,ALB_0456,Viale Michelangelo - B,28160,2917,27/12/2025,Giuseppe Maniscalco,221,Platanus Hybrida,Cercine,38.13734,13.320971,12,40,0.6,0.2,C,APL.005S,Biennale,,,,,,,,,,,,,,Potatura decidui chioma espansa h.6-12m,cad,€186.07,Cruillas,Cruillas - S.Giovanni Apostolo,VI,36.6,26.64,Accordo Quadro - CUP D71G23000050001,88 B,decidua,67605.14,9657.88,5794.73,0.00,img/albero.png,,"geo:38.13734,13.320971"
AE056AE,ALB_0457,Viale Michelangelo - B,28160,2917,27/12/2025,Giuseppe Maniscalco,222,Platanus Hybrida,Cercine,38.137369,13.321076,11,42,0.6,0.2,C/D,APL.005S,Annuale,,,,,,,,,,,,,,Potatura decidui chioma espansa h.6-12m,cad,€186.07,Cruillas,Cruillas - S.Giovanni Apostolo,VI,36.91,26.86,Accordo Quadro - CUP D71G23000050001,88 C,decidua,28901.78,4128.83,2477.30,0.00,img/albero.png,,"geo:38.137369,13.321076"
AE057AE,ALB_0458,Viale Michelangelo - B,28160,2917,27/12/2025,Giuseppe Maniscalco,223,Platanus Hybrida,Cercine,38.137391,13.321194,7,37,0.6,0.2,D,APL.017S,Abbattimento,,SIC24_1.6.2,Rimozione ceppaie 0.5-1.5 m³,,,NP00.15121106,Platanus x acerifolia circ.12/14cm aiuola,,,,,,,Abbattimento chioma espansa h.6-12m,cad,€256.86,Cruillas,Cruillas - S.Giovanni Apostolo,VI,36.14,26.31,Accordo Quadro - CUP D71G23000050001,90,decidua,22230.00,3175.71,1905.43,0.00,img/albero.png,,"geo:38.137391,13.321194"
AE058AE,ALB_0459,Viale Michelangelo - B,28160,2917,27/12/2025,Giuseppe Maniscalco,224,Platanus Hybrida,Cercine,38.137415,13.321292,14,50,0.6,0.2,C,APL.006S,Biennale,,,,,,,,,,,,,,Potatura decidui chioma espansa h.12-16m,cad,€250.87,Cruillas,Cruillas - S.Giovanni Apostolo,VI,38.13,27.75,Accordo Quadro - CUP D71G23000050001,92 A,decidua,126121.33,18017.33,10810.40,0.00,img/albero.png,,"geo:38.137415,13.321292"
AE059AE,ALB_0460,Viale Michelangelo - B,28160,2917,27/12/2025,Giuseppe Maniscalco,225,Platanus Hybrida,Cercine,38.137441,13.321402,16,60,0.6,0.2,C/D,APL.006S,Annuale,,,,,,,,,,,,,,Potatura decidui chioma espansa h.12-16m,cad,€250.87,Cruillas,Cruillas - S.Giovanni Apostolo,VI,39.65,28.86,Accordo Quadro - CUP D71G23000050001,96,decidua,90753.83,12964.83,7778.90,0.00,img/albero.png,,"geo:38.137441,13.321402"
AE060AE,ALB_0461,Viale Michelangelo - B,28160,2917,27/12/2025,Giuseppe Maniscalco,226,Platanus Hybrida,Cercine,38.137733,13.32266,13,44,0.6,0.2,C,APL.006S,Biennale,,,,,,,,,,,,,,Potatura decidui chioma espansa h.12-16m,cad,€250.87,Cruillas,Cruillas - S.Giovanni Apostolo,VI,37.21,27.08,Accordo Quadro - CUP D71G23000050001,98,decidua,89689.48,12812.78,7687.67,0.00,img/albero.png,,"geo:38.137733,13.32266"
AE061AE,ALB_0462,Viale Michelangelo - B,28160,2917,27/12/2025,Giuseppe Maniscalco,227,Platanus Hybrida,Cercine,38.137767,13.322798,15,48,0.6,0.2,C/D,APL.006S,Annuale,,,,,,,,,,,,,,Potatura decidui chioma espansa h.12-16m,cad,€250.87,Cruillas,Cruillas - S.Giovanni Apostolo,VI,37.82,27.53,Accordo Quadro - CUP D71G23000050001,100 A,decidua,53927.70,7703.96,4622.37,0.00,img/albero.png,,"geo:38.137767,13.322798"
AE062AE,ALB_0463,Viale Michelangelo - B,28160,2917,27/12/2025,Giuseppe Maniscalco,228,Platanus Hybrida,Cercine,38.13779,13.322912,,,0.6,0.2,Non Class,APL.005S,,,,,,,,,,,,,,,Potatura decidui chioma espansa h.6-12m,cad,€186.07,Cruillas,Cruillas - S.Giovanni Apostolo,VI,30.5,22.2,Accordo Quadro - CUP D71G23000050001,100 D,decidua,0.00,0.00,0.00,0.00,img/albero.png,,"geo:38.13779,13.322912"
AE063AE,ALB_0464,Viale Michelangelo - A,28160,2917,27/12/2025,Giuseppe Maniscalco,229,Platanus Hybrida,Cercine,38.137912,13.323431,10,48,0.6,0.2,C,APL.005S,Biennale,,,,,,,,,,,,,,Potatura decidui chioma espansa h.6-12m,cad,€186.07,Cruillas,Cruillas - S.Giovanni Apostolo,VI,37.82,27.53,Accordo Quadro - CUP D71G23000050001,102,decidua,78937.57,11276.80,6766.08,0.00,img/albero.png,,"geo:38.137912,13.323431"
AE064AE,ALB_0465,Viale Michelangelo - A,28160,2917,27/12/2025,Giuseppe Maniscalco,230,Platanus Hybrida,Cercine,38.138056,13.324023,14,42,0.6,0.2,C,APL.006S,Biennale,,,,,,,,,,,,,,Potatura decidui chioma espansa h.12-16m,cad,€250.87,Cruillas,Cruillas - S.Giovanni Apostolo,VI,36.91,26.86,Accordo Quadro - CUP D71G23000050001,104 A,decidua,88991.21,12713.03,7627.82,0.00,img/albero.png,,"geo:38.138056,13.324023"
AE065AE,ALB_0466,Viale Michelangelo - A,28160,2917,27/12/2025,Giuseppe Maniscalco,231,Platanus Hybrida,Cercine,38.138102,13.324226,13,83,0.6,0.2,D,APL.017S,Abbattimento,,SIC24_1.6.2,Rimozione ceppaie 0.5-1.5 m³,,,NP00.15121106,Platanus x acerifolia circ.12/14cm aiuola,,,,,,,Abbattimento chioma espansa h.6-12m,cad,€256.86,Cruillas,Cruillas - S.Giovanni Apostolo,VI,43.16,31.41,Accordo Quadro - CUP D71G23000050001,104 B,decidua,227962.96,32566.14,19539.68,0.00,img/albero.png,,"geo:38.138102,13.324226"
AE066AE,ALB_0467,Viale Michelangelo - A,28160,2917,27/12/2025,Giuseppe Maniscalco,232,Platanus Hybrida,Cercine,38.138129,13.324305,11,40,0.6,0.2,C,APL.005S,Biennale,,,,,,,,,,,,,,Potatura decidui chioma espansa h.6-12m,cad,€186.07,Cruillas,Cruillas - S.Giovanni Apostolo,VI,36.6,26.64,Accordo Quadro - CUP D71G23000050001,104 D,decidua,61167.80,8738.26,5242.95,0.00,img/albero.png,,"geo:38.138129,13.324305"
AE067AE,ALB_0468,Viale Michelangelo - A,28160,2917,27/12/2025,Giuseppe Maniscalco,233,Platanus Hybrida,Cercine,38.138145,13.324393,15,70,0.6,0.2,C,APL.006S,Biennale,,,,,,,,,,,,,,Potatura decidui chioma espansa h.12-16m,cad,€250.87,Cruillas,Cruillas - S.Giovanni Apostolo,VI,41.18,29.97,Accordo Quadro - CUP D71G23000050001,108,decidua,267609.98,38230.00,22938.00,0.00,img/albero.png,,"geo:38.138145,13.324393"
AE068AE,ALB_0469,Viale Michelangelo - A,28160,2917,27/12/2025,Giuseppe Maniscalco,234,Celtis australis,Cercine,38.13817,13.324506,,,0.6,0.2,Non Class,APL.005S,,,,,,,,,,,,,,,Potatura decidui chioma espansa h.6-12m,cad,€186.07,Cruillas,Cruillas - S.Giovanni Apostolo,VI,22.3,16.2,Accordo Quadro - CUP D71G23000050001,110,decidua,0.00,0.00,0.00,0.00,img/albero.png,,"geo:38.13817,13.324506"
AE069AE,ALB_0470,Viale Michelangelo - A,28160,2917,27/12/2025,Giuseppe Maniscalco,235,Platanus Hybrida,Cercine,38.138195,13.324616,16,90,0.6,0.2,C,APL.006S,Biennale,,,,,,,,,,,,,,Potatura decidui chioma espansa h.12-16m,cad,€250.87,Cruillas,Cruillas - S.Giovanni Apostolo,VI,44.23,32.19,Accordo Quadro - CUP D71G23000050001,114,decidua,476457.62,68065.37,40839.22,0.00,img/albero.png,,"geo:38.138195,13.324616"
AE070AE,ALB_0471,Viale Michelangelo - A,28160,2917,27/12/2025,Giuseppe Maniscalco,236,Platanus Hybrida,Cercine,38.138247,13.324851,9,48,0.6,0.2,D,APL.017S,Abbattimento,,SIC24_1.6.2,Rimozione ceppaie 0.5-1.5 m³,,,NP00.15121106,Platanus x acerifolia circ.12/14cm aiuola,,,,,,,Abbattimento chioma espansa h.6-12m,cad,€256.86,Cruillas,Cruillas - S.Giovanni Apostolo,VI,37.82,27.53,Accordo Quadro - CUP D71G23000050001,116 A,decidua,49949.90,7135.70,4281.42,0.00,img/albero.png,,"geo:38.138247,13.324851"
AE071AE,ALB_0472,Viale Michelangelo - A,28160,2917,27/12/2025,Giuseppe Maniscalco,237,Celtis australis,Cercine,38.138315,13.325139,,,0.6,0.2,Non Class,APL.005S,,,,,,,,,,,,,,,Potatura decidui chioma espansa h.6-12m,cad,€186.07,Cruillas,Cruillas - S.Giovanni Apostolo,VI,22.3,16.2,Accordo Quadro - CUP D71G23000050001,118 A,decidua,0.00,0.00,0.00,0.00,img/albero.png,,"geo:38.138315,13.325139"
AE072AE,ALB_0473,Viale Michelangelo - A,28160,2917,27/12/2025,Giuseppe Maniscalco,238,Celtis australis,Cercine,38.138346,13.325258,,,0.6,0.2,Non Class,APL.005S,,,,,,,,,,,,,,,Potatura decidui chioma espansa h.6-12m,cad,€186.07,Cruillas,Cruillas - S.Giovanni Apostolo,VI,22.3,16.2,Accordo Quadro - CUP D71G23000050001,127,decidua,0.00,0.00,0.00,0.00,img/albero.png,,"geo:38.138346,13.325258"
AE073AE,ALB_0474,Viale Michelangelo - A,28160,2917,27/12/2025,Giuseppe Maniscalco,239,Platanus Hybrida,Cercine,38.13838,13.325362,14,54,0.6,0.2,C,APL.006S,Biennale,,,,,,,,,,,,,,Potatura decidui chioma espansa h.12-16m,cad,€250.87,Cruillas,Cruillas - S.Giovanni Apostolo,VI,38.74,28.19,Accordo Quadro - CUP D71G23000050001,165,decidua,147107.91,21015.42,12609.25,0.00,img/albero.png,,"geo:38.13838,13.325362"
AE074AE,ALB_0475,Viale Michelangelo - A,28160,2917,27/12/2025,Giuseppe Maniscalco,240,Platanus Hybrida,Cercine,38.138411,13.325491,12,44,0.6,0.2,D,APL.017S,Abbattimento,,SIC24_1.6.2,Rimozione ceppaie 0.5-1.5 m³,,,NP00.15121106,Platanus x acerifolia circ.12/14cm aiuola,,,,,,,Abbattimento chioma espansa h.6-12m,cad,€256.86,Cruillas,Cruillas - S.Giovanni Apostolo,VI,37.21,27.08,Accordo Quadro - CUP D71G23000050001,205,decidua,58430.15,8347.16,5008.30,0.00,img/albero.png,,"geo:38.138411,13.325491"
AE075AE,ALB_0476,Viale Michelangelo - A,28160,2917,27/12/2025,Giuseppe Maniscalco,241,Platanus Hybrida,Cercine,38.13842,13.325581,13,40,0.6,0.2,C/D,APL.006S,Annuale,,,,,,,,,,,,,,Potatura decidui chioma espansa h.12-16m,cad,€250.87,Cruillas,Cruillas - S.Giovanni Apostolo,VI,36.6,26.64,Accordo Quadro - CUP D71G23000050001,233,decidua,31767.23,4538.18,2722.91,0.00,img/albero.png,,"geo:38.13842,13.325581"
AE076AE,ALB_0477,Viale Michelangelo - A,28160,2917,27/12/2025,Giuseppe Maniscalco,242,Platanus Hybrida,Cercine,38.138439,13.325689,,,0.6,0.2,C,APL.005S,Annuale,,,,,,,,,,,,,,Potatura decidui chioma espansa h.6-12m,cad,€186.07,Cruillas,Cruillas - S.Giovanni Apostolo,VI,30.5,22.2,Accordo Quadro - CUP D71G23000050001,275,decidua,0.00,0.00,0.00,0.00,img/albero.png,,"geo:38.138439,13.325689"
AE077AE,ALB_0478,Viale Michelangelo - A,28160,2917,27/12/2025,Giuseppe Maniscalco,243,Platanus Hybrida,Cercine,38.138466,13.325795,0,,0.6,0.2,Ceppaia,SIC24_1.6.2,Ceppo,,NP00.15121106,Platanus x acerifolia circ.12/14cm aiuola,€529.11,,,,,,,,,,Rimozione ceppaie 0.5-1.5 m³,cad,€228.15,Cruillas,Cruillas - S.Giovanni Apostolo,VI,30.5,22.2,Accordo Quadro - CUP D71G23000050001,307,decidua,0.00,0.00,0.00,0.00,img/albero.png,,"geo:38.138466,13.325795"
AE078AE,ALB_0479,Viale Michelangelo - A,28160,2917,27/12/2025,Giuseppe Maniscalco,244,Celtis australis,Cercine,38.138495,13.325923,,,0.6,0.2,Non Class,APL.005S,,,,,,,,,,,,,,,Potatura decidui chioma espansa h.6-12m,cad,€186.07,Cruillas,Cruillas - S.Giovanni Apostolo,VI,22.3,16.2,Accordo Quadro - CUP D71G23000050001,425,decidua,0.00,0.00,0.00,0.00,img/albero.png,,"geo:38.138495,13.325923"
AE079AE,ALB_0480,Viale Michelangelo - A,28160,2917,27/12/2025,Giuseppe Maniscalco,245,Platanus Hybrida,Cercine,38.138583,13.3263,8,32,0.6,0.2,C,APL.005S,Biennale,,,,,,,,,,,,,,Potatura decidui chioma espansa h.6-12m,cad,€186.07,Cruillas,Cruillas - S.Giovanni Apostolo,VI,35.38,25.75,Accordo Quadro - CUP D71G23000050001,425,decidua,27142.80,3877.54,2326.53,0.00,img/albero.png,,"geo:38.138583,13.3263"
AE080AE,ALB_0481,Viale Michelangelo - A,28160,2917,27/12/2025,Giuseppe Maniscalco,246,Celtis australis,Cercine,38.138686,13.326724,,,0.6,0.2,Non Class,APL.005S,,,,,,,,,,,,,,,Potatura decidui chioma espansa h.6-12m,cad,€186.07,Cruillas,Cruillas - S.Giovanni Apostolo,VI,22.3,16.2,Accordo Quadro - CUP D71G23000050001,501,decidua,0.00,0.00,0.00,0.00,img/albero.png,,"geo:38.138686,13.326724"
AE081AE,ALB_0482,Viale Michelangelo - A,28160,2917,27/12/2025,Giuseppe Maniscalco,247,Platanus Hybrida,Cercine,38.138718,13.326854,9,30,0.6,0.2,C,APL.005S,Biennale,,,,,,,,,,,,,,Potatura decidui chioma espansa h.6-12m,cad,€186.07,Cruillas,Cruillas - S.Giovanni Apostolo,VI,35.08,25.53,Accordo Quadro - CUP D71G23000050001,501,decidua,27316.35,3902.34,2341.40,0.00,img/albero.png,,"geo:38.138718,13.326854"
AE082AE,ALB_0483,Viale Michelangelo - A,28160,2917,27/12/2025,Giuseppe Maniscalco,248,Platanus Hybrida,Cercine,38.138744,13.32697,,,0.6,0.2,Non Class,APL.005S,,,,,,,,,,,,,,,Potatura decidui chioma espansa h.6-12m,cad,€186.07,Cruillas,Cruillas - S.Giovanni Apostolo,VI,30.5,22.2,Accordo Quadro - CUP D71G23000050001,501,decidua,0.00,0.00,0.00,0.00,img/albero.png,,"geo:38.138744,13.32697"
AE083AE,ALB_0484,Viale Michelangelo - A,28160,2917,27/12/2025,Giuseppe Maniscalco,249,Platanus Hybrida,Cercine,38.138765,13.327058,,,0.6,0.2,Non Class,APL.005S,,,,,,,,,,,,,,,Potatura decidui chioma espansa h.6-12m,cad,€186.07,Cruillas,Cruillas - S.Giovanni Apostolo,VI,30.5,22.2,Accordo Quadro - CUP D71G23000050001,515,decidua,0.00,0.00,0.00,0.00,img/albero.png,,"geo:38.138765,13.327058"
AE084AE,ALB_0485,Viale Michelangelo - A,28160,2917,27/12/2025,Giuseppe Maniscalco,250,Platanus Hybrida,Cercine,38.13879,13.327177,12,40,0.6,0.2,C,APL.005S,Biennale,,,,,,,,,,,,,,Potatura decidui chioma espansa h.6-12m,cad,€186.07,Cruillas,Cruillas - S.Giovanni Apostolo,VI,36.6,26.64,Accordo Quadro - CUP D71G23000050001,537,decidua,67605.14,9657.88,5794.73,0.00,img/albero.png,,"geo:38.13879,13.327177"
AE085AE,ALB_0486,Viale Michelangelo - A,28160,2917,27/12/2025,Giuseppe Maniscalco,251,Platanus Hybrida,Cercine,38.138818,13.327289,,,0.6,0.2,Non Class,APL.005S,,,,,,,,,,,,,,,Potatura decidui chioma espansa h.6-12m,cad,€186.07,Cruillas,Cruillas - S.Giovanni Apostolo,VI,30.5,22.2,Accordo Quadro - CUP D71G23000050001,551 A,decidua,0.00,0.00,0.00,0.00,img/albero.png,,"geo:38.138818,13.327289"
AE086AE,ALB_0487,Viale Michelangelo - A,28160,2917,27/12/2025,Giuseppe Maniscalco,252,Platanus Hybrida,Cercine,38.13884,13.327387,,,0.6,0.2,Non Class,APL.005S,,,,,,,,,,,,,,,Potatura decidui chioma espansa h.6-12m,cad,€186.07,Cruillas,Cruillas - S.Giovanni Apostolo,VI,30.5,22.2,Accordo Quadro - CUP D71G23000050001,551 B,decidua,0.00,0.00,0.00,0.00,img/albero.png,,"geo:38.13884,13.327387"
AE087AE,ALB_0488,Viale Michelangelo - A,28160,2917,27/12/2025,Giuseppe Maniscalco,253,Celtis australis,Cercine,38.138892,13.327602,,,0.6,0.2,Non Class,APL.005S,,,,,,,,,,,,,,,Potatura decidui chioma espansa h.6-12m,cad,€186.07,Cruillas,Cruillas - S.Giovanni Apostolo,VI,22.3,16.2,Accordo Quadro - CUP D71G23000050001,571,decidua,0.00,0.00,0.00,0.00,img/albero.png,,"geo:38.138892,13.327602"
AE088AE,ALB_0489,Viale Michelangelo - A,28160,2917,27/12/2025,Giuseppe Maniscalco,254,Platanus Hybrida,Cercine,38.138923,13.327711,15,40,0.6,0.2,C,APL.006S,Biennale,,,,,,,,,,,,,,Potatura decidui chioma espansa h.12-16m,cad,€250.87,Cruillas,Cruillas - S.Giovanni Apostolo,VI,36.6,26.64,Accordo Quadro - CUP D71G23000050001,571,decidua,87382.85,12483.26,7489.96,0.00,img/albero.png,,"geo:38.138923,13.327711"
AE089AE,ALB_0490,Viale Michelangelo - A,28160,2917,27/12/2025,Giuseppe Maniscalco,255,Platanus Hybrida,Cercine,38.138936,13.327834,,,0.6,0.2,Non Class,APL.005S,,,,,,,,,,,,,,,Potatura decidui chioma espansa h.6-12m,cad,€186.07,Cruillas,Cruillas - S.Giovanni Apostolo,VI,30.5,22.2,Accordo Quadro - CUP D71G23000050001,593,decidua,0.00,0.00,0.00,0.00,img/albero.png,,"geo:38.138936,13.327834"
AE090AE,ALB_0491,Viale Michelangelo - A,28160,2917,27/12/2025,Giuseppe Maniscalco,256,Celtis australis,Cercine,38.138968,13.327924,,,0.6,0.2,Non Class,APL.005S,,,,,,,,,,,,,,,Potatura decidui chioma espansa h.6-12m,cad,€186.07,Cruillas,Cruillas - S.Giovanni Apostolo,VI,22.3,16.2,Accordo Quadro - CUP D71G23000050001,673,decidua,0.00,0.00,0.00,0.00,img/albero.png,,"geo:38.138968,13.327924"
AE091AE,ALB_0492,Viale Michelangelo - A,28160,2917,27/12/2025,Giuseppe Maniscalco,257,Platanus Hybrida,Cercine,38.138995,13.328038,,,0.6,0.2,Non Class,APL.005S,,,,,,,,,,,,,,,Potatura decidui chioma espansa h.6-12m,cad,€186.07,Cruillas,Cruillas - S.Giovanni Apostolo,VI,30.5,22.2,Accordo Quadro - CUP D71G23000050001,673,decidua,0.00,0.00,0.00,0.00,img/albero.png,,"geo:38.138995,13.328038"
AE092AE,ALB_0493,Viale Michelangelo - A,28160,2917,27/12/2025,Giuseppe Maniscalco,258,Platanus Hybrida,Cercine,38.13902,13.328157,12,34,0.6,0.2,C/D,APL.005S,Annuale,,,,,,,,,,,,,,Potatura decidui chioma espansa h.6-12m,cad,€186.07,Cruillas,Cruillas - S.Giovanni Apostolo,VI,35.69,25.97,Accordo Quadro - CUP D71G23000050001,707,decidua,20933.45,2990.49,1794.30,0.00,img/albero.png,,"geo:38.13902,13.328157"
AE093AE,ALB_0494,Viale Michelangelo - A,28160,2917,27/12/2025,Giuseppe Maniscalco,259,Celtis australis,Cercine,38.139047,13.328269,,,0.6,0.2,Non Class,APL.005S,,,,,,,,,,,,,,,Potatura decidui chioma espansa h.6-12m,cad,€186.07,Cruillas,Cruillas - S.Giovanni Apostolo,VI,22.3,16.2,Accordo Quadro - CUP D71G23000050001,707,decidua,0.00,0.00,0.00,0.00,img/albero.png,,"geo:38.139047,13.328269"
AE094AE,ALB_0495,Viale Michelangelo - A,28160,2917,27/12/2025,Giuseppe Maniscalco,260,Platanus Hybrida,Cercine,38.139095,13.32848,11,49,0.6,0.2,C,APL.005S,Biennale,,,,,,,,,,,,,,Potatura decidui chioma espansa h.6-12m,cad,€186.07,Cruillas,Cruillas - S.Giovanni Apostolo,VI,37.97,27.64,Accordo Quadro - CUP D71G23000050001,707,decidua,91789.93,13112.85,7867.71,0.00,img/albero.png,,"geo:38.139095,13.32848"
AE095AE,ALB_0496,Viale Michelangelo - A,28160,2917,27/12/2025,Giuseppe Maniscalco,261,Platanus Hybrida,Cercine,38.139121,13.328585,13,38,0.6,0.2,C,APL.006S,Biennale,,,,,,,,,,,,,,Potatura decidui chioma espansa h.12-16m,cad,€250.87,Cruillas,Cruillas - S.Giovanni Apostolo,VI,36.3,26.42,Accordo Quadro - CUP D71G23000050001,713,decidua,66896.49,9556.64,5733.98,0.00,img/albero.png,,"geo:38.139121,13.328585"
AE096AE,ALB_0497,Viale Michelangelo - A,28160,2917,27/12/2025,Giuseppe Maniscalco,263,Platanus Hybrida,Cercine,38.139169,13.328793,10,33,0.6,0.2,C,APL.005S,Biennale,,,,,,,,,,,,,,Potatura decidui chioma espansa h.6-12m,cad,€186.07,Cruillas,Cruillas - S.Giovanni Apostolo,VI,35.53,25.86,Accordo Quadro - CUP D71G23000050001,713,decidua,37310.34,5330.05,3198.03,0.00,img/albero.png,,"geo:38.139169,13.328793"
AE097AE,ALB_0498,Viale Michelangelo - A,28160,2917,27/12/2025,Giuseppe Maniscalco,264,Platanus Hybrida,Cercine,38.139204,13.328925,,,0.6,0.2,Non Class,APL.005S,,,,,,,,,,,,,,,Potatura decidui chioma espansa h.6-12m,cad,€186.07,Cruillas,Cruillas - S.Giovanni Apostolo,VI,30.5,22.2,Accordo Quadro - CUP D71G23000050001,733,decidua,0.00,0.00,0.00,0.00,img/albero.png,,"geo:38.139204,13.328925"
AE098AE,ALB_0499,Viale Michelangelo - A,28160,2917,27/12/2025,Giuseppe Maniscalco,265,Platanus Hybrida,Cercine,38.139225,13.329023,,,0.6,0.2,Non Class,APL.005S,,,,,,,,,,,,,,,Potatura decidui chioma espansa h.6-12m,cad,€186.07,Cruillas,Cruillas - S.Giovanni Apostolo,VI,30.5,22.2,Accordo Quadro - CUP D71G23000050001,733,decidua,0.00,0.00,0.00,0.00,img/albero.png,,"geo:38.139225,13.329023"
AE099AE,ALB_0500,Viale Michelangelo - A,28160,2917,27/12/2025,Giuseppe Maniscalco,266,Platanus Hybrida,Cercine,38.139251,13.329147,14,63,0.6,0.2,C,APL.006S,Biennale,,,,,,,,,,,,,,Potatura decidui chioma espansa h.12-16m,cad,€250.87,Cruillas,Cruillas - S.Giovanni Apostolo,VI,40.11,29.19,Accordo Quadro - CUP D71G23000050001,743,decidua,200230.22,28604.32,17162.59,0.00,img/albero.png,,"geo:38.139251,13.329147"
AF000AF,ALB_0501,Viale Michelangelo - A,28160,2917,27/12/2025,Giuseppe Maniscalco,267,Platanus Hybrida,Cercine,38.139283,13.329262,12,46,0.6,0.2,C,APL.005S,Biennale,,,,,,,,,,,,,,Potatura decidui chioma espansa h.6-12m,cad,€186.07,Cruillas,Cruillas - S.Giovanni Apostolo,VI,37.52,27.31,Accordo Quadro - CUP D71G23000050001,743,decidua,89407.79,12772.54,7663.53,0.00,img/albero.png,,"geo:38.139283,13.329262"
AF001AF,ALB_0502,Viale Michelangelo - A,28160,2917,27/12/2025,Giuseppe Maniscalco,268,Platanus Hybrida,Cercine,38.139304,13.329361,,,0.6,0.2,Non Class,APL.005S,,,,,,,,,,,,,,,Potatura decidui chioma espansa h.6-12m,cad,€186.07,Cruillas,Cruillas - S.Giovanni Apostolo,VI,30.5,22.2,Accordo Quadro - CUP D71G23000050001,763,decidua,0.00,0.00,0.00,0.00,img/albero.png,,"geo:38.139304,13.329361"
AF002AF,ALB_0503,Viale Michelangelo - A,28160,2917,27/12/2025,Giuseppe Maniscalco,269,Platanus Hybrida,Cercine,38.139315,13.329439,12,39,0.6,0.2,C,APL.005S,Biennale,,,,,,,,,,,,,,Potatura decidui chioma espansa h.6-12m,cad,€186.07,Cruillas,Cruillas - S.Giovanni Apostolo,VI,36.45,26.53,Accordo Quadro - CUP D71G23000050001,884,decidua,64267.13,9181.02,5508.61,0.00,img/albero.png,,"geo:38.139315,13.329439"
AF003AF,ALB_0504,Viale Michelangelo - A,28160,2917,27/12/2025,Giuseppe Maniscalco,270,Platanus Hybrida,Cercine,38.139357,13.3296,14,60,0.6,0.2,C,APL.006S,Biennale,,,,,,,,,,,,,,Potatura decidui chioma espansa h.12-16m,cad,€250.87,Cruillas,Cruillas - S.Giovanni Apostolo,VI,39.65,28.86,Accordo Quadro - CUP D71G23000050001,811,decidua,181614.71,25944.96,15566.98,0.00,img/albero.png,,"geo:38.139357,13.3296"
AF004AF,ALB_0505,Viale Michelangelo - A,28160,2917,27/12/2025,Giuseppe Maniscalco,271,Platanus Hybrida,Cercine,38.139406,13.329818,12,55,0.6,0.2,C,APL.005S,Biennale,,,,,,,,,,,,,,Potatura decidui chioma espansa h.6-12m,cad,€186.07,Cruillas,Cruillas - S.Giovanni Apostolo,VI,38.89,28.31,Accordo Quadro - CUP D71G23000050001,811,decidua,127815.96,18259.42,10955.65,0.00,img/albero.png,,"geo:38.139406,13.329818"
AF005AF,ALB_0506,Viale Michelangelo - C,28160,2917,19/01/2026,Giuseppe Maniscalco,8539,Tabebuia rosea,Aiuola spartitraffico,38.13480573,13.31328588,3.34,0.04,,,A,,Coricata,,,,,,,,,,,,,,,,,Cruillas,Cruillas - S.Giovanni Apostolo,VI,24.88,65.75,Accordo Quadro - CUP D71G23000050001,843,decidua,0.25,0.34,0.27,0.00,img/albero.png,,"geo:38.1348057263715,13.3132858834485"
AF006AF,ALB_0507,Viale Michelangelo - C,28160,2917,19/01/2026,Giuseppe Maniscalco,8566,Tabebuia rosea,Aiuola spartitraffico,38.13513696,13.31406266,3.53,0.04,,,D,NP00.TABECONVER,,,,,,,,,,,,,,,Tabebuia heterophylla circ.12/14cm,cad,€604.00,Cruillas,Cruillas - S.Giovanni Apostolo,VI,3.52,9.3,Accordo Quadro - CUP D71G23000050001,863,decidua,0.13,0.18,0.14,0.00,img/albero.png,,"geo:38.1351369599336,13.3140626644656"
AF007AF,ALB_0508,Viale Michelangelo - C,28160,2917,19/01/2026,Giuseppe Maniscalco,8562,Tabebuia rosea,Aiuola spartitraffico,38.13407122,13.31156954,3.8,0.04,,,D,NP00.TABECONVER,,,,,,,,,,,,,,,Tabebuia heterophylla circ.12/14cm,cad,€604.00,Cruillas,Cruillas - S.Giovanni Apostolo,VI,1.01,2.66,Accordo Quadro - CUP D71G23000050001,1011,decidua,0.14,0.19,0.15,0.00,img/albero.png,,"geo:38.134071224897,13.3115695427037"
AF008AF,ALB_0509,Viale Michelangelo - B,28160,2917,19/01/2026,Giuseppe Maniscalco,8315,Tabebuia rosea,Aiuola spartitraffico,38.13694863,13.31881922,4.54,0.04,,,D,NP00.TABECONVER,,,,,,,,,,,,,,,Tabebuia heterophylla circ.12/14cm,cad,€604.00,Cruillas,Cruillas - S.Giovanni Apostolo,VI,12.84,33.92,Accordo Quadro - CUP D71G23000050001,1013,decidua,0.17,0.22,0.18,0.00,img/albero.png,,"geo:38.1369486268425,13.3188192231376"
AF009AF,ALB_0510,Viale Michelangelo - C,28160,2917,19/01/2026,Giuseppe Maniscalco,272,Tabebuia rosea,Aiuola spartitraffico,38.133867,13.311088,,,,,A,,Coricata,,,,,,,,,,,,,,,,,Cruillas,Cruillas - S.Giovanni Apostolo,VI,,,Accordo Quadro - CUP D71G23000050001,1169 A,decidua,0.00,0.00,0.00,0.00,img/albero.png,,"geo:38.133867,13.311088"
AF010AF,ALB_0511,Viale Michelangelo - C,28160,2917,19/01/2026,Giuseppe Maniscalco,273,Tabebuia rosea,Aiuola spartitraffico,38.13376,13.310855,,,,,D,NP00.TABECONVER,,,,,,,,,,,,,,,Tabebuia heterophylla circ.12/14cm,cad,€604.00,Cruillas,Cruillas - S.Giovanni Apostolo,VI,,,Accordo Quadro - CUP D71G23000050001,1179,decidua,0.00,0.00,0.00,0.00,img/albero.png,,"geo:38.13376,13.310855"
AF011AF,ALB_0512,Viale Margherita di Savoia - A,26920, 2786,29/12/2025,Giuseppe Maniscalco,001,Platanus Hybrida,Cercine,38.196586,13.331751,,,0.5,0.2,C/D,APL.005S,,,,,,,,,,,,,,,Potatura decidui chioma espansa h.6-12m,cad,€186.07,Olivuzza,Zisa,V,0.16,0.41,Accordo Quadro - CUP D71G23000050001,1179,decidua,0.00,0.00,0.00,0.00,img/albero.png,,"geo:38.196586,13.331751"
AF012AF,ALB_0513,Viale Margherita di Savoia - A,26920, 2786,29/12/2025,Giuseppe Maniscalco,002,Platanus Hybrida,Cercine,38.196473,13.331763,,,0.5,0.2,C/D,APL.005S,,,,,,,,,,,,,,,Potatura decidui chioma espansa h.6-12m,cad,€186.07,Olivuzza,Zisa,V,2.68,7.06,Accordo Quadro - CUP D71G23000050001,1225,decidua,0.00,0.00,0.00,0.00,img/albero.png,,"geo:38.196473,13.331763"
AF013AF,ALB_0514,Viale Margherita di Savoia - A,26920, 2786,29/12/2025,Giuseppe Maniscalco,003,Platanus Hybrida,Cercine,38.196361,13.331781,,,0.5,0.2,C/D,APL.005S,,,,,,,,,,,,,,,Potatura decidui chioma espansa h.6-12m,cad,€186.07,Olivuzza,Zisa,V,4.33,11.44,Accordo Quadro - CUP D71G23000050001,1245,decidua,0.00,0.00,0.00,0.00,img/albero.png,,"geo:38.196361,13.331781"
AF014AF,ALB_0515,Viale Margherita di Savoia - A,26920, 2786,29/12/2025,Giuseppe Maniscalco,004,Platanus Hybrida,Cercine,38.196086,13.331824,,,0.5,0.2,Non Class,APL.005S,,,,,,,,,,,,,,,Potatura decidui chioma espansa h.6-12m,cad,€186.07,Olivuzza,Zisa,V,0.79,2.07,Accordo Quadro - CUP D71G23000050001,1269,decidua,0.00,0.00,0.00,0.00,img/albero.png,,"geo:38.196086,13.331824"
AF015AF,ALB_0516,Viale Margherita di Savoia - A,26920, 2786,29/12/2025,Giuseppe Maniscalco,005,Platanus Hybrida,Cercine,38.19596,13.331847,,,0.5,0.2,Non Class,APL.005S,,,,,,,,,,,,,,,Potatura decidui chioma espansa h.6-12m,cad,€186.07,Olivuzza,Zisa,V,0.31,0.82,Accordo Quadro - CUP D71G23000050001,1295,decidua,0.00,0.00,0.00,0.00,img/albero.png,,"geo:38.19596,13.331847"
AF016AF,ALB_0517,Viale Margherita di Savoia - A,26920, 2786,29/12/2025,Giuseppe Maniscalco,006,Platanus Hybrida,Cercine,38.195596,13.331896,,,0.5,0.2,C/D,APL.005S,,,,,,,,,,,,,,,Potatura decidui chioma espansa h.6-12m,cad,€186.07,Olivuzza,Zisa,V,1.44,3.8,Accordo Quadro - CUP D71G23000050001,1299,decidua,0.00,0.00,0.00,0.00,img/albero.png,,"geo:38.195596,13.331896"
AF017AF,ALB_0518,Viale Margherita di Savoia - A,26920, 2786,29/12/2025,Giuseppe Maniscalco,007,Platanus Hybrida,Cercine,38.19535,13.331926,,,0.5,0.2,C/D,APL.005S,,,,,,,,,,,,,,,Potatura decidui chioma espansa h.6-12m,cad,€186.07,Olivuzza,Zisa,V,4.67,12.34,Accordo Quadro - CUP D71G23000050001,1315,decidua,0.00,0.00,0.00,0.00,img/albero.png,,"geo:38.19535,13.331926"
AF018AF,ALB_0519,Viale Margherita di Savoia - A,26920, 2786,29/12/2025,Giuseppe Maniscalco,008,Platanus Hybrida,Cercine,38.195217,13.331953,,,0.5,0.2,Non Class,APL.005S,,,,,,,,,,,,,,,Potatura decidui chioma espansa h.6-12m,cad,€186.07,Olivuzza,Zisa,V,0.15,0.4,Accordo Quadro - CUP D71G23000050001,1329,decidua,0.00,0.00,0.00,0.00,img/albero.png,,"geo:38.195217,13.331953"
AF019AF,ALB_0520,Viale Margherita di Savoia - A,26920, 2786,29/12/2025,Giuseppe Maniscalco,009,Platanus X Acerifolia,Cercine,38.194972,13.331995,,,0.5,0.2,C,APL.005S,,,,,,,,,,,,,,,Potatura decidui chioma espansa h.6-12m,cad,€186.07,Olivuzza,Zisa,V,2.91,7.68,Accordo Quadro - CUP D71G23000050001,1379,decidua,0.00,0.00,0.00,0.00,img/albero.png,,"geo:38.194972,13.331995"
AF020AF,ALB_0521,Viale Margherita di Savoia - A,26920, 2786,29/12/2025,Giuseppe Maniscalco,010,Platanus X Acerifolia,Cercine,38.194841,13.332021,,,0.5,0.2,C,APL.005S,,,,,,,,,,,,,,,Potatura decidui chioma espansa h.6-12m,cad,€186.07,Olivuzza,Zisa,V,1.6,4.23,Accordo Quadro - CUP D71G23000050001,1387,decidua,0.00,0.00,0.00,0.00,img/albero.png,,"geo:38.194841,13.332021"
AF021AF,ALB_0522,Viale Margherita di Savoia - A,26920, 2786,29/12/2025,Giuseppe Maniscalco,011,Platanus Hybrida,Cercine,38.194596,13.332056,,,0.5,0.2,C/D,APL.005S,,,,,,,,,,,,,,,Potatura decidui chioma espansa h.6-12m,cad,€186.07,Olivuzza,Zisa,V,0.33,0.85,Accordo Quadro - CUP D71G23000050001,1387,decidua,0.00,0.00,0.00,0.00,img/albero.png,,"geo:38.194596,13.332056"
AF022AF,ALB_0523,Viale Margherita di Savoia - A,26920, 2786,29/12/2025,Giuseppe Maniscalco,012,Platanus Hybrida,Cercine,38.194336,13.332098,,,0.5,0.2,D,APL.018S,,,SIC24_1.6.2,Rimozione ceppaie 0.5-1.5 m³,€228.15,,NP00.15121106,Platanus x acerifolia circ.12/14cm aiuola,€529.11,,,,,,Abbattimento chioma espansa h.12-16m,cad,€316.90,Olivuzza,Zisa,V,0.59,1.55,Accordo Quadro - CUP D71G23000050001,1465,decidua,0.00,0.00,0.00,0.00,img/albero.png,,"geo:38.194336,13.332098"
AF023AF,ALB_0524,Viale Margherita di Savoia - A,26920, 2786,29/12/2025,Giuseppe Maniscalco,013,Platanus Hybrida,Cercine,38.194099,13.33213,,,0.5,0.2,C,APL.005S,,,,,,,,,,,,,,,Potatura decidui chioma espansa h.6-12m,cad,€186.07,Olivuzza,Zisa,V,0.13,0.33,Accordo Quadro - CUP D71G23000050001,1673,decidua,0.00,0.00,0.00,0.00,img/albero.png,,"geo:38.194099,13.33213"
AF024AF,ALB_0525,Viale Margherita di Savoia - A,26920, 2786,29/12/2025,Giuseppe Maniscalco,014,Platanus Hybrida,Cercine,38.193829,13.332175,,,0.5,0.2,Non Class,APL.005S,,,,,,,,,,,,,,,Potatura decidui chioma espansa h.6-12m,cad,€186.07,Olivuzza,Zisa,V,5.76,15.21,Accordo Quadro - CUP D71G23000050001,1713,decidua,0.00,0.00,0.00,0.00,img/albero.png,,"geo:38.193829,13.332175"
AF025AF,ALB_0526,Viale Margherita di Savoia - A,26920, 2786,29/12/2025,Giuseppe Maniscalco,015,Platanus Hybrida,Cercine,38.193701,13.332195,,,0.5,0.2,D,APL.018S,,,SIC24_1.6.2,Rimozione ceppaie 0.5-1.5 m³,€228.15,,NP00.15121106,Platanus x acerifolia circ.12/14cm aiuola,€529.11,,,,,,Abbattimento chioma espansa h.12-16m,cad,€316.90,Olivuzza,Zisa,V,0.65,1.71,Accordo Quadro - CUP D71G23000050001,1801,decidua,0.00,0.00,0.00,0.00,img/albero.png,,"geo:38.193701,13.332195"
AF026AF,ALB_0527,Viale Margherita di Savoia - A,26920, 2786,29/12/2025,Giuseppe Maniscalco,016,Platanus X Acerifolia,Cercine,38.192976,13.332306,,,0.5,0.2,C/D,APL.005S,,,,,,,,,,,,,,,Potatura decidui chioma espansa h.6-12m,cad,€186.07,Olivuzza,Zisa,V,-,-,Accordo Quadro - CUP D71G23000050001,1801,decidua,0.00,0.00,0.00,0.00,img/albero.png,,"geo:38.192976,13.332306"
AF027AF,ALB_0528,Viale Margherita di Savoia - A,26920, 2786,29/12/2025,Giuseppe Maniscalco,017,Platanus X Acerifolia,Cercine,38.192606,13.332364,,,0.5,0.2,C,APL.005S,,,,,,,,,,,,,,,Potatura decidui chioma espansa h.6-12m,cad,€186.07,Olivuzza,Zisa,V,0.36,0.95,Accordo Quadro - CUP D71G23000050001,1845,decidua,0.00,0.00,0.00,0.00,img/albero.png,,"geo:38.192606,13.332364"
AF028AF,ALB_0529,Viale Margherita di Savoia - A,26920, 2786,29/12/2025,Giuseppe Maniscalco,018,Platanus Hybrida,Cercine,38.192203,13.332418,,,0.5,0.2,D,APL.018S,,,SIC24_1.6.2,Rimozione ceppaie 0.5-1.5 m³,€228.15,,NP00.15121106,Platanus x acerifolia circ.12/14cm aiuola,€529.11,,,,,,Abbattimento chioma espansa h.12-16m,cad,€316.90,Olivuzza,Zisa,V,1.93,5.1,Accordo Quadro - CUP D71G23000050001,2015,decidua,0.00,0.00,0.00,0.00,img/albero.png,,"geo:38.192203,13.332418"
AF029AF,ALB_0530,Viale Margherita di Savoia - A,26920, 2786,29/12/2025,Giuseppe Maniscalco,019,Platanus X Acerifolia,Cercine,38.192111,13.332436,,,0.5,0.2,C/D,APL.005S,,,,,,,,,,,,,,,Potatura decidui chioma espansa h.6-12m,cad,€186.07,Olivuzza,Zisa,V,7.75,20.47,Accordo Quadro - CUP D71G23000050001,2130,decidua,0.00,0.00,0.00,0.00,img/albero.png,,"geo:38.192111,13.332436"
AF030AF,ALB_0531,Viale Margherita di Savoia - A,26920, 2786,29/12/2025,Giuseppe Maniscalco,020,Platanus X Acerifolia,Cercine,38.191964,13.332461,,,0.5,0.2,C,APL.005S,,,,,,,,,,,,,,,Potatura decidui chioma espansa h.6-12m,cad,€186.07,Olivuzza,Zisa,V,-,-,Accordo Quadro - CUP D71G23000050001,2200,decidua,0.00,0.00,0.00,0.00,img/albero.png,,"geo:38.191964,13.332461"
AF031AF,ALB_0532,Viale Margherita di Savoia - A,26920, 2786,29/12/2025,Giuseppe Maniscalco,021,Platanus Hybrida,Cercine,38.191717,13.332498,,,0.5,0.2,C/D,APL.005S,,,,,,,,,,,,,,,Potatura decidui chioma espansa h.6-12m,cad,€186.07,Olivuzza,Zisa,V,4.86,12.83,Accordo Quadro - CUP D71G23000050001,2315,decidua,0.00,0.00,0.00,0.00,img/albero.png,,"geo:38.191717,13.332498"
AF032AF,ALB_0533,Viale Margherita di Savoia - A,26920, 2786,29/12/2025,Giuseppe Maniscalco,022,Platanus Hybrida,Cercine,38.191394,13.33255,,,0.5,0.2,C,APL.005S,,,,,,,,,,,,,,,Potatura decidui chioma espansa h.6-12m,cad,€186.07,Olivuzza,Zisa,V,9.88,26.1,Accordo Quadro - CUP D71G23000050001,2323,decidua,0.00,0.00,0.00,0.00,img/albero.png,,"geo:38.191394,13.33255"
AF033AF,ALB_0534,Viale Margherita di Savoia - A,26920, 2786,29/12/2025,Giuseppe Maniscalco,023,Platanus Hybrida,Cercine,38.191105,13.332587,,,0.5,0.2,D,APL.018S,,,SIC24_1.6.2,Rimozione ceppaie 0.5-1.5 m³,€228.15,,NP00.15121106,Platanus x acerifolia circ.12/14cm aiuola,€529.11,,,,,,Abbattimento chioma espansa h.12-16m,cad,€316.90,Olivuzza,Zisa,V,-,-,Accordo Quadro - CUP D71G23000050001,2325,decidua,0.00,0.00,0.00,0.00,img/albero.png,,"geo:38.191105,13.332587"
AF034AF,ALB_0535,Viale Margherita di Savoia - A,26920, 2786,29/12/2025,Giuseppe Maniscalco,024,Platanus Hybrida,Cercine,38.191211,13.332761,,,0.5,0.2,C/D,APL.005S,,,,,,,,,,,,,,,Potatura decidui chioma espansa h.6-12m,cad,€186.07,Olivuzza,Zisa,V,0.36,0.95,Accordo Quadro - CUP D71G23000050001,2325,decidua,0.00,0.00,0.00,0.00,img/albero.png,,"geo:38.191211,13.332761"
AF035AF,ALB_0536,Viale Margherita di Savoia - A,26920, 2786,29/12/2025,Giuseppe Maniscalco,025,Platanus X Acerifolia,Cercine,38.191592,13.332708,,,0.5,0.2,C,APL.005S,,,,,,,,,,,,,,,Potatura decidui chioma espansa h.6-12m,cad,€186.07,Olivuzza,Zisa,V,1.91,5.04,Accordo Quadro - CUP D71G23000050001,2405,decidua,0.00,0.00,0.00,0.00,img/albero.png,,"geo:38.191592,13.332708"
AF036AF,ALB_0537,Viale Margherita di Savoia - A,26920, 2786,29/12/2025,Giuseppe Maniscalco,026,Platanus X Acerifolia,Cercine,38.192344,13.332597,,,0.5,0.2,C,APL.005S,,,,,,,,,,,,,,,Potatura decidui chioma espansa h.6-12m,cad,€186.07,Olivuzza,Zisa,V,0.32,0.84,Accordo Quadro - CUP D71G23000050001,2437,decidua,0.00,0.00,0.00,0.00,img/albero.png,,"geo:38.192344,13.332597"
AF037AF,ALB_0538,Viale Margherita di Savoia - A,26920, 2786,29/12/2025,Giuseppe Maniscalco,027,Platanus Hybrida,Cercine,38.193468,13.332424,,,0.5,0.2,D,APL.018S,,,SIC24_1.6.2,Rimozione ceppaie 0.5-1.5 m³,€228.15,,NP00.15121106,Platanus x acerifolia circ.12/14cm aiuola,€529.11,,,,,,Abbattimento chioma espansa h.12-16m,cad,€316.90,Olivuzza,Zisa,V,6,15.84,Accordo Quadro - CUP D71G23000050001,2422,decidua,0.00,0.00,0.00,0.00,img/albero.png,,"geo:38.193468,13.332424"
AF038AF,ALB_0539,Viale Margherita di Savoia - A,26920, 2786,29/12/2025,Giuseppe Maniscalco,028,Platanus Hybrida,Cercine,38.19435,13.33229,,,0.5,0.2,C/D,APL.005S,,,,,,,,,,,,,,,Potatura decidui chioma espansa h.6-12m,cad,€186.07,Olivuzza,Zisa,V,0.33,0.86,Accordo Quadro - CUP D71G23000050001,2422,decidua,0.00,0.00,0.00,0.00,img/albero.png,,"geo:38.19435,13.33229"
AF039AF,ALB_0540,Viale Margherita di Savoia - A,26920, 2786,29/12/2025,Giuseppe Maniscalco,029,Platanus Hybrida,Cercine,38.194741,13.332225,,,0.5,0.2,C/D,APL.005S,,,,,,,,,,,,,,,Potatura decidui chioma espansa h.6-12m,cad,€186.07,Olivuzza,Zisa,V,3.06,8.08,Accordo Quadro - CUP D71G23000050001,2400,decidua,0.00,0.00,0.00,0.00,img/albero.png,,"geo:38.194741,13.332225"
AF040AF,ALB_0541,Viale Margherita di Savoia - A,26920, 2786,29/12/2025,Giuseppe Maniscalco,030,Platanus Hybrida,Cercine,38.19498,13.33219,,,0.5,0.2,C,APL.005S,,,,,,,,,,,,,,,Potatura decidui chioma espansa h.6-12m,cad,€186.07,Olivuzza,Zisa,V,1.12,2.96,Accordo Quadro - CUP D71G23000050001,2400,decidua,0.00,0.00,0.00,0.00,img/albero.png,,"geo:38.19498,13.33219"
AF041AF,ALB_0542,Viale Margherita di Savoia - A,26920, 2786,29/12/2025,Giuseppe Maniscalco,031,Platanus Hybrida,Cercine,38.195294,13.33214,,,0.5,0.2,C,APL.005S,,,,,,,,,,,,,,,Potatura decidui chioma espansa h.6-12m,cad,€186.07,Olivuzza,Zisa,V,8.73,23.05,Accordo Quadro - CUP D71G23000050001,2400,decidua,0.00,0.00,0.00,0.00,img/albero.png,,"geo:38.195294,13.33214"
AF042AF,ALB_0543,Viale Margherita di Savoia - A,26920, 2786,29/12/2025,Giuseppe Maniscalco,032,Platanus Hybrida,Cercine,38.195887,13.332055,,,0.5,0.2,C/D,APL.005S,,,,,,,,,,,,,,,Potatura decidui chioma espansa h.6-12m,cad,€186.07,Olivuzza,Zisa,V,0.45,1.19,Accordo Quadro - CUP D71G23000050001,2200,decidua,0.00,0.00,0.00,0.00,img/albero.png,,"geo:38.195887,13.332055"
AF043AF,ALB_0544,Viale Margherita di Savoia - A,26920, 2786,29/12/2025,Giuseppe Maniscalco,033,Platanus X Acerifolia,Cercine,38.195975,13.332038,,,0.5,0.2,C,APL.005S,,,,,,,,,,,,,,,Potatura decidui chioma espansa h.6-12m,cad,€186.07,Olivuzza,Zisa,V,3.51,9.28,Accordo Quadro - CUP D71G23000050001,2130,decidua,0.00,0.00,0.00,0.00,img/albero.png,,"geo:38.195975,13.332038"
AF044AF,ALB_0545,Viale Margherita di Savoia - A,26920, 2786,29/12/2025,Giuseppe Maniscalco,034,Platanus Hybrida,Cercine,38.19612,13.332015,,,0.5,0.2,D,APL.018S,,,SIC24_1.6.2,Rimozione ceppaie 0.5-1.5 m³,€228.15,,NP00.15121106,Platanus x acerifolia circ.12/14cm aiuola,€529.11,,,,,,Abbattimento chioma espansa h.12-16m,cad,€316.90,Olivuzza,Zisa,V,2.76,7.3,Accordo Quadro - CUP D71G23000050001,2130,decidua,0.00,0.00,0.00,0.00,img/albero.png,,"geo:38.19612,13.332015"
AF045AF,ALB_0546,Viale Margherita di Savoia - A,26920, 2786,29/12/2025,Giuseppe Maniscalco,035,Platanus X Acerifolia,Cercine,38.196238,13.332005,,,0.5,0.2,C,APL.005S,,,,,,,,,,,,,,,Potatura decidui chioma espansa h.6-12m,cad,€186.07,Olivuzza,Zisa,V,0.36,0.93,Accordo Quadro - CUP D71G23000050001,2130,decidua,0.00,0.00,0.00,0.00,img/albero.png,,"geo:38.196238,13.332005"
AF046AF,ALB_0547,Viale Margherita di Savoia - A,26920, 2786,29/12/2025,Giuseppe Maniscalco,036,Platanus Hybrida,Cercine,38.196494,13.331951,,,0.5,0.2,C,APL.005S,,,,,,,,,,,,,,,Potatura decidui chioma espansa h.6-12m,cad,€186.07,Olivuzza,Zisa,V,0.31,0.8,Accordo Quadro - CUP D71G23000050001,2080,decidua,0.00,0.00,0.00,0.00,img/albero.png,,"geo:38.196494,13.331951"
AF047AF,ALB_0548,Viale Margherita di Savoia - A,26920, 2786,29/12/2025,Giuseppe Maniscalco,037,Platanus X Acerifolia,Cercine,38.196594,13.331944,,,0.5,0.2,C,APL.005S,,,,,,,,,,,,,,,Potatura decidui chioma espansa h.6-12m,cad,€186.07,Olivuzza,Zisa,V,0.47,1.22,Accordo Quadro - CUP D71G23000050001,2068,decidua,0.00,0.00,0.00,0.00,img/albero.png,,"geo:38.196594,13.331944"
AF048AF,ALB_0549,Viale Margherita di Savoia - A,26920, 2786,29/12/2025,Giuseppe Maniscalco,039,Platanus X Acerifolia,Cercine,,,,,,,C/D,APL.005S,,,,,,,,,,,,,,,Potatura decidui chioma espansa h.6-12m,cad,€186.07,Olivuzza,Zisa,V,0.26,0.69,Accordo Quadro - CUP D71G23000050001,2042,decidua,0.00,0.00,0.00,0.00,img/albero.png,,"geo:,"
AF049AF,ALB_0550,Viale Margherita di Savoia - A,26920, 2786,29/12/2025,Giuseppe Maniscalco,041,Platanus X Acerifolia,Cercine,,,,,,,C,APL.005S,,,,,,,,,,,,,,,Potatura decidui chioma espansa h.6-12m,cad,€186.07,Olivuzza,Zisa,V,7.75,20.47,Accordo Quadro - CUP D71G23000050001,2024,decidua,0.00,0.00,0.00,0.00,img/albero.png,,"geo:,"
AF050AF,ALB_0551,Viale Margherita di Savoia - A,26920, 2786,29/12/2025,Giuseppe Maniscalco,042,Platanus X Acerifolia,Cercine,,,,,,,C,APL.005S,,,,,,,,,,,,,,,Potatura decidui chioma espansa h.6-12m,cad,€186.07,Olivuzza,Zisa,V,0.3,0.79,Accordo Quadro - CUP D71G23000050001,1942,decidua,0.00,0.00,0.00,0.00,img/albero.png,,"geo:,"
AF051AF,ALB_0552,Viale Margherita di Savoia - A,26920, 2786,29/12/2025,Giuseppe Maniscalco,044,Platanus X Acerifolia,Cercine,,,,,,,C,APL.005S,,,,,,,,,,,,,,,Potatura decidui chioma espansa h.6-12m,cad,€186.07,Olivuzza,Zisa,V,7.18,18.97,Accordo Quadro - CUP D71G23000050001,1800,decidua,0.00,0.00,0.00,0.00,img/albero.png,,"geo:,"
AF052AF,ALB_0553,Viale Margherita di Savoia - A,26920, 2786,29/12/2025,Giuseppe Maniscalco,046,Platanus X Acerifolia,Cercine,,,,,,,C,APL.005S,,,,,,,,,,,,,,,Potatura decidui chioma espansa h.6-12m,cad,€186.07,Olivuzza,Zisa,V,0.31,0.81,Accordo Quadro - CUP D71G23000050001,1845 A,decidua,0.00,0.00,0.00,0.00,img/albero.png,,"geo:,"
AF053AF,ALB_0554,Viale Margherita di Savoia - A,26920, 2786,29/12/2025,Giuseppe Maniscalco,047,Platanus X Acerifolia,Cercine,,,,,,,C,APL.005S,,,,,,,,,,,,,,,Potatura decidui chioma espansa h.6-12m,cad,€186.07,Olivuzza,Zisa,V,2.62,6.91,Accordo Quadro - CUP D71G23000050001,1778,decidua,0.00,0.00,0.00,0.00,img/albero.png,,"geo:,"
AF054AF,ALB_0555,Viale Margherita di Savoia - A,26920, 2786,29/12/2025,Giuseppe Maniscalco,048,Platanus X Acerifolia,Cercine,,,,,,,C,APL.005S,,,,,,,,,,,,,,,Potatura decidui chioma espansa h.6-12m,cad,€186.07,Olivuzza,Zisa,V,7.71,20.36,Accordo Quadro - CUP D71G23000050001,1778,decidua,0.00,0.00,0.00,0.00,img/albero.png,,"geo:,"
AF055AF,ALB_0556,Viale Margherita di Savoia - A,26920, 2786,29/12/2025,Giuseppe Maniscalco,049,Platanus X Acerifolia,Cercine,,,,,,,C,APL.005S,,,,,,,,,,,,,,,Potatura decidui chioma espansa h.6-12m,cad,€186.07,Olivuzza,Zisa,V,0.4,1.06,Accordo Quadro - CUP D71G23000050001,1801,decidua,0.00,0.00,0.00,0.00,img/albero.png,,"geo:,"
AF056AF,ALB_0557,Viale Margherita di Savoia - A,26920, 2786,29/12/2025,Giuseppe Maniscalco,051,Platanus X Acerifolia,Cercine,,,,,,,C,APL.005S,,,,,,,,,,,,,,,Potatura decidui chioma espansa h.6-12m,cad,€186.07,Olivuzza,Zisa,V,5.61,14.81,Accordo Quadro - CUP D71G23000050001,1779,decidua,0.00,0.00,0.00,0.00,img/albero.png,,"geo:,"
AF057AF,ALB_0558,Viale Margherita di Savoia - A,26920, 2786,29/12/2025,Giuseppe Maniscalco,052,Platanus X Acerifolia,Cercine,,,,,,,C/D,APL.005S,,,,,,,,,,,,,,,Potatura decidui chioma espansa h.6-12m,cad,€186.07,Olivuzza,Zisa,V,0.67,1.77,Accordo Quadro - CUP D71G23000050001,1779,decidua,0.00,0.00,0.00,0.00,img/albero.png,,"geo:,"
AF058AF,ALB_0559,Viale Margherita di Savoia - A,26920, 2786,29/12/2025,Giuseppe Maniscalco,053,Platanus X Acerifolia,Cercine,,,,,,,C,APL.005S,,,,,,,,,,,,,,,Potatura decidui chioma espansa h.6-12m,cad,€186.07,Olivuzza,Zisa,V,4.36,11.52,Accordo Quadro - CUP D71G23000050001,1779,decidua,0.00,0.00,0.00,0.00,img/albero.png,,"geo:,"
AF059AF,ALB_0560,Viale Margherita di Savoia - A,26920, 2786,29/12/2025,Giuseppe Maniscalco,054,Platanus X Acerifolia,Cercine,,,,,,,C,APL.005S,,,,,,,,,,,,,,,Potatura decidui chioma espansa h.6-12m,cad,€186.07,Olivuzza,Zisa,V,7.44,19.64,Accordo Quadro - CUP D71G23000050001,1735,decidua,0.00,0.00,0.00,0.00,img/albero.png,,"geo:,"
AF060AF,ALB_0561,Viale Margherita di Savoia - A,26920, 2786,29/12/2025,Giuseppe Maniscalco,056,Platanus X Acerifolia,Cercine,,,,,,,C,APL.005S,,,,,,,,,,,,,,,Potatura decidui chioma espansa h.6-12m,cad,€186.07,Olivuzza,Zisa,V,2.15,5.67,Accordo Quadro - CUP D71G23000050001,1735,decidua,0.00,0.00,0.00,0.00,img/albero.png,,"geo:,"
AF061AF,ALB_0562,Viale Margherita di Savoia - A,26920, 2786,29/12/2025,Giuseppe Maniscalco,057,Platanus X Acerifolia,Cercine,,,,,,,C,APL.005S,,,,,,,,,,,,,,,Potatura decidui chioma espansa h.6-12m,cad,€186.07,Olivuzza,Zisa,V,2.71,7.16,Accordo Quadro - CUP D71G23000050001,1735,decidua,0.00,0.00,0.00,0.00,img/albero.png,,"geo:,"
AF062AF,ALB_0563,Viale Margherita di Savoia - A,26920, 2786,29/12/2025,Giuseppe Maniscalco,058,Platanus X Acerifolia,Cercine,,,,,,,C,APL.005S,,,,,,,,,,,,,,,Potatura decidui chioma espansa h.6-12m,cad,€186.07,Olivuzza,Zisa,V,0.22,0.58,Accordo Quadro - CUP D71G23000050001,1693,decidua,0.00,0.00,0.00,0.00,img/albero.png,,"geo:,"
AF063AF,ALB_0564,Viale Margherita di Savoia - A,26920, 2786,29/12/2025,Giuseppe Maniscalco,061,Platanus X Acerifolia,Cercine,,,,,,,C,APL.005S,,,,,,,,,,,,,,,Potatura decidui chioma espansa h.6-12m,cad,€186.07,Olivuzza,Zisa,V,2.55,6.72,Accordo Quadro - CUP D71G23000050001,1673,decidua,0.00,0.00,0.00,0.00,img/albero.png,,"geo:,"
AF064AF,ALB_0565,Viale Margherita di Savoia - A,26920, 2786,29/12/2025,Giuseppe Maniscalco,062,Platanus X Acerifolia,Cercine,,,,,,,C,APL.005S,,,,,,,,,,,,,,,Potatura decidui chioma espansa h.6-12m,cad,€186.07,Olivuzza,Zisa,V,7.97,21.04,Accordo Quadro - CUP D71G23000050001,1632,decidua,0.00,0.00,0.00,0.00,img/albero.png,,"geo:,"
AF065AF,ALB_0566,Viale Margherita di Savoia - A,26920, 2786,29/12/2025,Giuseppe Maniscalco,063,Platanus X Acerifolia,Cercine,,,,,,,C,APL.005S,,,,,,,,,,,,,,,Potatura decidui chioma espansa h.6-12m,cad,€186.07,Olivuzza,Zisa,V,,,Accordo Quadro - CUP D71G23000050001,1630,decidua,0.00,0.00,0.00,0.00,img/albero.png,,"geo:,"
AF066AF,ALB_0567,Viale Margherita di Savoia - A,26920, 2786,29/12/2025,Giuseppe Maniscalco,064,Platanus X Acerifolia,Cercine,,,,,,,C,APL.005S,,,,,,,,,,,,,,,Potatura decidui chioma espansa h.6-12m,cad,€186.07,Olivuzza,Zisa,V,,,Accordo Quadro - CUP D71G23000050001,1622,decidua,0.00,0.00,0.00,0.00,img/albero.png,,"geo:,"
AF067AF,ALB_0568,Viale Margherita di Savoia - A,26920, 2786,29/12/2025,Giuseppe Maniscalco,065,Platanus X Acerifolia,Cercine,,,,,,,C,APL.005S,,,,,,,,,,,,,,,Potatura decidui chioma espansa h.6-12m,cad,€186.07,Olivuzza,Zisa,V,,,Accordo Quadro - CUP D71G23000050001,28,decidua,0.00,0.00,0.00,0.00,img/albero.png,,"geo:,"
AF068AF,ALB_0569,Viale Margherita di Savoia - A,26920, 2786,29/12/2025,Giuseppe Maniscalco,066,Platanus X Acerifolia,Cercine,,,,,,,C,APL.005S,,,,,,,,,,,,,,,Potatura decidui chioma espansa h.6-12m,cad,€186.07,Olivuzza,Zisa,V,,,Accordo Quadro - CUP D71G23000050001,1542,decidua,0.00,0.00,0.00,0.00,img/albero.png,,"geo:,"
AF069AF,ALB_0570,Viale Margherita di Savoia - A,26920, 2786,29/12/2025,Giuseppe Maniscalco,067,Platanus X Acerifolia,Cercine,,,,,,,C,APL.005S,,,,,,,,,,,,,,,Potatura decidui chioma espansa h.6-12m,cad,€186.07,Olivuzza,Zisa,V,,,Accordo Quadro - CUP D71G23000050001,1473,decidua,0.00,0.00,0.00,0.00,img/albero.png,,"geo:,"
AF070AF,ALB_0571,Viale Margherita di Savoia - A,26920, 2786,29/12/2025,Giuseppe Maniscalco,068,Platanus X Acerifolia,Cercine,,,,,,,C,APL.005S,,,,,,,,,,,,,,,Potatura decidui chioma espansa h.6-12m,cad,€186.07,Olivuzza,Zisa,V,,,Accordo Quadro - CUP D71G23000050001,1482,decidua,0.00,0.00,0.00,0.00,img/albero.png,,"geo:,"
AF071AF,ALB_0572,Viale Margherita di Savoia - A,26920, 2786,29/12/2025,Giuseppe Maniscalco,069,Platanus X Acerifolia,Cercine,,,,,,,C,APL.005S,,,,,,,,,,,,,,,Potatura decidui chioma espansa h.6-12m,cad,€186.07,Olivuzza,Zisa,V,,,Accordo Quadro - CUP D71G23000050001,1482,decidua,0.00,0.00,0.00,0.00,img/albero.png,,"geo:,"
AF072AF,ALB_0573,Viale Margherita di Savoia - A,26920, 2786,29/12/2025,Giuseppe Maniscalco,070,Platanus X Acerifolia,Cercine,,,,,,,C,APL.005S,,,,,,,,,,,,,,,Potatura decidui chioma espansa h.6-12m,cad,€186.07,Olivuzza,Zisa,V,,,Accordo Quadro - CUP D71G23000050001,1442,decidua,0.00,0.00,0.00,0.00,img/albero.png,,"geo:,"
AF073AF,ALB_0574,Viale Margherita di Savoia - A,26920, 2786,29/12/2025,Giuseppe Maniscalco,071,Platanus X Acerifolia,Cercine,,,,,,,C/D,APL.005S,,,,,,,,,,,,,,,Potatura decidui chioma espansa h.6-12m,cad,€186.07,Olivuzza,Zisa,V,,,Accordo Quadro - CUP D71G23000050001,1359,decidua,0.00,0.00,0.00,0.00,img/albero.png,,"geo:,"
AF074AF,ALB_0575,Viale Margherita di Savoia - A,26920, 2786,29/12/2025,Giuseppe Maniscalco,072,Platanus X Acerifolia,Cercine,,,,,,,C/D,APL.005S,,,,,,,,,,,,,,,Potatura decidui chioma espansa h.6-12m,cad,€186.07,Olivuzza,Zisa,V,,,Accordo Quadro - CUP D71G23000050001,1354,decidua,0.00,0.00,0.00,0.00,img/albero.png,,"geo:,"
AF075AF,ALB_0576,Viale Margherita di Savoia - A,26920, 2786,29/12/2025,Giuseppe Maniscalco,075,Platanus X Acerifolia,Cercine,,,,,,,C,APL.005S,,,,,,,,,,,,,,,Potatura decidui chioma espansa h.6-12m,cad,€186.07,Olivuzza,Zisa,V,,,Accordo Quadro - CUP D71G23000050001,1350,decidua,0.00,0.00,0.00,0.00,img/albero.png,,"geo:,"
AF076AF,ALB_0577,Viale Margherita di Savoia - A,26920, 2786,29/12/2025,Giuseppe Maniscalco,076,Platanus X Acerifolia,Cercine,,,,,,,C,APL.005S,,,,,,,,,,,,,,,Potatura decidui chioma espansa h.6-12m,cad,€186.07,Olivuzza,Zisa,V,,,Accordo Quadro - CUP D71G23000050001,1326,decidua,0.00,0.00,0.00,0.00,img/albero.png,,"geo:,"
AF077AF,ALB_0578,Viale Margherita di Savoia - A,26920, 2786,29/12/2025,Giuseppe Maniscalco,077,Platanus X Acerifolia,Cercine,,,,,,,C,APL.005S,,,,,,,,,,,,,,,Potatura decidui chioma espansa h.6-12m,cad,€186.07,Olivuzza,Zisa,V,,,Accordo Quadro - CUP D71G23000050001,1326,decidua,0.00,0.00,0.00,0.00,img/albero.png,,"geo:,"
AF078AF,ALB_0579,Viale Margherita di Savoia - A,26920, 2786,29/12/2025,Giuseppe Maniscalco,078,Platanus X Acerifolia,Cercine,,,,,,,C,APL.005S,,,,,,,,,,,,,,,Potatura decidui chioma espansa h.6-12m,cad,€186.07,Olivuzza,Zisa,V,,,Accordo Quadro - CUP D71G23000050001,1326,decidua,0.00,0.00,0.00,0.00,img/albero.png,,"geo:,"
AF079AF,ALB_0580,Viale Margherita di Savoia - A,26920, 2786,29/12/2025,Giuseppe Maniscalco,079,Platanus X Acerifolia,Cercine,,,,,,,C,APL.005S,,,,,,,,,,,,,,,Potatura decidui chioma espansa h.6-12m,cad,€186.07,Olivuzza,Zisa,V,,,Accordo Quadro - CUP D71G23000050001,1266,decidua,0.00,0.00,0.00,0.00,img/albero.png,,"geo:,"
AF080AF,ALB_0581,Viale Margherita di Savoia - A,26920, 2786,29/12/2025,Giuseppe Maniscalco,080,Platanus X Acerifolia,Cercine,,,,,,,C,APL.005S,,,,,,,,,,,,,,,Potatura decidui chioma espansa h.6-12m,cad,€186.07,Olivuzza,Zisa,V,,,Accordo Quadro - CUP D71G23000050001,1266,decidua,0.00,0.00,0.00,0.00,img/albero.png,,"geo:,"
AF081AF,ALB_0582,Viale Margherita di Savoia - A,26920, 2786,29/12/2025,Giuseppe Maniscalco,082,Platanus X Acerifolia,Cercine,,,,,,,C,APL.005S,,,,,,,,,,,,,,,Potatura decidui chioma espansa h.6-12m,cad,€186.07,Olivuzza,Zisa,V,,,Accordo Quadro - CUP D71G23000050001,1264 A,decidua,0.00,0.00,0.00,0.00,img/albero.png,,"geo:,"
AF082AF,ALB_0583,Viale Margherita di Savoia - A,26920, 2786,29/12/2025,Giuseppe Maniscalco,083,Platanus X Acerifolia,Cercine,,,,,,,C,APL.005S,,,,,,,,,,,,,,,Potatura decidui chioma espansa h.6-12m,cad,€186.07,Olivuzza,Zisa,V,,,Accordo Quadro - CUP D71G23000050001,1264,decidua,0.00,0.00,0.00,0.00,img/albero.png,,"geo:,"
AF083AF,ALB_0584,Viale Margherita di Savoia - A,26920, 2786,29/12/2025,Giuseppe Maniscalco,084,Platanus X Acerifolia,Cercine,,,,,,,C,APL.005S,,,,,,,,,,,,,,,Potatura decidui chioma espansa h.6-12m,cad,€186.07,Olivuzza,Zisa,V,,,Accordo Quadro - CUP D71G23000050001,1182,decidua,0.00,0.00,0.00,0.00,img/albero.png,,"geo:,"
AF084AF,ALB_0585,Viale Margherita di Savoia - A,26920, 2786,29/12/2025,Giuseppe Maniscalco,085,Platanus X Acerifolia,Cercine,,,,,,,C,APL.005S,,,,,,,,,,,,,,,Potatura decidui chioma espansa h.6-12m,cad,€186.07,Olivuzza,Zisa,V,,,Accordo Quadro - CUP D71G23000050001,1136,decidua,0.00,0.00,0.00,0.00,img/albero.png,,"geo:,"
AF085AF,ALB_0586,Viale Margherita di Savoia - A,26920, 2786,29/12/2025,Giuseppe Maniscalco,086,Platanus X Acerifolia,Cercine,,,,,,,C,APL.005S,,,,,,,,,,,,,,,Potatura decidui chioma espansa h.6-12m,cad,€186.07,Olivuzza,Zisa,V,,,Accordo Quadro - CUP D71G23000050001,1136,decidua,0.00,0.00,0.00,0.00,img/albero.png,,"geo:,"
AF086AF,ALB_0587,Viale Margherita di Savoia - B,269200, 2786,29/12/2025,Giuseppe Maniscalco,001,Ficus Microcarpa,Cercine,38.190952,13.332617,10-15,80,0.6,0.2,C,APL.002S,,,,,,,,,,,,,,,Potatura latifoglie sempreverdi h.8-16m,cad,€358.16,Olivuzza,Zisa,V,,,Accordo Quadro - CUP D71G23000050001,1136,sempreverde,0.00,0.00,0.00,0.00,img/albero.png,,"geo:38.190952,13.332617"
AF087AF,ALB_0588,Viale Margherita di Savoia - B,269200, 2786,29/12/2025,Giuseppe Maniscalco,002,Ficus Microcarpa,Cercine,38.190836,13.332629,10-15,110,0.6,0.2,D,APL.018S,,,SIC24_1.6.2,Rimozione ceppaie 0.5-1.5 m³,€228.15,,NP00.120643,Ficus microcarpa circ.12/14cm,€758.08,,,,,,Abbattimento chioma espansa h.12-16m,cad,€316.90,Olivuzza,Zisa,V,,,Accordo Quadro - CUP D71G23000050001,64 C,sempreverde,0.00,0.00,0.00,0.00,img/albero.png,,"geo:38.190836,13.332629"
AF088AF,ALB_0589,Viale Margherita di Savoia - B,269200, 2786,29/12/2025,Giuseppe Maniscalco,003,Ficus Microcarpa,Cercine,38.190738,13.332649,10-15,110,0.6,0.2,C,APL.002S,,,,,,,,,,,,,,,Potatura latifoglie sempreverdi h.8-16m,cad,€358.16,Olivuzza,Zisa,V,,,Accordo Quadro - CUP D71G23000050001,1012,sempreverde,0.00,0.00,0.00,0.00,img/albero.png,,"geo:38.190738,13.332649"
AF089AF,ALB_0590,Viale Margherita di Savoia - B,269200, 2786,29/12/2025,Giuseppe Maniscalco,004,Ficus Microcarpa,Cercine,38.190437,13.332709,10-15,110,0.6,0.2,C/D,APL.002S,,,,,,,,,,,,,,,Potatura latifoglie sempreverdi h.8-16m,cad,€358.16,Olivuzza,Zisa,V,,,Accordo Quadro - CUP D71G23000050001,1012,sempreverde,0.00,0.00,0.00,0.00,img/albero.png,,"geo:38.190437,13.332709"
AF090AF,ALB_0591,Viale Margherita di Savoia - B,269200, 2786,29/12/2025,Giuseppe Maniscalco,005,Ficus Microcarpa,Cercine,38.190326,13.33272,10-15,100,0.6,0.2,C,APL.002S,,,,,,,,,,,,,,,Potatura latifoglie sempreverdi h.8-16m,cad,€358.16,Olivuzza,Zisa,V,,,Accordo Quadro - CUP D71G23000050001,1008,sempreverde,0.00,0.00,0.00,0.00,img/albero.png,,"geo:38.190326,13.33272"
AF091AF,ALB_0592,Viale Margherita di Savoia - B,269200, 2786,29/12/2025,Giuseppe Maniscalco,006,Ficus Microcarpa,Cercine,38.190207,13.332741,10-15,120,0.6,0.2,C,APL.002S,,,,,,,,,,,,,,,Potatura latifoglie sempreverdi h.8-16m,cad,€358.16,Olivuzza,Zisa,V,,,Accordo Quadro - CUP D71G23000050001,1008,sempreverde,0.00,0.00,0.00,0.00,img/albero.png,,"geo:38.190207,13.332741"
AF092AF,ALB_0593,Viale Margherita di Savoia - B,269200, 2786,29/12/2025,Giuseppe Maniscalco,007,Ficus Microcarpa,Cercine,38.189976,13.332772,10-15,120,0.6,0.2,C/D,APL.002S,,,,,,,,,,,,,,,Potatura latifoglie sempreverdi h.8-16m,cad,€358.16,Olivuzza,Zisa,V,,,Accordo Quadro - CUP D71G23000050001,1006,sempreverde,0.00,0.00,0.00,0.00,img/albero.png,,"geo:38.189976,13.332772"
AF093AF,ALB_0594,Viale Margherita di Savoia - B,269200, 2786,29/12/2025,Giuseppe Maniscalco,009,Ficus Microcarpa,Cercine,38.189571,13.332819,18,75,0.6,0.2,C/D,APL.003S,,,,,,,,,,,,,,,Potatura latifoglie sempreverdi h>16m,cad,€713.74,Olivuzza,Zisa,V,,,Accordo Quadro - CUP D71G23000050001,1004,sempreverde,0.00,0.00,0.00,0.00,img/albero.png,,"geo:38.189571,13.332819"
AF094AF,ALB_0595,Viale Margherita di Savoia - B,269200, 2786,29/12/2025,Giuseppe Maniscalco,010,Ficus Microcarpa,Cercine,38.189457,13.332847,20,85,0.6,0.2,D,APL.019S,,,SIC24_1.6.2,Rimozione ceppaie 0.5-1.5 m³,€228.15,,NP00.120643,Ficus microcarpa circ.12/14cm,€758.08,,,,,,Abbattimento chioma espansa h.16-23m,cad,€602.28,Olivuzza,Zisa,V,,,Accordo Quadro - CUP D71G23000050001,1004,sempreverde,0.00,0.00,0.00,0.00,img/albero.png,,"geo:38.189457,13.332847"
AF095AF,ALB_0596,Viale Margherita di Savoia - B,269200, 2786,29/12/2025,Giuseppe Maniscalco,011,Ficus Microcarpa,Cercine,38.189218,13.332873,13,68,0.6,0.2,C/D,APL.002S,,,,,,,,,,,,,,,Potatura latifoglie sempreverdi h.8-16m,cad,€358.16,Olivuzza,Zisa,V,,,Accordo Quadro - CUP D71G23000050001,984,sempreverde,0.00,0.00,0.00,0.00,img/albero.png,,"geo:38.189218,13.332873"
AF096AF,ALB_0597,Viale Margherita di Savoia - B,269200, 2786,29/12/2025,Giuseppe Maniscalco,013,Ficus Microcarpa,Cercine,38.189008,13.3329,10-15,120,0.6,0.2,C,APL.002S,,,,,,,,,,,,,,,Potatura latifoglie sempreverdi h.8-16m,cad,€358.16,Olivuzza,Zisa,V,,,Accordo Quadro - CUP D71G23000050001,984,sempreverde,0.00,0.00,0.00,0.00,img/albero.png,,"geo:38.189008,13.3329"
AF097AF,ALB_0598,Viale Margherita di Savoia - B,269200, 2786,29/12/2025,Giuseppe Maniscalco,014,Ficus Microcarpa,Cercine,38.188895,13.332922,19,90,0.6,0.2,C/D,APL.002S,,,,,,,,,,,,,,,Potatura latifoglie sempreverdi h.8-16m,cad,€358.16,Olivuzza,Zisa,V,,,Accordo Quadro - CUP D71G23000050001,984,sempreverde,0.00,0.00,0.00,0.00,img/albero.png,,"geo:38.188895,13.332922"
AF098AF,ALB_0599,Viale Margherita di Savoia - B,269200, 2786,29/12/2025,Giuseppe Maniscalco,015,Ficus Microcarpa,Cercine,38.188786,13.332936,15,75,0.6,0.2,C,APL.002S,,,,,,,,,,,,,,,Potatura latifoglie sempreverdi h.8-16m,cad,€358.16,Olivuzza,Zisa,V,,,Accordo Quadro - CUP D71G23000050001,934,sempreverde,0.00,0.00,0.00,0.00,img/albero.png,,"geo:38.188786,13.332936"
AF099AF,ALB_0600,Viale Margherita di Savoia - B,269200, 2786,29/12/2025,Giuseppe Maniscalco,016,Ficus Microcarpa,Cercine,38.188684,13.332968,15,62,0.6,0.2,C/D,APL.002S,,,,,,,,,,,,,,,Potatura latifoglie sempreverdi h.8-16m,cad,€358.16,Olivuzza,Zisa,V,,,Accordo Quadro - CUP D71G23000050001,934,sempreverde,0.00,0.00,0.00,0.00,img/albero.png,,"geo:38.188684,13.332968"
AG000AG,ALB_0601,Viale Margherita di Savoia - B,269200, 2786,29/12/2025,Giuseppe Maniscalco,017,Ficus Microcarpa,Cercine,38.188592,13.332981,10-15,70,0.6,0.2,D,APL.002S,,,,,,,,,,,,,,,Potatura latifoglie sempreverdi h.8-16m,cad,€358.16,Olivuzza,Zisa,V,,,Accordo Quadro - CUP D71G23000050001,934,sempreverde,0.00,0.00,0.00,0.00,img/albero.png,,"geo:38.188592,13.332981"
AG001AG,ALB_0602,Viale Margherita di Savoia - B,269200, 2786,29/12/2025,Giuseppe Maniscalco,018,Ficus Microcarpa,Cercine,38.188517,13.332979,10-15,110,0.6,0.2,C,APL.002S,,,,,,,,,,,,,,,Potatura latifoglie sempreverdi h.8-16m,cad,€358.16,Olivuzza,Zisa,V,,,Accordo Quadro - CUP D71G23000050001,912,sempreverde,0.00,0.00,0.00,0.00,img/albero.png,,"geo:38.188517,13.332979"
AG002AG,ALB_0603,Viale Margherita di Savoia - B,269200, 2786,29/12/2025,Giuseppe Maniscalco,019,Ficus Microcarpa,Cercine,38.188382,13.333005,10-15,100,0.6,0.2,D,APL.018S,,,SIC24_1.6.2,Rimozione ceppaie 0.5-1.5 m³,€228.15,,NP00.120643,Ficus microcarpa circ.12/14cm,€758.08,,,,,,Abbattimento chioma espansa h.12-16m,cad,€316.90,Olivuzza,Zisa,V,,,Accordo Quadro - CUP D71G23000050001,912,sempreverde,0.00,0.00,0.00,0.00,img/albero.png,,"geo:38.188382,13.333005"
AG003AG,ALB_0604,Viale Margherita di Savoia - B,269200, 2786,29/12/2025,Giuseppe Maniscalco,020,Ficus Microcarpa,Cercine,38.188274,13.333007,10-15,100,0.6,0.2,C,APL.002S,,,,,,,,,,,,,,,Potatura latifoglie sempreverdi h.8-16m,cad,€358.16,Olivuzza,Zisa,V,,,Accordo Quadro - CUP D71G23000050001,884,sempreverde,0.00,0.00,0.00,0.00,img/albero.png,,"geo:38.188274,13.333007"
AG004AG,ALB_0605,Viale Margherita di Savoia - B,269200, 2786,29/12/2025,Giuseppe Maniscalco,021,Ficus Microcarpa,Cercine,38.188113,13.333043,10-15,110,0.6,0.2,C,APL.002S,,,,,,,,,,,,,,,Potatura latifoglie sempreverdi h.8-16m,cad,€358.16,Olivuzza,Zisa,V,,,Accordo Quadro - CUP D71G23000050001,884,sempreverde,0.00,0.00,0.00,0.00,img/albero.png,,"geo:38.188113,13.333043"
AG005AG,ALB_0606,Viale Margherita di Savoia - B,269200, 2786,29/12/2025,Giuseppe Maniscalco,022,Ficus Microcarpa,Cercine,38.187969,13.333059,18,100,0.6,0.2,C,APL.003S,,,,,,,,,,,,,,,Potatura latifoglie sempreverdi h>16m,cad,€713.74,Olivuzza,Zisa,V,,,Accordo Quadro - CUP D71G23000050001,772,sempreverde,0.00,0.00,0.00,0.00,img/albero.png,,"geo:38.187969,13.333059"
AG006AG,ALB_0607,Viale Margherita di Savoia - B,269200, 2786,29/12/2025,Giuseppe Maniscalco,023,Ficus Microcarpa,Cercine,38.187854,13.333081,10-15,70,0.6,0.2,C,APL.002S,,,,,,,,,,,,,,,Potatura latifoglie sempreverdi h.8-16m,cad,€358.16,Olivuzza,Zisa,V,,,Accordo Quadro - CUP D71G23000050001,772,sempreverde,0.00,0.00,0.00,0.00,img/albero.png,,"geo:38.187854,13.333081"
AG007AG,ALB_0608,Viale Margherita di Savoia - B,269200, 2786,29/12/2025,Giuseppe Maniscalco,024,Ficus Microcarpa,Cercine,38.187717,13.333104,10-15,60,0.6,0.2,C,APL.002S,,,,,,,,,,,,,,,Potatura latifoglie sempreverdi h.8-16m,cad,€358.16,Olivuzza,Zisa,V,,,Accordo Quadro - CUP D71G23000050001,772,sempreverde,0.00,0.00,0.00,0.00,img/albero.png,,"geo:38.187717,13.333104"
AG008AG,ALB_0609,Viale Margherita di Savoia - B,269200, 2786,29/12/2025,Giuseppe Maniscalco,025,Ficus Microcarpa,Cercine,38.187602,13.333131,15,70,0.6,0.2,C/D,APL.002S,,,,,,,,,,,,,,,Potatura latifoglie sempreverdi h.8-16m,cad,€358.16,Olivuzza,Zisa,V,,,Accordo Quadro - CUP D71G23000050001,1,sempreverde,0.00,0.00,0.00,0.00,img/albero.png,,"geo:38.187602,13.333131"
AG009AG,ALB_0610,Viale Margherita di Savoia - B,269200, 2786,29/12/2025,Giuseppe Maniscalco,026,Ficus Microcarpa,Cercine,38.18747,13.333147,10-15,70,0.6,0.2,D,APL.018S,,,SIC24_1.6.2,Rimozione ceppaie 0.5-1.5 m³,€228.15,,NP00.120643,Ficus microcarpa circ.12/14cm,€758.08,,,,,,Abbattimento chioma espansa h.12-16m,cad,€316.90,Olivuzza,Zisa,V,,,Accordo Quadro - CUP D71G23000050001,702,sempreverde,0.00,0.00,0.00,0.00,img/albero.png,,"geo:38.18747,13.333147"
AG010AG,ALB_0611,Viale Margherita di Savoia - B,269200, 2786,29/12/2025,Giuseppe Maniscalco,027,Ficus Microcarpa,Cercine,38.187325,13.333159,13,60,0.6,0.2,C,APL.002S,,,,,,,,,,,,,,,Potatura latifoglie sempreverdi h.8-16m,cad,€358.16,Olivuzza,Zisa,V,,,Accordo Quadro - CUP D71G23000050001,702,sempreverde,0.00,0.00,0.00,0.00,img/albero.png,,"geo:38.187325,13.333159"
AG011AG,ALB_0612,Viale Margherita di Savoia - B,269200, 2786,29/12/2025,Giuseppe Maniscalco,028,Ficus Microcarpa,Cercine,38.187232,13.333173,10-15,50,0.6,0.2,C/D,APL.002S,,,,,,,,,,,,,,,Potatura latifoglie sempreverdi h.8-16m,cad,€358.16,Olivuzza,Zisa,V,,,Accordo Quadro - CUP D71G23000050001,700,sempreverde,0.00,0.00,0.00,0.00,img/albero.png,,"geo:38.187232,13.333173"
AG012AG,ALB_0613,Viale Margherita di Savoia - B,269200, 2786,29/12/2025,Giuseppe Maniscalco,029,Ficus Microcarpa,Cercine,38.187101,13.333192,10-15,70,0.6,0.2,C/D,APL.002S,,,,,,,,,,,,,,,Potatura latifoglie sempreverdi h.8-16m,cad,€358.16,Olivuzza,Zisa,V,,,Accordo Quadro - CUP D71G23000050001,650,sempreverde,0.00,0.00,0.00,0.00,img/albero.png,,"geo:38.187101,13.333192"
AG013AG,ALB_0614,Viale Margherita di Savoia - B,269200, 2786,29/12/2025,Giuseppe Maniscalco,030,Ficus Microcarpa,Cercine,38.186965,13.33322,13,70,0.6,0.2,C/D,APL.002S,,,,,,,,,,,,,,,Potatura latifoglie sempreverdi h.8-16m,cad,€358.16,Olivuzza,Zisa,V,,,Accordo Quadro - CUP D71G23000050001,540,sempreverde,0.00,0.00,0.00,0.00,img/albero.png,,"geo:38.186965,13.33322"
AG014AG,ALB_0615,Viale Margherita di Savoia - B,269200, 2786,29/12/2025,Giuseppe Maniscalco,031,Ficus Microcarpa,Cercine,38.18683,13.333236,15,65,0.6,0.2,C/D,APL.002S,,,,,,,,,,,,,,,Potatura latifoglie sempreverdi h.8-16m,cad,€358.16,Olivuzza,Zisa,V,,,Accordo Quadro - CUP D71G23000050001,508,sempreverde,0.00,0.00,0.00,0.00,img/albero.png,,"geo:38.18683,13.333236"
AG015AG,ALB_0616,Viale Margherita di Savoia - B,269200, 2786,29/12/2025,Giuseppe Maniscalco,032,Ficus Microcarpa,Cercine,38.186698,13.333249,10-15,70,0.6,0.2,C,APL.002S,,,,,,,,,,,,,,,Potatura latifoglie sempreverdi h.8-16m,cad,€358.16,Olivuzza,Zisa,V,,,Accordo Quadro - CUP D71G23000050001,508,sempreverde,0.00,0.00,0.00,0.00,img/albero.png,,"geo:38.186698,13.333249"
AG016AG,ALB_0617,Viale Margherita di Savoia - B,269200, 2786,29/12/2025,Giuseppe Maniscalco,033,Ficus Microcarpa,Cercine,38.186586,13.33327,10-15,80,0.6,0.2,C/D,APL.002S,,,,,,,,,,,,,,,Potatura latifoglie sempreverdi h.8-16m,cad,€358.16,Olivuzza,Zisa,V,,,Accordo Quadro - CUP D71G23000050001,508,sempreverde,0.00,0.00,0.00,0.00,img/albero.png,,"geo:38.186586,13.33327"
AG017AG,ALB_0618,Viale Margherita di Savoia - B,269200, 2786,29/12/2025,Giuseppe Maniscalco,034,Ficus Microcarpa,Cercine,38.18645,13.33329,16,75,0.6,0.2,C,APL.003S,,,,,,,,,,,,,,,Potatura latifoglie sempreverdi h>16m,cad,€713.74,Olivuzza,Zisa,V,,,Accordo Quadro - CUP D71G23000050001,500,sempreverde,0.00,0.00,0.00,0.00,img/albero.png,,"geo:38.18645,13.33329"
AG018AG,ALB_0619,Viale Margherita di Savoia - B,269200, 2786,29/12/2025,Giuseppe Maniscalco,035,Ficus Microcarpa,Cercine,38.186337,13.333309,10-15,60,0.6,0.2,D,APL.018S,,,SIC24_1.6.2,Rimozione ceppaie 0.5-1.5 m³,€228.15,,NP00.120643,Ficus microcarpa circ.12/14cm,€758.08,,,,,,Abbattimento chioma espansa h.12-16m,cad,€316.90,Olivuzza,Zisa,V,,,Accordo Quadro - CUP D71G23000050001,500,sempreverde,0.00,0.00,0.00,0.00,img/albero.png,,"geo:38.186337,13.333309"
AG019AG,ALB_0620,Viale Margherita di Savoia - B,269200, 2786,29/12/2025,Giuseppe Maniscalco,037,Ficus Microcarpa,Cercine,38.186073,13.333347,10-15,120,0.6,0.2,C/D,APL.002S,,,,,,,,,,,,,,,Potatura latifoglie sempreverdi h.8-16m,cad,€358.16,Olivuzza,Zisa,V,,,Accordo Quadro - CUP D71G23000050001,500,sempreverde,0.00,0.00,0.00,0.00,img/albero.png,,"geo:38.186073,13.333347"
AG020AG,ALB_0621,Viale Margherita di Savoia - B,269200, 2786,29/12/2025,Giuseppe Maniscalco,038,Ficus Microcarpa,Cercine,38.185944,13.333365,10-15,100,0.6,0.2,C/D,APL.002S,,,,,,,,,,,,,,,Potatura latifoglie sempreverdi h.8-16m,cad,€358.16,Olivuzza,Zisa,V,,,Accordo Quadro - CUP D71G23000050001,476,sempreverde,0.00,0.00,0.00,0.00,img/albero.png,,"geo:38.185944,13.333365"
AG021AG,ALB_0622,Viale Margherita di Savoia - B,269200, 2786,29/12/2025,Giuseppe Maniscalco,039,Ficus Microcarpa,Cercine,38.185813,13.333381,18,60,0.6,0.2,C/D,APL.003S,,,,,,,,,,,,,,,Potatura latifoglie sempreverdi h>16m,cad,€713.74,Olivuzza,Zisa,V,,,Accordo Quadro - CUP D71G23000050001,476,sempreverde,0.00,0.00,0.00,0.00,img/albero.png,,"geo:38.185813,13.333381"
AG022AG,ALB_0623,Viale Margherita di Savoia - B,269200, 2786,29/12/2025,Giuseppe Maniscalco,040,Ficus Microcarpa,Cercine,38.185693,13.333413,10-15,110,0.6,0.2,C/D,APL.002S,,,,,,,,,,,,,,,Potatura latifoglie sempreverdi h.8-16m,cad,€358.16,Olivuzza,Zisa,V,,,Accordo Quadro - CUP D71G23000050001,476,sempreverde,0.00,0.00,0.00,0.00,img/albero.png,,"geo:38.185693,13.333413"
AG023AG,ALB_0624,Viale Margherita di Savoia - B,269200, 2786,29/12/2025,Giuseppe Maniscalco,041,Ficus Microcarpa,Cercine,38.185589,13.333425,10-15,80,0.6,0.2,C/D,APL.002S,,,,,,,,,,,,,,,Potatura latifoglie sempreverdi h.8-16m,cad,€358.16,Olivuzza,Zisa,V,,,Accordo Quadro - CUP D71G23000050001,425,sempreverde,0.00,0.00,0.00,0.00,img/albero.png,,"geo:38.185589,13.333425"
AG024AG,ALB_0625,Viale Margherita di Savoia - B,269200, 2786,29/12/2025,Giuseppe Maniscalco,042,Ficus Microcarpa,Cercine,38.185453,13.333448,10-15,90,0.6,0.2,C/D,APL.002S,,,,,,,,,,,,,,,Potatura latifoglie sempreverdi h.8-16m,cad,€358.16,Olivuzza,Zisa,V,,,Accordo Quadro - CUP D71G23000050001,425,sempreverde,0.00,0.00,0.00,0.00,img/albero.png,,"geo:38.185453,13.333448"
AG025AG,ALB_0626,Viale Margherita di Savoia - B,269200, 2786,29/12/2025,Giuseppe Maniscalco,044,Ficus Microcarpa,Cercine,38.185179,13.3335,10-15,70,0.6,0.2,D,APL.002S,,,,,,,,,,,,,,,Potatura latifoglie sempreverdi h.8-16m,cad,€358.16,Olivuzza,Zisa,V,,,Accordo Quadro - CUP D71G23000050001,400,sempreverde,0.00,0.00,0.00,0.00,img/albero.png,,"geo:38.185179,13.3335"
AG026AG,ALB_0627,Viale Margherita di Savoia - B,269200, 2786,29/12/2025,Giuseppe Maniscalco,045,Ficus Microcarpa,Cercine,38.185064,13.333525,10-15,80,0.6,0.2,C,APL.002S,,,,,,,,,,,,,,,Potatura latifoglie sempreverdi h.8-16m,cad,€358.16,Olivuzza,Zisa,V,,,Accordo Quadro - CUP D71G23000050001,400,sempreverde,0.00,0.00,0.00,0.00,img/albero.png,,"geo:38.185064,13.333525"
AG027AG,ALB_0628,Viale Margherita di Savoia - B,269200, 2786,29/12/2025,Giuseppe Maniscalco,046,Ficus Microcarpa,Cercine,38.184946,13.333543,10-15,60,0.6,0.2,C,APL.002S,,,,,,,,,,,,,,,Potatura latifoglie sempreverdi h.8-16m,cad,€358.16,Olivuzza,Zisa,V,,,Accordo Quadro - CUP D71G23000050001,400,sempreverde,0.00,0.00,0.00,0.00,img/albero.png,,"geo:38.184946,13.333543"
AG028AG,ALB_0629,Viale Margherita di Savoia - B,269200, 2786,29/12/2025,Giuseppe Maniscalco,047,Ficus Microcarpa,Cercine,38.18482,13.333557,10-15,70,0.6,0.2,D,APL.002S,,,,,,,,,,,,,,,Potatura latifoglie sempreverdi h.8-16m,cad,€358.16,Olivuzza,Zisa,V,,,Accordo Quadro - CUP D71G23000050001,390,sempreverde,0.00,0.00,0.00,0.00,img/albero.png,,"geo:38.18482,13.333557"
AG029AG,ALB_0630,Viale Margherita di Savoia - B,269200, 2786,29/12/2025,Giuseppe Maniscalco,048,Ficus Microcarpa,Cercine,38.184708,13.333583,10-15,50,0.6,0.2,C,APL.002S,,,,,,,,,,,,,,,Potatura latifoglie sempreverdi h.8-16m,cad,€358.16,Olivuzza,Zisa,V,,,Accordo Quadro - CUP D71G23000050001,330,sempreverde,0.00,0.00,0.00,0.00,img/albero.png,,"geo:38.184708,13.333583"
AG030AG,ALB_0631,Viale Margherita di Savoia - B,269200, 2786,29/12/2025,Giuseppe Maniscalco,049,Ficus Microcarpa,Cercine,38.184567,13.333594,10-15,90,0.6,0.2,C/D,APL.002S,,,,,,,,,,,,,,,Potatura latifoglie sempreverdi h.8-16m,cad,€358.16,Olivuzza,Zisa,V,,,Accordo Quadro - CUP D71G23000050001,330,sempreverde,0.00,0.00,0.00,0.00,img/albero.png,,"geo:38.184567,13.333594"
AG031AG,ALB_0632,Viale Margherita di Savoia - B,269200, 2786,29/12/2025,Giuseppe Maniscalco,050,Ficus Microcarpa,Cercine,38.184433,13.333629,10-15,90,0.6,0.2,C,APL.002S,,,,,,,,,,,,,,,Potatura latifoglie sempreverdi h.8-16m,cad,€358.16,Olivuzza,Zisa,V,,,Accordo Quadro - CUP D71G23000050001,328,sempreverde,0.00,0.00,0.00,0.00,img/albero.png,,"geo:38.184433,13.333629"
AG032AG,ALB_0633,Viale Margherita di Savoia - B,269200, 2786,29/12/2025,Giuseppe Maniscalco,051,Ficus Microcarpa,Cercine,38.18431,13.33364,10-15,100,0.6,0.2,C/D,APL.002S,,,,,,,,,,,,,,,Potatura latifoglie sempreverdi h.8-16m,cad,€358.16,Olivuzza,Zisa,V,,,Accordo Quadro - CUP D71G23000050001,328,sempreverde,0.00,0.00,0.00,0.00,img/albero.png,,"geo:38.18431,13.33364"
AG033AG,ALB_0634,Viale Margherita di Savoia - B,269200, 2786,29/12/2025,Giuseppe Maniscalco,052,Ficus Microcarpa,Cercine,38.184173,13.333657,10-15,80,0.6,0.2,C/D,APL.002S,,,,,,,,,,,,,,,Potatura latifoglie sempreverdi h.8-16m,cad,€358.16,Olivuzza,Zisa,V,,,Accordo Quadro - CUP D71G23000050001,296,sempreverde,0.00,0.00,0.00,0.00,img/albero.png,,"geo:38.184173,13.333657"
AG034AG,ALB_0635,Viale Margherita di Savoia - B,269200, 2786,29/12/2025,Giuseppe Maniscalco,054,Ficus Microcarpa,Cercine,38.183936,13.333704,10-15,110,0.6,0.2,C,APL.002S,,,,,,,,,,,,,,,Potatura latifoglie sempreverdi h.8-16m,cad,€358.16,Olivuzza,Zisa,V,,,Accordo Quadro - CUP D71G23000050001,284,sempreverde,0.00,0.00,0.00,0.00,img/albero.png,,"geo:38.183936,13.333704"
AG035AG,ALB_0636,Viale Margherita di Savoia - B,269200, 2786,29/12/2025,Giuseppe Maniscalco,055,Ficus Microcarpa,Cercine,38.183844,13.333708,10-15,80,0.6,0.2,C,APL.002S,,,,,,,,,,,,,,,Potatura latifoglie sempreverdi h.8-16m,cad,€358.16,Olivuzza,Zisa,V,,,Accordo Quadro - CUP D71G23000050001,262,sempreverde,0.00,0.00,0.00,0.00,img/albero.png,,"geo:38.183844,13.333708"
AG036AG,ALB_0637,Viale Margherita di Savoia - B,269200, 2786,29/12/2025,Giuseppe Maniscalco,056,Ficus Microcarpa,Cercine,38.183706,13.33372,10-15,90,0.6,0.2,C,APL.002S,,,,,,,,,,,,,,,Potatura latifoglie sempreverdi h.8-16m,cad,€358.16,Olivuzza,Zisa,V,,,Accordo Quadro - CUP D71G23000050001,256,sempreverde,0.00,0.00,0.00,0.00,img/albero.png,,"geo:38.183706,13.33372"
AG037AG,ALB_0638,Viale Margherita di Savoia - B,269200, 2786,29/12/2025,Giuseppe Maniscalco,057,Ficus Microcarpa,Cercine,38.183553,13.333737,10-15,100,0.6,0.2,C/D,APL.002S,,,,,,,,,,,,,,,Potatura latifoglie sempreverdi h.8-16m,cad,€358.16,Olivuzza,Zisa,V,,,Accordo Quadro - CUP D71G23000050001,230,sempreverde,0.00,0.00,0.00,0.00,img/albero.png,,"geo:38.183553,13.333737"
AG038AG,ALB_0639,Viale Margherita di Savoia - B,269200, 2786,29/12/2025,Giuseppe Maniscalco,058,Ficus Microcarpa,Cercine,38.183417,13.333761,10-15,70,0.6,0.2,C/D,APL.002S,,,,,,,,,,,,,,,Potatura latifoglie sempreverdi h.8-16m,cad,€358.16,Olivuzza,Zisa,V,,,Accordo Quadro - CUP D71G23000050001,230,sempreverde,0.00,0.00,0.00,0.00,img/albero.png,,"geo:38.183417,13.333761"
AG039AG,ALB_0640,Viale Margherita di Savoia - B,269200, 2786,29/12/2025,Giuseppe Maniscalco,060,Ficus Microcarpa,Cercine,38.18318,13.33382,10-15,120,0.6,0.2,C/D,APL.002S,,,,,,,,,,,,,,,Potatura latifoglie sempreverdi h.8-16m,cad,€358.16,Olivuzza,Zisa,V,,,Accordo Quadro - CUP D71G23000050001,230,sempreverde,0.00,0.00,0.00,0.00,img/albero.png,,"geo:38.18318,13.33382"
AG040AG,ALB_0641,Viale Margherita di Savoia - B,269200, 2786,29/12/2025,Giuseppe Maniscalco,061,Ficus Microcarpa,Cercine,38.183054,13.333819,10-15,100,0.6,0.2,C/D,APL.002S,,,,,,,,,,,,,,,Potatura latifoglie sempreverdi h.8-16m,cad,€358.16,Olivuzza,Zisa,V,,,Accordo Quadro - CUP D71G23000050001,200,sempreverde,0.00,0.00,0.00,0.00,img/albero.png,,"geo:38.183054,13.333819"
AG041AG,ALB_0642,Viale Margherita di Savoia - B,269200, 2786,29/12/2025,Giuseppe Maniscalco,062,Ficus Microcarpa,Cercine,38.182932,13.333829,15-20,110,0.6,0.2,C/D,APL.003S,,,,,,,,,,,,,,,Potatura latifoglie sempreverdi h>16m,cad,€713.74,Olivuzza,Zisa,V,,,Accordo Quadro - CUP D71G23000050001,200,sempreverde,0.00,0.00,0.00,0.00,img/albero.png,,"geo:38.182932,13.333829"
AG042AG,ALB_0643,Viale Margherita di Savoia - B,269200, 2786,29/12/2025,Giuseppe Maniscalco,063,Ficus Microcarpa,Cercine,38.182806,13.333854,16,65,0.6,0.2,C/D,APL.003S,,,,,,,,,,,,,,,Potatura latifoglie sempreverdi h>16m,cad,€713.74,Olivuzza,Zisa,V,,,Accordo Quadro - CUP D71G23000050001,200,sempreverde,0.00,0.00,0.00,0.00,img/albero.png,,"geo:38.182806,13.333854"
AG043AG,ALB_0644,Viale Margherita di Savoia - B,269200, 2786,29/12/2025,Giuseppe Maniscalco,064,Ficus Microcarpa,Cercine,38.182684,13.333872,18,104,0.6,0.2,C/D,APL.003S,,,,,,,,,,,,,,,Potatura latifoglie sempreverdi h>16m,cad,€713.74,Olivuzza,Zisa,V,,,Accordo Quadro - CUP D71G23000050001,18,sempreverde,0.00,0.00,0.00,0.00,img/albero.png,,"geo:38.182684,13.333872"
AG044AG,ALB_0645,Viale Margherita di Savoia - B,269200, 2786,29/12/2025,Giuseppe Maniscalco,065,Ficus Microcarpa,Cercine,38.182563,13.333888,10-15,80,0.6,0.2,C/D,APL.002S,,,,,,,,,,,,,,,Potatura latifoglie sempreverdi h.8-16m,cad,€358.16,Olivuzza,Zisa,V,,,Accordo Quadro - CUP D71G23000050001,18,sempreverde,0.00,0.00,0.00,0.00,img/albero.png,,"geo:38.182563,13.333888"
AG045AG,ALB_0646,Viale Margherita di Savoia - B,269200, 2786,29/12/2025,Giuseppe Maniscalco,066,Ficus Microcarpa,Cercine,38.182444,13.333913,10-15,100,0.6,0.2,C/D,APL.002S,,,,,,,,,,,,,,,Potatura latifoglie sempreverdi h.8-16m,cad,€358.16,Olivuzza,Zisa,V,,,Accordo Quadro - CUP D71G23000050001,126,sempreverde,0.00,0.00,0.00,0.00,img/albero.png,,"geo:38.182444,13.333913"
AG046AG,ALB_0647,Viale Margherita di Savoia - C,269001, 2786,29/12/2025,Giuseppe Maniscalco,067,Ficus Microcarpa,Cercine,38.182188,13.333982,,,0.6,0.2,C,APL.002S,,,,,,,,,,,,,,,Potatura latifoglie sempreverdi h.8-16m,cad,€358.16,Olivuzza,Zisa,V,,,Accordo Quadro - CUP D71G23000050001,126,sempreverde,0.00,0.00,0.00,0.00,img/albero.png,,"geo:38.182188,13.333982"
AG047AG,ALB_0648,Viale Margherita di Savoia - C,269001, 2786,29/12/2025,Giuseppe Maniscalco,068,Ficus Microcarpa,Cercine,38.18207,13.334005,,,0.6,0.2,C,APL.002S,,,,,,,,,,,,,,,Potatura latifoglie sempreverdi h.8-16m,cad,€358.16,Olivuzza,Zisa,V,,,Accordo Quadro - CUP D71G23000050001,126,sempreverde,0.00,0.00,0.00,0.00,img/albero.png,,"geo:38.18207,13.334005"
AG048AG,ALB_0649,Viale Margherita di Savoia - C,269001, 2786,29/12/2025,Giuseppe Maniscalco,069,Ficus Microcarpa,Cercine,38.181945,13.334021,10-15,80,0.6,0.2,C/D,APL.002S,,,,,,,,,,,,,,,Potatura latifoglie sempreverdi h.8-16m,cad,€358.16,Olivuzza,Zisa,V,,,Accordo Quadro - CUP D71G23000050001,118,sempreverde,0.00,0.00,0.00,0.00,img/albero.png,,"geo:38.181945,13.334021"
AG049AG,ALB_0650,Viale Margherita di Savoia - C,269001, 2786,29/12/2025,Giuseppe Maniscalco,070,Ficus Microcarpa,Cercine,38.181812,13.33406,10-15,110,0.6,0.2,C/D,APL.002S,,,,,,,,,,,,,,,Potatura latifoglie sempreverdi h.8-16m,cad,€358.16,Olivuzza,Zisa,V,,,Accordo Quadro - CUP D71G23000050001,118,sempreverde,0.00,0.00,0.00,0.00,img/albero.png,,"geo:38.181812,13.33406"
AG050AG,ALB_0651,Viale Margherita di Savoia - C,269001, 2786,29/12/2025,Giuseppe Maniscalco,071,Ficus Microcarpa,Cercine,38.180883,13.334325,10-15,120,0.6,0.2,C/D,APL.002S,,,,,,,,,,,,,,,Potatura latifoglie sempreverdi h.8-16m,cad,€358.16,Olivuzza,Zisa,V,,,Accordo Quadro - CUP D71G23000050001,116,sempreverde,0.00,0.00,0.00,0.00,img/albero.png,,"geo:38.180883,13.334325"
AG051AG,ALB_0652,Viale Margherita di Savoia - C,269001, 2786,29/12/2025,Giuseppe Maniscalco,072,Ficus Microcarpa,Cercine,38.180837,13.334346,8-10,40,0.6,0.2,C,APL.002S,,,,,,,,,,,,,,,Potatura latifoglie sempreverdi h.8-16m,cad,€358.16,Olivuzza,Zisa,V,,,Accordo Quadro - CUP D71G23000050001,116,sempreverde,0.00,0.00,0.00,0.00,img/albero.png,,"geo:38.180837,13.334346"
AG052AG,ALB_0653,Viale Margherita di Savoia - C,269001, 2786,29/12/2025,Giuseppe Maniscalco,073,Ficus Microcarpa,Cercine,38.1808,13.334369,10-15,40,0.6,0.2,C,APL.002S,,,,,,,,,,,,,,,Potatura latifoglie sempreverdi h.8-16m,cad,€358.16,Olivuzza,Zisa,V,,,Accordo Quadro - CUP D71G23000050001,110,sempreverde,0.00,0.00,0.00,0.00,img/albero.png,,"geo:38.1808,13.334369"
AG053AG,ALB_0654,Viale Margherita di Savoia - C,269001, 2786,29/12/2025,Giuseppe Maniscalco,074,Ficus Microcarpa,Cercine,38.180767,13.33438,10-15,40,0.6,0.2,C,APL.002S,,,,,,,,,,,,,,,Potatura latifoglie sempreverdi h.8-16m,cad,€358.16,Olivuzza,Zisa,V,,,Accordo Quadro - CUP D71G23000050001,106,sempreverde,0.00,0.00,0.00,0.00,img/albero.png,,"geo:38.180767,13.33438"
AG054AG,ALB_0655,Viale Margherita di Savoia - C,269001, 2786,29/12/2025,Giuseppe Maniscalco,075,Ficus Microcarpa,Cercine,38.180711,13.334406,10-15,50,0.6,0.2,C,APL.002S,,,,,,,,,,,,,,,Potatura latifoglie sempreverdi h.8-16m,cad,€358.16,Olivuzza,Zisa,V,,,Accordo Quadro - CUP D71G23000050001,843,sempreverde,0.00,0.00,0.00,0.00,img/albero.png,,"geo:38.180711,13.334406"
AG055AG,ALB_0656,Viale Margherita di Savoia - C,269001, 2786,29/12/2025,Giuseppe Maniscalco,076,Ficus Microcarpa,Cercine,38.180216,13.33458,,,0.6,0.2,B,APL.002S,,,,,,,,,,,,,,,Potatura latifoglie sempreverdi h.8-16m,cad,€358.16,Olivuzza,Zisa,V,,,Accordo Quadro - CUP D71G23000050001,811,sempreverde,0.00,0.00,0.00,0.00,img/albero.png,,"geo:38.180216,13.33458"
AG056AG,ALB_0657,Viale Margherita di Savoia - C,269001, 2786,29/12/2025,Giuseppe Maniscalco,077,Ficus Microcarpa,Cercine,38.180096,13.334629,15-20,100,0.6,0.2,D,APL.019S,,,SIC24_1.6.2,Rimozione ceppaie 0.5-1.5 m³,€228.15,,NP00.120643,Ficus microcarpa circ.12/14cm,€758.08,,,,,,Abbattimento chioma espansa h.16-23m,cad,€602.28,Olivuzza,Zisa,V,,,Accordo Quadro - CUP D71G23000050001,763,sempreverde,0.00,0.00,0.00,0.00,img/albero.png,,"geo:38.180096,13.334629"
AG057AG,ALB_0658,Viale Margherita di Savoia - C,269001, 2786,29/12/2025,Giuseppe Maniscalco,078,Ficus Microcarpa,Cercine,38.179982,13.334669,10-15,90,0.6,0.2,D,APL.002S,,,,,,,,,,,,,,,Potatura latifoglie sempreverdi h.8-16m,cad,€358.16,Olivuzza,Zisa,V,,,Accordo Quadro - CUP D71G23000050001,763,sempreverde,0.00,0.00,0.00,0.00,img/albero.png,,"geo:38.179982,13.334669"
AG058AG,ALB_0659,Viale Margherita di Savoia - C,269001, 2786,29/12/2025,Giuseppe Maniscalco,079,Ficus Microcarpa,Cercine,38.17975,13.334757,10-15,100,0.6,0.2,C/D,APL.002S,,,,,,,,,,,,,,,Potatura latifoglie sempreverdi h.8-16m,cad,€358.16,Olivuzza,Zisa,V,,,Accordo Quadro - CUP D71G23000050001,843,sempreverde,0.00,0.00,0.00,0.00,img/albero.png,,"geo:38.17975,13.334757"
AG059AG,ALB_0660,Viale Margherita di Savoia - C,269001, 2786,29/12/2025,Giuseppe Maniscalco,080,Ficus Microcarpa,Cercine,38.179633,13.3348,10-15,110,0.6,0.2,D,APL.018S,,,SIC24_1.6.2,Rimozione ceppaie 0.5-1.5 m³,€228.15,,NP00.120643,Ficus microcarpa circ.12/14cm,€758.08,,,,,,Abbattimento chioma espansa h.12-16m,cad,€316.90,Olivuzza,Zisa,V,,,Accordo Quadro - CUP D71G23000050001,843,sempreverde,0.00,0.00,0.00,0.00,img/albero.png,,"geo:38.179633,13.3348"
AG060AG,ALB_0661,Viale Margherita di Savoia - C,269001, 2786,29/12/2025,Giuseppe Maniscalco,081,Ficus Microcarpa,Cercine,38.179379,13.334897,10-15,90,0.6,0.2,C/D,APL.002S,,,,,,,,,,,,,,,Potatura latifoglie sempreverdi h.8-16m,cad,€358.16,Olivuzza,Zisa,V,,,Accordo Quadro - CUP D71G23000050001,811,sempreverde,0.00,0.00,0.00,0.00,img/albero.png,,"geo:38.179379,13.334897"
AG061AG,ALB_0662,Viale Margherita di Savoia - C,269001, 2786,29/12/2025,Giuseppe Maniscalco,082,Ficus Microcarpa,Cercine,38.179269,13.334951,15-20,120,0.6,0.2,C/D,APL.003S,,,,,,,,,,,,,,,Potatura latifoglie sempreverdi h>16m,cad,€713.74,Olivuzza,Zisa,V,,,Accordo Quadro - CUP D71G23000050001,811,sempreverde,0.00,0.00,0.00,0.00,img/albero.png,,"geo:38.179269,13.334951"
AG062AG,ALB_0663,Viale Margherita di Savoia - C,269001, 2786,29/12/2025,Giuseppe Maniscalco,083,Ficus Microcarpa,Cercine,38.179139,13.334997,10-15,90,0.6,0.2,C/D,APL.002S,,,,,,,,,,,,,,,Potatura latifoglie sempreverdi h.8-16m,cad,€358.16,Olivuzza,Zisa,V,,,Accordo Quadro - CUP D71G23000050001,707,sempreverde,0.00,0.00,0.00,0.00,img/albero.png,,"geo:38.179139,13.334997"
AG063AG,ALB_0664,Viale Margherita di Savoia - C,269001, 2786,29/12/2025,Giuseppe Maniscalco,084,Ficus Microcarpa,Cercine,38.179021,13.335037,10-15,100,0.6,0.2,D,APL.002S,,,,,,,,,,,,,,,Potatura latifoglie sempreverdi h.8-16m,cad,€358.16,Olivuzza,Zisa,V,,,Accordo Quadro - CUP D71G23000050001,669,sempreverde,0.00,0.00,0.00,0.00,img/albero.png,,"geo:38.179021,13.335037"
AG064AG,ALB_0665,Viale Margherita di Savoia - C,269001, 2786,29/12/2025,Giuseppe Maniscalco,085,Ficus Microcarpa,Cercine,38.178302,13.335324,,,0.6,0.2,C,APL.002S,,,,,,,,,,,,,,,Potatura latifoglie sempreverdi h.8-16m,cad,€358.16,Olivuzza,Zisa,V,,,Accordo Quadro - CUP D71G23000050001,569,sempreverde,0.00,0.00,0.00,0.00,img/albero.png,,"geo:38.178302,13.335324"
AG065AG,ALB_0666,Viale Margherita di Savoia - C,269001, 2786,29/12/2025,Giuseppe Maniscalco,086,Ficus Microcarpa,Cercine,38.178903,13.335098,10-15,86,0.6,0.2,C,APL.002S,,,,,,,,,,,,,,,Potatura latifoglie sempreverdi h.8-16m,cad,€358.16,Olivuzza,Zisa,V,,,Accordo Quadro - CUP D71G23000050001,501,sempreverde,0.00,0.00,0.00,0.00,img/albero.png,,"geo:38.178903,13.335098"
AG066AG,ALB_0667,Viale Margherita di Savoia - C,269001, 2786,29/12/2025,Giuseppe Maniscalco,088,Ficus Microcarpa,Cercine,38.178192,13.335364,10-15,88,0.6,0.2,C/D,APL.002S,,,,,,,,,,,,,,,Potatura latifoglie sempreverdi h.8-16m,cad,€358.16,Olivuzza,Zisa,V,,,Accordo Quadro - CUP D71G23000050001,425,sempreverde,0.00,0.00,0.00,0.00,img/albero.png,,"geo:38.178192,13.335364"
AG067AG,ALB_0668,Viale Margherita di Savoia - C,269001, 2786,29/12/2025,Giuseppe Maniscalco,089,Ficus Microcarpa,Cercine,38.178053,13.335416,10-15,89,0.6,0.2,C,APL.002S,,,,,,,,,,,,,,,Potatura latifoglie sempreverdi h.8-16m,cad,€358.16,Olivuzza,Zisa,V,,,Accordo Quadro - CUP D71G23000050001,551,sempreverde,0.00,0.00,0.00,0.00,img/albero.png,,"geo:38.178053,13.335416"
AG068AG,ALB_0669,Viale Margherita di Savoia - C,269001, 2786,29/12/2025,Giuseppe Maniscalco,090,Ficus Microcarpa,Cercine,38.177933,13.335471,10-15,90,0.6,0.2,C,APL.002S,,,,,,,,,,,,,,,Potatura latifoglie sempreverdi h.8-16m,cad,€358.16,Olivuzza,Zisa,V,,,Accordo Quadro - CUP D71G23000050001,335,sempreverde,0.00,0.00,0.00,0.00,img/albero.png,,"geo:38.177933,13.335471"
AG069AG,ALB_0670,Viale Margherita di Savoia - C,269001, 2786,29/12/2025,Giuseppe Maniscalco,091,Ficus Microcarpa,Cercine,38.177817,13.335523,10-15,91,0.6,0.2,C,APL.002S,,,,,,,,,,,,,,,Potatura latifoglie sempreverdi h.8-16m,cad,€358.16,Olivuzza,Zisa,V,,,Accordo Quadro - CUP D71G23000050001,335,sempreverde,0.00,0.00,0.00,0.00,img/albero.png,,"geo:38.177817,13.335523"
AG070AG,ALB_0671,Viale Margherita di Savoia - C,269001, 2786,29/12/2025,Giuseppe Maniscalco,092,Ficus Microcarpa,Cercine,38.177722,13.335547,10-15,92,0.6,0.2,C/D,APL.002S,,,,,,,,,,,,,,,Potatura latifoglie sempreverdi h.8-16m,cad,€358.16,Olivuzza,Zisa,V,,,Accordo Quadro - CUP D71G23000050001,319,sempreverde,0.00,0.00,0.00,0.00,img/albero.png,,"geo:38.177722,13.335547"
AG071AG,ALB_0672,Viale Margherita di Savoia - C,269001, 2786,29/12/2025,Giuseppe Maniscalco,093,Ficus Microcarpa,Cercine,38.177596,13.335599,10-15,93,0.6,0.2,C,APL.002S,,,,,,,,,,,,,,,Potatura latifoglie sempreverdi h.8-16m,cad,€358.16,Olivuzza,Zisa,V,,,Accordo Quadro - CUP D71G23000050001,311,sempreverde,0.00,0.00,0.00,0.00,img/albero.png,,"geo:38.177596,13.335599"
AG072AG,ALB_0673,Viale Margherita di Savoia - C,269001, 2786,29/12/2025,Giuseppe Maniscalco,094,Ficus Microcarpa,Cercine,38.177471,13.335649,10-15,94,0.6,0.2,D,APL.018S,,,SIC24_1.6.2,Rimozione ceppaie 0.5-1.5 m³,€228.15,,NP00.120643,Ficus microcarpa circ.12/14cm,€758.08,,,,,,Abbattimento chioma espansa h.12-16m,cad,€316.90,Olivuzza,Zisa,V,,,Accordo Quadro - CUP D71G23000050001,311,sempreverde,0.00,0.00,0.00,0.00,img/albero.png,,"geo:38.177471,13.335649"
AG073AG,ALB_0674,Viale Margherita di Savoia - C,269001, 2786,29/12/2025,Giuseppe Maniscalco,095,Ficus Microcarpa,Cercine,38.177339,13.335695,10-15,95,0.6,0.2,C,APL.002S,,,,,,,,,,,,,,,Potatura latifoglie sempreverdi h.8-16m,cad,€358.16,Olivuzza,Zisa,V,,,Accordo Quadro - CUP D71G23000050001,303,sempreverde,0.00,0.00,0.00,0.00,img/albero.png,,"geo:38.177339,13.335695"
AG074AG,ALB_0675,Viale Margherita di Savoia - C,269001, 2786,29/12/2025,Giuseppe Maniscalco,096,Ficus Microcarpa,Cercine,38.177214,13.33573,10-15,96,0.6,0.2,C/D,APL.002S,,,,,,,,,,,,,,,Potatura latifoglie sempreverdi h.8-16m,cad,€358.16,Olivuzza,Zisa,V,,,Accordo Quadro - CUP D71G23000050001,301,sempreverde,0.00,0.00,0.00,0.00,img/albero.png,,"geo:38.177214,13.33573"
AG075AG,ALB_0676,Viale Margherita di Savoia - C,269001, 2786,29/12/2025,Giuseppe Maniscalco,097,Ficus Microcarpa,Cercine,38.176737,13.335907,10-15,97,0.6,0.2,C/D,APL.002S,,,,,,,,,,,,,,,Potatura latifoglie sempreverdi h.8-16m,cad,€358.16,Olivuzza,Zisa,V,,,Accordo Quadro - CUP D71G23000050001,299,sempreverde,0.00,0.00,0.00,0.00,img/albero.png,,"geo:38.176737,13.335907"
AG076AG,ALB_0677,Viale Margherita di Savoia - C,269001, 2786,29/12/2025,Giuseppe Maniscalco,098,Ficus Microcarpa,Cercine,38.176543,13.336194,10-15,98,0.6,0.2,C/D,APL.002S,,,,,,,,,,,,,,,Potatura latifoglie sempreverdi h.8-16m,cad,€358.16,Olivuzza,Zisa,V,,,Accordo Quadro - CUP D71G23000050001,275 A,sempreverde,0.00,0.00,0.00,0.00,img/albero.png,,"geo:38.176543,13.336194"
AG077AG,ALB_0678,Viale Margherita di Savoia - C,269001, 2786,29/12/2025,Giuseppe Maniscalco,100,Ficus Microcarpa,Cercine,38.17665,13.336139,10-15,100,0.6,0.2,C/D,APL.002S,,,,,,,,,,,,,,,Potatura latifoglie sempreverdi h.8-16m,cad,€358.16,Olivuzza,Zisa,V,,,Accordo Quadro - CUP D71G23000050001,275 A,sempreverde,0.00,0.00,0.00,0.00,img/albero.png,,"geo:38.17665,13.336139"
AG078AG,ALB_0679,Viale Margherita di Savoia - C,269001, 2786,29/12/2025,Giuseppe Maniscalco,101,Ficus Microcarpa,Cercine,38.177254,13.335911,10-15,101,0.6,0.2,C/D,APL.002S,,,,,,,,,,,,,,,Potatura latifoglie sempreverdi h.8-16m,cad,€358.16,Olivuzza,Zisa,V,,,Accordo Quadro - CUP D71G23000050001,275,sempreverde,0.00,0.00,0.00,0.00,img/albero.png,,"geo:38.177254,13.335911"
AG079AG,ALB_0680,Viale Margherita di Savoia - C,269001, 2786,29/12/2025,Giuseppe Maniscalco,103,Ficus Microcarpa,Cercine,38.177504,13.335827,8-10,103,0.6,0.2,D,APL.018S,,,SIC24_1.6.2,Rimozione ceppaie 0.5-1.5 m³,€228.15,,NP00.120643,Ficus microcarpa circ.12/14cm,€758.08,,,,,,Abbattimento chioma espansa h.12-16m,cad,€316.90,Olivuzza,Zisa,V,,,Accordo Quadro - CUP D71G23000050001,229,sempreverde,0.00,0.00,0.00,0.00,img/albero.png,,"geo:38.177504,13.335827"
AG080AG,ALB_0681,Viale Margherita di Savoia - C,269001, 2786,29/12/2025,Giuseppe Maniscalco,105,Ficus Microcarpa,Cercine,38.177632,13.335776,10-15,105,0.6,0.2,D,APL.002S,,,,,,,,,,,,,,,Potatura latifoglie sempreverdi h.8-16m,cad,€358.16,Olivuzza,Zisa,V,,,Accordo Quadro - CUP D71G23000050001,183,sempreverde,0.00,0.00,0.00,0.00,img/albero.png,,"geo:38.177632,13.335776"
AG081AG,ALB_0682,Viale Margherita di Savoia - C,269001, 2786,29/12/2025,Giuseppe Maniscalco,106,Ficus Microcarpa,Cercine,38.177762,13.33572,8-10,106,0.6,0.2,D,APL.002S,,,,,,,,,,,,,,,Potatura latifoglie sempreverdi h.8-16m,cad,€358.16,Olivuzza,Zisa,V,,,Accordo Quadro - CUP D71G23000050001,33,sempreverde,0.00,0.00,0.00,0.00,img/albero.png,,"geo:38.177762,13.33572"
AG082AG,ALB_0683,Viale Margherita di Savoia - C,269001, 2786,29/12/2025,Giuseppe Maniscalco,107,Ficus Microcarpa,Cercine,38.177981,13.335636,8-10,107,0.6,0.2,C/D,APL.002S,,,,,,,,,,,,,,,Potatura latifoglie sempreverdi h.8-16m,cad,€358.16,Olivuzza,Zisa,V,,,Accordo Quadro - CUP D71G23000050001,25,sempreverde,0.00,0.00,0.00,0.00,img/albero.png,,"geo:38.177981,13.335636"
AG083AG,ALB_0684,Viale Margherita di Savoia - C,269001, 2786,29/12/2025,Giuseppe Maniscalco,109,Ficus Microcarpa,Cercine,38.178098,13.335588,8-10,109,0.6,0.2,C,APL.002S,,,,,,,,,,,,,,,Potatura latifoglie sempreverdi h.8-16m,cad,€358.16,Olivuzza,Zisa,V,,,Accordo Quadro - CUP D71G23000050001,11,sempreverde,0.00,0.00,0.00,0.00,img/albero.png,,"geo:38.178098,13.335588"
AG084AG,ALB_0685,Viale Margherita di Savoia - C,269001, 2786,29/12/2025,Giuseppe Maniscalco,110,Ficus Microcarpa,Cercine,38.178217,13.335549,8-10,110,0.6,0.2,C/D,APL.002S,,,,,,,,,,,,,,,Potatura latifoglie sempreverdi h.8-16m,cad,€358.16,Olivuzza,Zisa,V,,,Accordo Quadro - CUP D71G23000050001,7,sempreverde,0.00,0.00,0.00,0.00,img/albero.png,,"geo:38.178217,13.335549"
AG085AG,ALB_0686,Viale Margherita di Savoia - C,269001, 2786,29/12/2025,Giuseppe Maniscalco,111,Ficus Microcarpa,Cercine,38.178336,13.335505,8-10,111,0.6,0.2,D,APL.018S,,,SIC24_1.6.2,Rimozione ceppaie 0.5-1.5 m³,€228.15,,NP00.120643,Ficus microcarpa circ.12/14cm,€758.08,,,,,,Abbattimento chioma espansa h.12-16m,cad,€316.90,Olivuzza,Zisa,V,,,Accordo Quadro - CUP D71G23000050001,41,sempreverde,0.00,0.00,0.00,0.00,img/albero.png,,"geo:38.178336,13.335505"
AG086AG,ALB_0687,Viale Margherita di Savoia - C,269001, 2786,29/12/2025,Giuseppe Maniscalco,112,Ficus Microcarpa,Cercine,38.178463,13.335454,8-10,112,0.6,0.2,D,APL.018S,,,SIC24_1.6.2,Rimozione ceppaie 0.5-1.5 m³,€228.15,,NP00.120643,Ficus microcarpa circ.12/14cm,€758.08,,,,,,Abbattimento chioma espansa h.12-16m,cad,€316.90,Olivuzza,Zisa,V,,,Accordo Quadro - CUP D71G23000050001,57,sempreverde,0.00,0.00,0.00,0.00,img/albero.png,,"geo:38.178463,13.335454"
AG087AG,ALB_0688,Viale Margherita di Savoia - C,269001, 2786,29/12/2025,Giuseppe Maniscalco,113,Ficus Microcarpa,Cercine,38.178581,13.33541,10-15,113,0.6,0.2,D,APL.018S,,,SIC24_1.6.2,Rimozione ceppaie 0.5-1.5 m³,€228.15,,NP00.120643,Ficus microcarpa circ.12/14cm,€758.08,,,,,,Abbattimento chioma espansa h.12-16m,cad,€316.90,Olivuzza,Zisa,V,,,Accordo Quadro - CUP D71G23000050001,21,sempreverde,0.00,0.00,0.00,0.00,img/albero.png,,"geo:38.178581,13.33541"
AG088AG,ALB_0689,Viale Margherita di Savoia - C,269001, 2786,29/12/2025,Giuseppe Maniscalco,114,Ficus Microcarpa,Cercine,38.178701,13.335358,8-10,114,0.6,0.2,C/D,APL.002S,,,,,,,,,,,,,,,Potatura latifoglie sempreverdi h.8-16m,cad,€358.16,Olivuzza,Zisa,V,,,Accordo Quadro - CUP D71G23000050001,7,sempreverde,0.00,0.00,0.00,0.00,img/albero.png,,"geo:38.178701,13.335358"
AG089AG,ALB_0690,Viale Margherita di Savoia - C,269001, 2786,29/12/2025,Giuseppe Maniscalco,115,Ficus Microcarpa,Cercine,38.179068,13.335241,10-15,115,0.6,0.2,D,APL.018S,,,SIC24_1.6.2,Rimozione ceppaie 0.5-1.5 m³,€228.15,,NP00.120643,Ficus microcarpa circ.12/14cm,€758.08,,,,,,Abbattimento chioma espansa h.12-16m,cad,€316.90,Olivuzza,Zisa,V,,,Accordo Quadro - CUP D71G23000050001,91,sempreverde,0.00,0.00,0.00,0.00,img/albero.png,,"geo:38.179068,13.335241"
AG090AG,ALB_0691,Viale Margherita di Savoia - C,269001, 2786,29/12/2025,Giuseppe Maniscalco,116,Ficus Microcarpa,Cercine,38.179311,13.335151,10-15,116,0.6,0.2,D,APL.002S,,,,,,,,,,,,,,,Potatura latifoglie sempreverdi h.8-16m,cad,€358.16,Olivuzza,Zisa,V,,,Accordo Quadro - CUP D71G23000050001,88,sempreverde,0.00,0.00,0.00,0.00,img/albero.png,,"geo:38.179311,13.335151"
AG091AG,ALB_0692,Viale Margherita di Savoia - C,269001, 2786,29/12/2025,Giuseppe Maniscalco,117,Ficus Microcarpa,Cercine,38.179424,13.335113,10-15,117,0.6,0.2,D,APL.002S,,,,,,,,,,,,,,,Potatura latifoglie sempreverdi h.8-16m,cad,€358.16,Olivuzza,Zisa,V,,,Accordo Quadro - CUP D71G23000050001,88,sempreverde,0.00,0.00,0.00,0.00,img/albero.png,,"geo:38.179424,13.335113"
AG092AG,ALB_0693,Viale Margherita di Savoia - C,269001, 2786,29/12/2025,Giuseppe Maniscalco,118,Ficus Microcarpa,Cercine,38.179543,13.335064,10-15,118,0.6,0.2,C/D,APL.002S,,,,,,,,,,,,,,,Potatura latifoglie sempreverdi h.8-16m,cad,€358.16,Olivuzza,Zisa,V,,,Accordo Quadro - CUP D71G23000050001,165,sempreverde,0.00,0.00,0.00,0.00,img/albero.png,,"geo:38.179543,13.335064"
AG093AG,ALB_0694,Viale Margherita di Savoia - C,269001, 2786,29/12/2025,Giuseppe Maniscalco,119,Ficus Microcarpa,Cercine,38.179661,13.335028,10-15,119,0.6,0.2,C,APL.002S,,,,,,,,,,,,,,,Potatura latifoglie sempreverdi h.8-16m,cad,€358.16,Olivuzza,Zisa,V,,,Accordo Quadro - CUP D71G23000050001,149,sempreverde,0.00,0.00,0.00,0.00,img/albero.png,,"geo:38.179661,13.335028"
AG094AG,ALB_0695,Viale Margherita di Savoia - C,269001, 2786,29/12/2025,Giuseppe Maniscalco,120,Ficus Microcarpa,Cercine,38.179771,13.334983,8-10,120,0.6,0.2,C,APL.002S,,,,,,,,,,,,,,,Potatura latifoglie sempreverdi h.8-16m,cad,€358.16,Olivuzza,Zisa,V,,,Accordo Quadro - CUP D71G23000050001,91 A,sempreverde,0.00,0.00,0.00,0.00,img/albero.png,,"geo:38.179771,13.334983"
AG095AG,ALB_0696,Viale Margherita di Savoia - C,269001, 2786,29/12/2025,Giuseppe Maniscalco,121,Ficus Microcarpa,Cercine,38.179894,13.334925,10-15,121,0.6,0.2,C,APL.002S,,,,,,,,,,,,,,,Potatura latifoglie sempreverdi h.8-16m,cad,€358.16,Olivuzza,Zisa,V,,,Accordo Quadro - CUP D71G23000050001,91 A,sempreverde,0.00,0.00,0.00,0.00,img/albero.png,,"geo:38.179894,13.334925"
AG096AG,ALB_0697,Viale Margherita di Savoia - C,269001, 2786,29/12/2025,Giuseppe Maniscalco,122,Ficus Microcarpa,Cercine,38.180029,13.334875,10-15,122,0.6,0.2,C,APL.002S,,,,,,,,,,,,,,,Potatura latifoglie sempreverdi h.8-16m,cad,€358.16,Olivuzza,Zisa,V,,,Accordo Quadro - CUP D71G23000050001,91,sempreverde,0.00,0.00,0.00,0.00,img/albero.png,,"geo:38.180029,13.334875"
AG097AG,ALB_0698,Viale Margherita di Savoia - C,269001, 2786,29/12/2025,Giuseppe Maniscalco,123,Ficus Microcarpa,Cercine,38.180142,13.33484,8-10,123,0.6,0.2,D,APL.018S,,,SIC24_1.6.2,Rimozione ceppaie 0.5-1.5 m³,€228.15,,NP00.120643,Ficus microcarpa circ.12/14cm,€758.08,,,,,,Abbattimento chioma espansa h.12-16m,cad,€316.90,Olivuzza,Zisa,V,,,Accordo Quadro - CUP D71G23000050001,1431,sempreverde,0.00,0.00,0.00,0.00,img/albero.png,,"geo:38.180142,13.33484"
AG098AG,ALB_0699,Viale Margherita di Savoia - C,269001, 2786,29/12/2025,Giuseppe Maniscalco,124,Ficus Microcarpa,Cercine,38.180257,13.334783,8-10,124,0.6,0.2,C/D,APL.002S,,,,,,,,,,,,,,,Potatura latifoglie sempreverdi h.8-16m,cad,€358.16,Olivuzza,Zisa,V,,,Accordo Quadro - CUP D71G23000050001,1423,sempreverde,0.00,0.00,0.00,0.00,img/albero.png,,"geo:38.180257,13.334783"
AG099AG,ALB_0700,Viale Margherita di Savoia - C,269001, 2786,29/12/2025,Giuseppe Maniscalco,125,Ficus Microcarpa,Cercine,38.180375,13.334745,8-10,125,0.6,0.2,D,APL.002S,,,,,,,,,,,,,,,Potatura latifoglie sempreverdi h.8-16m,cad,€358.16,Olivuzza,Zisa,V,,,Accordo Quadro - CUP D71G23000050001,1359,sempreverde,0.00,0.00,0.00,0.00,img/albero.png,,"geo:38.180375,13.334745"
AH000AH,ALB_0701,Viale Margherita di Savoia - C,269001, 2786,29/12/2025,Giuseppe Maniscalco,126,Ficus Microcarpa,Cercine,38.180488,13.334712,10-15,126,0.6,0.2,C,APL.002S,,,,,,,,,,,,,,,Potatura latifoglie sempreverdi h.8-16m,cad,€358.16,Olivuzza,Zisa,V,,,Accordo Quadro - CUP D71G23000050001,1359,sempreverde,0.00,0.00,0.00,0.00,img/albero.png,,"geo:38.180488,13.334712"
AH001AH,ALB_0702,Viale Margherita di Savoia - C,269001, 2786,29/12/2025,Giuseppe Maniscalco,127,Ficus Microcarpa,Cercine,38.1806,13.334672,10-15,127,0.6,0.2,C/D,APL.002S,,,,,,,,,,,,,,,Potatura latifoglie sempreverdi h.8-16m,cad,€358.16,Olivuzza,Zisa,V,,,Accordo Quadro - CUP D71G23000050001,1199,sempreverde,0.00,0.00,0.00,0.00,img/albero.png,,"geo:38.1806,13.334672"
AH002AH,ALB_0703,Viale Margherita di Savoia - C,269001, 2786,29/12/2025,Giuseppe Maniscalco,128,Ficus Microcarpa,Cercine,38.180738,13.33462,10-15,128,0.6,0.2,D,APL.002S,,,,,,,,,,,,,,,Potatura latifoglie sempreverdi h.8-16m,cad,€358.16,Olivuzza,Zisa,V,,,Accordo Quadro - CUP D71G23000050001,1045,sempreverde,0.00,0.00,0.00,0.00,img/albero.png,,"geo:38.180738,13.33462"
AH003AH,ALB_0704,Viale Margherita di Savoia - C,269001, 2786,29/12/2025,Giuseppe Maniscalco,129,Ficus Microcarpa,Cercine,38.181291,13.334385,10-15,129,0.6,0.2,D,APL.002S,,,,,,,,,,,,,,,Potatura latifoglie sempreverdi h.8-16m,cad,€358.16,Olivuzza,Zisa,V,,,Accordo Quadro - CUP D71G23000050001,1639,sempreverde,0.00,0.00,0.00,0.00,img/albero.png,,"geo:38.181291,13.334385"
AH004AH,ALB_0705,Viale Margherita di Savoia - C,269001, 2786,29/12/2025,Giuseppe Maniscalco,132,Ficus Microcarpa,Cercine,38.181351,13.334378,8-10,132,0.6,0.2,C,APL.002S,,,,,,,,,,,,,,,Potatura latifoglie sempreverdi h.8-16m,cad,€358.16,Olivuzza,Zisa,V,,,Accordo Quadro - CUP D71G23000050001,1632,sempreverde,0.00,0.00,0.00,0.00,img/albero.png,,"geo:38.181351,13.334378"
AH005AH,ALB_0706,Viale Margherita di Savoia - C,269001, 2786,29/12/2025,Giuseppe Maniscalco,133,Ficus Microcarpa,Cercine,38.181465,13.334356,8-10,133,0.6,0.2,D,APL.018S,,,SIC24_1.6.2,Rimozione ceppaie 0.5-1.5 m³,€228.15,,NP00.120643,Ficus microcarpa circ.12/14cm,€758.08,,,,,,Abbattimento chioma espansa h.12-16m,cad,€316.90,Olivuzza,Zisa,V,,,Accordo Quadro - CUP D71G23000050001,1630,sempreverde,0.00,0.00,0.00,0.00,img/albero.png,,"geo:38.181465,13.334356"
AH006AH,ALB_0707,Viale Margherita di Savoia - C,269001, 2786,29/12/2025,Giuseppe Maniscalco,134,Ficus Microcarpa,Cercine,38.181588,13.334293,10-15,134,0.6,0.2,C/D,APL.002S,,,,,,,,,,,,,,,Potatura latifoglie sempreverdi h.8-16m,cad,€358.16,Olivuzza,Zisa,V,,,Accordo Quadro - CUP D71G23000050001,1630,sempreverde,0.00,0.00,0.00,0.00,img/albero.png,,"geo:38.181588,13.334293"
AH007AH,ALB_0708,Viale Margherita di Savoia - C,269001, 2786,29/12/2025,Giuseppe Maniscalco,135,Ficus Microcarpa,Cercine,38.181828,13.334243,8-10,135,0.6,0.2,D,APL.002S,,,,,,,,,,,,,,,Potatura latifoglie sempreverdi h.8-16m,cad,€358.16,Olivuzza,Zisa,V,,,Accordo Quadro - CUP D71G23000050001,1630,sempreverde,0.00,0.00,0.00,0.00,img/albero.png,,"geo:38.181828,13.334243"
AH008AH,ALB_0709,Viale Margherita di Savoia - C,269001, 2786,29/12/2025,Giuseppe Maniscalco,136,Ficus Microcarpa,Cercine,38.181946,13.334209,10-15,136,0.6,0.2,C,APL.002S,,,,,,,,,,,,,,,Potatura latifoglie sempreverdi h.8-16m,cad,€358.16,Olivuzza,Zisa,V,,,Accordo Quadro - CUP D71G23000050001,1599,sempreverde,0.00,0.00,0.00,0.00,img/albero.png,,"geo:38.181946,13.334209"
AH009AH,ALB_0710,Viale Margherita di Savoia - C,269001, 2786,29/12/2025,Giuseppe Maniscalco,137,Ficus Microcarpa,Cercine,38.182317,13.334134,10-15,137,0.6,0.2,D,APL.002S,,,,,,,,,,,,,,,Potatura latifoglie sempreverdi h.8-16m,cad,€358.16,Olivuzza,Zisa,V,,,Accordo Quadro - CUP D71G23000050001,1599,sempreverde,0.00,0.00,0.00,0.00,img/albero.png,,"geo:38.182317,13.334134"
AH010AH,ALB_0711,Viale Margherita di Savoia - B,269200, 2786,29/12/2025,Giuseppe Maniscalco,138,Ficus Microcarpa,Cercine,38.182438,13.334111,10-15,138,0.6,0.2,C,APL.002S,,,,,,,,,,,,,,,Potatura latifoglie sempreverdi h.8-16m,cad,€358.16,Olivuzza,Zisa,V,,,Accordo Quadro - CUP D71G23000050001,1622,sempreverde,0.00,0.00,0.00,0.00,img/albero.png,,"geo:38.182438,13.334111"
AH011AH,ALB_0712,Viale Margherita di Savoia - B,269200, 2786,29/12/2025,Giuseppe Maniscalco,139,Ficus Microcarpa,Cercine,38.182514,13.334101,10-15,139,0.6,0.2,C,APL.002S,,,,,,,,,,,,,,,Potatura latifoglie sempreverdi h.8-16m,cad,€358.16,Olivuzza,Zisa,V,,,Accordo Quadro - CUP D71G23000050001,1622,sempreverde,0.00,0.00,0.00,0.00,img/albero.png,,"geo:38.182514,13.334101"
AH012AH,ALB_0713,Viale Margherita di Savoia - B,269200, 2786,29/12/2025,Giuseppe Maniscalco,140,Ficus Microcarpa,Cercine,38.182561,13.334096,8-10,140,0.6,0.2,C,APL.002S,,,,,,,,,,,,,,,Potatura latifoglie sempreverdi h.8-16m,cad,€358.16,Olivuzza,Zisa,V,,,Accordo Quadro - CUP D71G23000050001,2538,sempreverde,0.00,0.00,0.00,0.00,img/albero.png,,"geo:38.182561,13.334096"
AH013AH,ALB_0714,Viale Margherita di Savoia - B,269200, 2786,29/12/2025,Giuseppe Maniscalco,142,Ficus Microcarpa,Cercine,38.18267,13.334073,8-10,142,0.6,0.2,C/D,APL.002S,,,,,,,,,,,,,,,Potatura latifoglie sempreverdi h.8-16m,cad,€358.16,Olivuzza,Zisa,V,,,Accordo Quadro - CUP D71G23000050001,2456,sempreverde,0.00,0.00,0.00,0.00,img/albero.png,,"geo:38.18267,13.334073"
AH014AH,ALB_0715,Viale Margherita di Savoia - B,269200, 2786,29/12/2025,Giuseppe Maniscalco,143,Ficus Microcarpa,Cercine,38.182804,13.334053,10-15,143,0.6,0.2,C/D,APL.002S,,,,,,,,,,,,,,,Potatura latifoglie sempreverdi h.8-16m,cad,€358.16,Olivuzza,Zisa,V,,,Accordo Quadro - CUP D71G23000050001,2456,sempreverde,0.00,0.00,0.00,0.00,img/albero.png,,"geo:38.182804,13.334053"
AH015AH,ALB_0716,Viale Margherita di Savoia - B,269200, 2786,29/12/2025,Giuseppe Maniscalco,145,Ficus Microcarpa,Cercine,38.183052,13.334002,15-20,145,0.6,0.2,C/D,APL.003S,,,,,,,,,,,,,,,Potatura latifoglie sempreverdi h>16m,cad,€713.74,Olivuzza,Zisa,V,,,Accordo Quadro - CUP D71G23000050001,2456,sempreverde,0.00,0.00,0.00,0.00,img/albero.png,,"geo:38.183052,13.334002"
AH016AH,ALB_0717,Viale Margherita di Savoia - B,269200, 2786,29/12/2025,Giuseppe Maniscalco,146,Ficus Microcarpa,Cercine,38.18321,13.33398,10-15,146,0.6,0.2,C,APL.002S,,,,,,,,,,,,,,,Potatura latifoglie sempreverdi h.8-16m,cad,€358.16,Olivuzza,Zisa,V,,,Accordo Quadro - CUP D71G23000050001,2452,sempreverde,0.00,0.00,0.00,0.00,img/albero.png,,"geo:38.18321,13.33398"
AH017AH,ALB_0718,Viale Margherita di Savoia - B,269200, 2786,29/12/2025,Giuseppe Maniscalco,147,Ficus Microcarpa,Cercine,38.183321,13.333957,10-15,147,0.6,0.2,C,APL.002S,,,,,,,,,,,,,,,Potatura latifoglie sempreverdi h.8-16m,cad,€358.16,Olivuzza,Zisa,V,,,Accordo Quadro - CUP D71G23000050001,2436,sempreverde,0.00,0.00,0.00,0.00,img/albero.png,,"geo:38.183321,13.333957"
AH018AH,ALB_0719,Viale Margherita di Savoia - B,269200, 2786,29/12/2025,Giuseppe Maniscalco,148,Ficus Microcarpa,Cercine,38.183446,13.333944,10-15,148,0.6,0.2,C/D,APL.002S,,,,,,,,,,,,,,,Potatura latifoglie sempreverdi h.8-16m,cad,€358.16,Olivuzza,Zisa,V,,,Accordo Quadro - CUP D71G23000050001,2422,sempreverde,0.00,0.00,0.00,0.00,img/albero.png,,"geo:38.183446,13.333944"
AH019AH,ALB_0720,Viale Margherita di Savoia - B,269200, 2786,29/12/2025,Giuseppe Maniscalco,149,Ficus Microcarpa,Cercine,38.18355,13.333932,8-10,149,0.6,0.2,D,APL.018S,,,SIC24_1.6.2,Rimozione ceppaie 0.5-1.5 m³,€228.15,,NP00.120643,Ficus microcarpa circ.12/14cm,€758.08,,,,,,Abbattimento chioma espansa h.12-16m,cad,€316.90,Olivuzza,Zisa,V,,,Accordo Quadro - CUP D71G23000050001,2416,sempreverde,0.00,0.00,0.00,0.00,img/albero.png,,"geo:38.18355,13.333932"
AH020AH,ALB_0721,Viale Margherita di Savoia - B,269200, 2786,29/12/2025,Giuseppe Maniscalco,150,Ficus Microcarpa,Cercine,38.183679,13.333903,10-15,150,0.6,0.2,D,APL.002S,,,,,,,,,,,,,,,Potatura latifoglie sempreverdi h.8-16m,cad,€358.16,Olivuzza,Zisa,V,,,Accordo Quadro - CUP D71G23000050001,2400,sempreverde,0.00,0.00,0.00,0.00,img/albero.png,,"geo:38.183679,13.333903"
AH021AH,ALB_0722,Viale Margherita di Savoia - B,269200, 2786,29/12/2025,Giuseppe Maniscalco,151,Ficus Microcarpa,Cercine,38.183801,13.333886,8-10,151,0.6,0.2,C,APL.002S,,,,,,,,,,,,,,,Potatura latifoglie sempreverdi h.8-16m,cad,€358.16,Olivuzza,Zisa,V,,,Accordo Quadro - CUP D71G23000050001,2400,sempreverde,0.00,0.00,0.00,0.00,img/albero.png,,"geo:38.183801,13.333886"
AH022AH,ALB_0723,Viale Margherita di Savoia - B,269200, 2786,29/12/2025,Giuseppe Maniscalco,152,Ficus Microcarpa,Cercine,38.183935,13.333885,10-15,152,0.6,0.2,D,APL.002S,,,,,,,,,,,,,,,Potatura latifoglie sempreverdi h.8-16m,cad,€358.16,Olivuzza,Zisa,V,,,Accordo Quadro - CUP D71G23000050001,2400,sempreverde,0.00,0.00,0.00,0.00,img/albero.png,,"geo:38.183935,13.333885"
AH023AH,ALB_0724,Viale Margherita di Savoia - B,269200, 2786,29/12/2025,Giuseppe Maniscalco,153,Ficus Microcarpa,Cercine,38.184446,13.333798,10-15,153,0.6,0.2,D,APL.002S,,,,,,,,,,,,,,,Potatura latifoglie sempreverdi h.8-16m,cad,€358.16,Olivuzza,Zisa,V,,,Accordo Quadro - CUP D71G23000050001,2315,sempreverde,0.00,0.00,0.00,0.00,img/albero.png,,"geo:38.184446,13.333798"
AH024AH,ALB_0725,Viale Margherita di Savoia - B,269200, 2786,29/12/2025,Giuseppe Maniscalco,154,Ficus Microcarpa,Cercine,38.184567,13.333784,10-15,154,0.6,0.2,C,APL.002S,,,,,,,,,,,,,,,Potatura latifoglie sempreverdi h.8-16m,cad,€358.16,Olivuzza,Zisa,V,,,Accordo Quadro - CUP D71G23000050001,2080,sempreverde,0.00,0.00,0.00,0.00,img/albero.png,,"geo:38.184567,13.333784"
AH025AH,ALB_0726,Viale Margherita di Savoia - B,269200, 2786,29/12/2025,Giuseppe Maniscalco,155,Ficus Microcarpa,Cercine,38.184699,13.333764,8-10,155,0.6,0.2,D,APL.018S,,,SIC24_1.6.2,Rimozione ceppaie 0.5-1.5 m³,€228.15,,NP00.120643,Ficus microcarpa circ.12/14cm,€758.08,,,,,,Abbattimento chioma espansa h.12-16m,cad,€316.90,Olivuzza,Zisa,V,,,Accordo Quadro - CUP D71G23000050001,2076,sempreverde,0.00,0.00,0.00,0.00,img/albero.png,,"geo:38.184699,13.333764"
AH026AH,ALB_0727,Viale Margherita di Savoia - B,269200, 2786,29/12/2025,Giuseppe Maniscalco,156,Ficus Microcarpa,Cercine,38.184827,13.333748,10-15,156,0.6,0.2,C/D,APL.002S,,,,,,,,,,,,,,,Potatura latifoglie sempreverdi h.8-16m,cad,€358.16,Olivuzza,Zisa,V,,,Accordo Quadro - CUP D71G23000050001,2200,sempreverde,0.00,0.00,0.00,0.00,img/albero.png,,"geo:38.184827,13.333748"
AH027AH,ALB_0728,Viale Margherita di Savoia - B,269200, 2786,29/12/2025,Giuseppe Maniscalco,157,Ficus Microcarpa,Cercine,38.184948,13.333723,10-15,157,0.6,0.2,C,APL.002S,,,,,,,,,,,,,,,Potatura latifoglie sempreverdi h.8-16m,cad,€358.16,Olivuzza,Zisa,V,,,Accordo Quadro - CUP D71G23000050001,2200,sempreverde,0.00,0.00,0.00,0.00,img/albero.png,,"geo:38.184948,13.333723"
AH028AH,ALB_0729,Viale Margherita di Savoia - B,269200, 2786,29/12/2025,Giuseppe Maniscalco,158,Ficus Microcarpa,Cercine,38.185082,13.333708,10-15,158,0.6,0.2,C,APL.002S,,,,,,,,,,,,,,,Potatura latifoglie sempreverdi h.8-16m,cad,€358.16,Olivuzza,Zisa,V,,,Accordo Quadro - CUP D71G23000050001,2200,sempreverde,0.00,0.00,0.00,0.00,img/albero.png,,"geo:38.185082,13.333708"
AH029AH,ALB_0730,Viale Margherita di Savoia - B,269200, 2786,29/12/2025,Giuseppe Maniscalco,159,Ficus Microcarpa,Cercine,38.18521,13.333697,10-15,159,0.6,0.2,C/D,APL.002S,,,,,,,,,,,,,,,Potatura latifoglie sempreverdi h.8-16m,cad,€358.16,Olivuzza,Zisa,V,,,Accordo Quadro - CUP D71G23000050001,2200,sempreverde,0.00,0.00,0.00,0.00,img/albero.png,,"geo:38.18521,13.333697"
AH030AH,ALB_0731,Viale Margherita di Savoia - B,269200, 2786,29/12/2025,Giuseppe Maniscalco,160,Ficus Microcarpa,Cercine,38.185323,13.333678,15-20,160,0.6,0.2,C/D,APL.003S,,,,,,,,,,,,,,,Potatura latifoglie sempreverdi h>16m,cad,€713.74,Olivuzza,Zisa,V,,,Accordo Quadro - CUP D71G23000050001,2200,sempreverde,0.00,0.00,0.00,0.00,img/albero.png,,"geo:38.185323,13.333678"
AH031AH,ALB_0732,Viale Margherita di Savoia - B,269200, 2786,29/12/2025,Giuseppe Maniscalco,161,Ficus Microcarpa,Cercine,38.185415,13.333661,10-15,161,0.6,0.2,C,APL.002S,,,,,,,,,,,,,,,Potatura latifoglie sempreverdi h.8-16m,cad,€358.16,Olivuzza,Zisa,V,,,Accordo Quadro - CUP D71G23000050001,2200,sempreverde,0.00,0.00,0.00,0.00,img/albero.png,,"geo:38.185415,13.333661"
AH032AH,ALB_0733,Viale Margherita di Savoia - B,269200, 2786,29/12/2025,Giuseppe Maniscalco,162,Ficus Microcarpa,Cercine,38.185575,13.333647,15-20,162,0.6,0.2,C/D,APL.003S,,,,,,,,,,,,,,,Potatura latifoglie sempreverdi h>16m,cad,€713.74,Olivuzza,Zisa,V,,,Accordo Quadro - CUP D71G23000050001,2042,sempreverde,0.00,0.00,0.00,0.00,img/albero.png,,"geo:38.185575,13.333647"
AH033AH,ALB_0734,Viale Margherita di Savoia - B,269200, 2786,29/12/2025,Giuseppe Maniscalco,163,Ficus Microcarpa,Cercine,38.185693,13.333632,15-20,163,0.6,0.2,C,APL.003S,,,,,,,,,,,,,,,Potatura latifoglie sempreverdi h>16m,cad,€713.74,Olivuzza,Zisa,V,,,Accordo Quadro - CUP D71G23000050001,2024,sempreverde,0.00,0.00,0.00,0.00,img/albero.png,,"geo:38.185693,13.333632"
AH034AH,ALB_0735,Viale Margherita di Savoia - B,269200, 2786,29/12/2025,Giuseppe Maniscalco,164,Ficus Microcarpa,Cercine,38.185822,13.333606,15-20,164,0.6,0.2,D,APL.003S,,,,,,,,,,,,,,,Potatura latifoglie sempreverdi h>16m,cad,€713.74,Olivuzza,Zisa,V,,,Accordo Quadro - CUP D71G23000050001,1822,sempreverde,0.00,0.00,0.00,0.00,img/albero.png,,"geo:38.185822,13.333606"
AH035AH,ALB_0736,Viale Margherita di Savoia - B,269200, 2786,29/12/2025,Giuseppe Maniscalco,165,Ficus Microcarpa,Cercine,38.185956,13.333587,15-20,165,0.6,0.2,Non Class,,,,,,,,,,,,,,,,,,,Olivuzza,Zisa,V,,,Accordo Quadro - CUP D71G23000050001,1822,sempreverde,0.00,0.00,0.00,0.00,img/albero.png,,"geo:38.185956,13.333587"
AH036AH,ALB_0737,Viale Margherita di Savoia - B,269200, 2786,29/12/2025,Giuseppe Maniscalco,166,Ficus Microcarpa,Cercine,38.186075,13.333579,10-15,166,0.6,0.2,C/D,APL.002S,,,,,,,,,,,,,,,Potatura latifoglie sempreverdi h.8-16m,cad,€358.16,Olivuzza,Zisa,V,,,Accordo Quadro - CUP D71G23000050001,1822,sempreverde,0.00,0.00,0.00,0.00,img/albero.png,,"geo:38.186075,13.333579"
AH037AH,ALB_0738,Viale Margherita di Savoia - B,269200, 2786,29/12/2025,Giuseppe Maniscalco,167,Ficus Microcarpa,Cercine,38.186206,13.333539,10-15,167,0.6,0.2,C/D,APL.002S,,,,,,,,,,,,,,,Potatura latifoglie sempreverdi h.8-16m,cad,€358.16,Olivuzza,Zisa,V,,,Accordo Quadro - CUP D71G23000050001,1800,sempreverde,0.00,0.00,0.00,0.00,img/albero.png,,"geo:38.186206,13.333539"
AH038AH,ALB_0739,Viale Margherita di Savoia - B,269200, 2786,29/12/2025,Giuseppe Maniscalco,168,Ficus Microcarpa,Cercine,38.186339,13.33353,10-15,168,0.6,0.2,D,APL.002S,,,,,,,,,,,,,,,Potatura latifoglie sempreverdi h.8-16m,cad,€358.16,Olivuzza,Zisa,V,,,Accordo Quadro - CUP D71G23000050001,1800,sempreverde,0.00,0.00,0.00,0.00,img/albero.png,,"geo:38.186339,13.33353"
AH039AH,ALB_0740,Viale Margherita di Savoia - B,269200, 2786,29/12/2025,Giuseppe Maniscalco,169,Ficus Microcarpa,Cercine,38.186465,13.333501,10-15,169,0.6,0.2,C,APL.002S,,,,,,,,,,,,,,,Potatura latifoglie sempreverdi h.8-16m,cad,€358.16,Olivuzza,Zisa,V,,,Accordo Quadro - CUP D71G23000050001,1845 A,sempreverde,0.00,0.00,0.00,0.00,img/albero.png,,"geo:38.186465,13.333501"
AH040AH,ALB_0741,Viale Margherita di Savoia - B,269200, 2786,29/12/2025,Giuseppe Maniscalco,170,Ficus Microcarpa,Cercine,38.186589,13.333465,10-15,170,0.6,0.2,C,APL.002S,,,,,,,,,,,,,,,Potatura latifoglie sempreverdi h.8-16m,cad,€358.16,Olivuzza,Zisa,V,,,Accordo Quadro - CUP D71G23000050001,1752,sempreverde,0.00,0.00,0.00,0.00,img/albero.png,,"geo:38.186589,13.333465"
AH041AH,ALB_0742,Viale Margherita di Savoia - B,269200, 2786,29/12/2025,Giuseppe Maniscalco,171,Ficus Microcarpa,Cercine,38.186712,13.333454,10-15,171,0.6,0.2,C,APL.002S,,,,,,,,,,,,,,,Potatura latifoglie sempreverdi h.8-16m,cad,€358.16,Olivuzza,Zisa,V,,,Accordo Quadro - CUP D71G23000050001,1752,sempreverde,0.00,0.00,0.00,0.00,img/albero.png,,"geo:38.186712,13.333454"
AH042AH,ALB_0743,Viale Margherita di Savoia - B,269200, 2786,29/12/2025,Giuseppe Maniscalco,172,Ficus Microcarpa,Cercine,38.186839,13.333432,8-10,172,0.6,0.2,B,APL.002S,,,,,,,,,,,,,,,Potatura latifoglie sempreverdi h.8-16m,cad,€358.16,Olivuzza,Zisa,V,,,Accordo Quadro - CUP D71G23000050001,1735,sempreverde,0.00,0.00,0.00,0.00,img/albero.png,,"geo:38.186839,13.333432"
AH043AH,ALB_0744,Viale Margherita di Savoia - B,269200, 2786,29/12/2025,Giuseppe Maniscalco,173,Ficus Microcarpa,Cercine,38.186964,13.333413,8-10,173,0.6,0.2,C,APL.002S,,,,,,,,,,,,,,,Potatura latifoglie sempreverdi h.8-16m,cad,€358.16,Olivuzza,Zisa,V,,,Accordo Quadro - CUP D71G23000050001,1713,sempreverde,0.00,0.00,0.00,0.00,img/albero.png,,"geo:38.186964,13.333413"
AH044AH,ALB_0745,Viale Margherita di Savoia - B,269200, 2786,29/12/2025,Giuseppe Maniscalco,174,Ficus Microcarpa,Cercine,38.187082,13.333402,8-10,174,0.6,0.2,B,APL.002S,,,,,,,,,,,,,,,Potatura latifoglie sempreverdi h.8-16m,cad,€358.16,Olivuzza,Zisa,V,,,Accordo Quadro - CUP D71G23000050001,1713,sempreverde,0.00,0.00,0.00,0.00,img/albero.png,,"geo:38.187082,13.333402"
AH045AH,ALB_0746,Viale Margherita di Savoia - B,269200, 2786,29/12/2025,Giuseppe Maniscalco,175,Ficus Microcarpa,Cercine,38.187226,13.333383,8-10,175,0.6,0.2,B,APL.002S,,,,,,,,,,,,,,,Potatura latifoglie sempreverdi h.8-16m,cad,€358.16,Olivuzza,Zisa,V,,,Accordo Quadro - CUP D71G23000050001,1693,sempreverde,0.00,0.00,0.00,0.00,img/albero.png,,"geo:38.187226,13.333383"
AH046AH,ALB_0747,Viale Margherita di Savoia - B,269200, 2786,29/12/2025,Giuseppe Maniscalco,176,Ficus Microcarpa,Cercine,38.18734,13.33336,8-10,176,0.6,0.2,C,APL.002S,,,,,,,,,,,,,,,Potatura latifoglie sempreverdi h.8-16m,cad,€358.16,Olivuzza,Zisa,V,,,Accordo Quadro - CUP D71G23000050001,1632,sempreverde,0.00,0.00,0.00,0.00,img/albero.png,,"geo:38.18734,13.33336"
AH047AH,ALB_0748,Viale Margherita di Savoia - B,269200, 2786,29/12/2025,Giuseppe Maniscalco,177,Ficus Microcarpa,Cercine,38.187468,13.333342,8-10,177,0.6,0.2,B,APL.002S,,,,,,,,,,,,,,,Potatura latifoglie sempreverdi h.8-16m,cad,€358.16,Olivuzza,Zisa,V,,,Accordo Quadro - CUP D71G23000050001,28,sempreverde,0.00,0.00,0.00,0.00,img/albero.png,,"geo:38.187468,13.333342"
AH048AH,ALB_0749,Viale Margherita di Savoia - B,269200, 2786,29/12/2025,Giuseppe Maniscalco,178,Ficus Microcarpa,Cercine,38.187597,13.333328,10-15,178,0.6,0.2,C,APL.002S,,,,,,,,,,,,,,,Potatura latifoglie sempreverdi h.8-16m,cad,€358.16,Olivuzza,Zisa,V,,,Accordo Quadro - CUP D71G23000050001,1473,sempreverde,0.00,0.00,0.00,0.00,img/albero.png,,"geo:38.187597,13.333328"
AH049AH,ALB_0750,Viale Margherita di Savoia - B,269200, 2786,29/12/2025,Giuseppe Maniscalco,179,Ficus Microcarpa,Cercine,38.187713,13.333315,15-20,179,0.6,0.2,C/D,APL.003S,,,,,,,,,,,,,,,Potatura latifoglie sempreverdi h>16m,cad,€713.74,Olivuzza,Zisa,V,,,Accordo Quadro - CUP D71G23000050001,1473,sempreverde,0.00,0.00,0.00,0.00,img/albero.png,,"geo:38.187713,13.333315"
AH050AH,ALB_0751,Viale Margherita di Savoia - B,269200, 2786,29/12/2025,Giuseppe Maniscalco,180,Ficus Microcarpa,Cercine,38.18784,13.333296,15-20,180,0.6,0.2,C/D,APL.003S,,,,,,,,,,,,,,,Potatura latifoglie sempreverdi h>16m,cad,€713.74,Olivuzza,Zisa,V,,,Accordo Quadro - CUP D71G23000050001,1473,sempreverde,0.00,0.00,0.00,0.00,img/albero.png,,"geo:38.18784,13.333296"
AH051AH,ALB_0752,Viale Margherita di Savoia - B,269200, 2786,29/12/2025,Giuseppe Maniscalco,181,Ficus Microcarpa,Cercine,38.187963,13.333274,15-20,181,0.6,0.2,C/D,APL.003S,,,,,,,,,,,,,,,Potatura latifoglie sempreverdi h>16m,cad,€713.74,Olivuzza,Zisa,V,,,Accordo Quadro - CUP D71G23000050001,1473,sempreverde,0.00,0.00,0.00,0.00,img/albero.png,,"geo:38.187963,13.333274"
AH052AH,ALB_0753,Viale Margherita di Savoia - B,269200, 2786,29/12/2025,Giuseppe Maniscalco,182,Ficus Microcarpa,Cercine,38.18813,13.333247,15-20,182,0.6,0.2,C,APL.003S,,,,,,,,,,,,,,,Potatura latifoglie sempreverdi h>16m,cad,€713.74,Olivuzza,Zisa,V,,,Accordo Quadro - CUP D71G23000050001,1465,sempreverde,0.00,0.00,0.00,0.00,img/albero.png,,"geo:38.18813,13.333247"
AH053AH,ALB_0754,Viale Margherita di Savoia - B,269200, 2786,29/12/2025,Giuseppe Maniscalco,183,Ficus Microcarpa,Cercine,38.188242,13.333233,10-15,183,0.6,0.2,C,APL.002S,,,,,,,,,,,,,,,Potatura latifoglie sempreverdi h.8-16m,cad,€358.16,Olivuzza,Zisa,V,,,Accordo Quadro - CUP D71G23000050001,1482,sempreverde,0.00,0.00,0.00,0.00,img/albero.png,,"geo:38.188242,13.333233"
AH054AH,ALB_0755,Viale Margherita di Savoia - B,269200, 2786,29/12/2025,Giuseppe Maniscalco,184,Ficus Microcarpa,Cercine,38.188364,13.333206,10-15,184,0.6,0.2,C,APL.002S,,,,,,,,,,,,,,,Potatura latifoglie sempreverdi h.8-16m,cad,€358.16,Olivuzza,Zisa,V,,,Accordo Quadro - CUP D71G23000050001,1482,sempreverde,0.00,0.00,0.00,0.00,img/albero.png,,"geo:38.188364,13.333206"
AH055AH,ALB_0756,Viale Margherita di Savoia - B,269200, 2786,29/12/2025,Giuseppe Maniscalco,185,Ficus Microcarpa,Cercine,38.188492,13.333185,10-15,185,0.6,0.2,C,APL.002S,,,,,,,,,,,,,,,Potatura latifoglie sempreverdi h.8-16m,cad,€358.16,Olivuzza,Zisa,V,,,Accordo Quadro - CUP D71G23000050001,1431,sempreverde,0.00,0.00,0.00,0.00,img/albero.png,,"geo:38.188492,13.333185"
AH056AH,ALB_0757,Viale Margherita di Savoia - B,269200, 2786,29/12/2025,Giuseppe Maniscalco,186,Ficus Microcarpa,Cercine,38.188598,13.333168,8-10,186,0.6,0.2,C,APL.002S,,,,,,,,,,,,,,,Potatura latifoglie sempreverdi h.8-16m,cad,€358.16,Olivuzza,Zisa,V,,,Accordo Quadro - CUP D71G23000050001,1431,sempreverde,0.00,0.00,0.00,0.00,img/albero.png,,"geo:38.188598,13.333168"
AH057AH,ALB_0758,Viale Margherita di Savoia - B,269200, 2786,29/12/2025,Giuseppe Maniscalco,187,Ficus Microcarpa,Cercine,38.188673,13.333164,8-10,187,0.6,0.2,C,APL.002S,,,,,,,,,,,,,,,Potatura latifoglie sempreverdi h.8-16m,cad,€358.16,Olivuzza,Zisa,V,,,Accordo Quadro - CUP D71G23000050001,1482,sempreverde,0.00,0.00,0.00,0.00,img/albero.png,,"geo:38.188673,13.333164"
AH058AH,ALB_0759,Viale Margherita di Savoia - B,269200, 2786,29/12/2025,Giuseppe Maniscalco,188,Ficus Microcarpa,Cercine,38.188761,13.333155,10-15,188,0.6,0.2,C,APL.002S,,,,,,,,,,,,,,,Potatura latifoglie sempreverdi h.8-16m,cad,€358.16,Olivuzza,Zisa,V,,,Accordo Quadro - CUP D71G23000050001,1423,sempreverde,0.00,0.00,0.00,0.00,img/albero.png,,"geo:38.188761,13.333155"
AH059AH,ALB_0760,Viale Margherita di Savoia - B,269200, 2786,29/12/2025,Giuseppe Maniscalco,189,Ficus Microcarpa,Cercine,38.188881,13.333134,10-15,189,0.6,0.2,C,APL.002S,,,,,,,,,,,,,,,Potatura latifoglie sempreverdi h.8-16m,cad,€358.16,Olivuzza,Zisa,V,,,Accordo Quadro - CUP D71G23000050001,1423,sempreverde,0.00,0.00,0.00,0.00,img/albero.png,,"geo:38.188881,13.333134"
AH060AH,ALB_0761,Viale Margherita di Savoia - B,269200, 2786,29/12/2025,Giuseppe Maniscalco,190,Ficus Microcarpa,Cercine,38.188987,13.333126,15-20,190,0.6,0.2,C/D,APL.003S,,,,,,,,,,,,,,,Potatura latifoglie sempreverdi h>16m,cad,€713.74,Olivuzza,Zisa,V,,,Accordo Quadro - CUP D71G23000050001,1423,sempreverde,0.00,0.00,0.00,0.00,img/albero.png,,"geo:38.188987,13.333126"
AH061AH,ALB_0762,Viale Margherita di Savoia - B,269200, 2786,29/12/2025,Giuseppe Maniscalco,191,Ficus Microcarpa,Cercine,38.189095,13.333098,15-20,191,0.6,0.2,C/D,APL.003S,,,,,,,,,,,,,,,Potatura latifoglie sempreverdi h>16m,cad,€713.74,Olivuzza,Zisa,V,,,Accordo Quadro - CUP D71G23000050001,1423,sempreverde,0.00,0.00,0.00,0.00,img/albero.png,,"geo:38.189095,13.333098"
AH062AH,ALB_0763,Viale Margherita di Savoia - B,269200, 2786,29/12/2025,Giuseppe Maniscalco,193,Ficus Microcarpa,Cercine,38.189348,13.333035,15-20,193,0.6,0.2,C/D,APL.003S,,,,,,,,,,,,,,,Potatura latifoglie sempreverdi h>16m,cad,€713.74,Olivuzza,Zisa,V,,,Accordo Quadro - CUP D71G23000050001,1387,sempreverde,0.00,0.00,0.00,0.00,img/albero.png,,"geo:38.189348,13.333035"
AH063AH,ALB_0764,Viale Margherita di Savoia - B,269200, 2786,29/12/2025,Giuseppe Maniscalco,194,Ficus Microcarpa,Cercine,38.189481,13.333026,15-20,194,0.6,0.2,C/D,APL.003S,,,,,,,,,,,,,,,Potatura latifoglie sempreverdi h>16m,cad,€713.74,Olivuzza,Zisa,V,,,Accordo Quadro - CUP D71G23000050001,1387,sempreverde,0.00,0.00,0.00,0.00,img/albero.png,,"geo:38.189481,13.333026"
AH064AH,ALB_0765,Viale Margherita di Savoia - B,269200, 2786,29/12/2025,Giuseppe Maniscalco,195,Ficus Microcarpa,Cercine,38.189579,13.333016,15-20,195,0.6,0.2,C/D,APL.003S,,,,,,,,,,,,,,,Potatura latifoglie sempreverdi h>16m,cad,€713.74,Olivuzza,Zisa,V,,,Accordo Quadro - CUP D71G23000050001,1442,sempreverde,0.00,0.00,0.00,0.00,img/albero.png,,"geo:38.189579,13.333016"
AH065AH,ALB_0766,Viale Margherita di Savoia - B,269200, 2786,29/12/2025,Giuseppe Maniscalco,196,Ficus Microcarpa,Cercine,38.189709,13.332991,10-15,196,0.6,0.2,C,APL.002S,,,,,,,,,,,,,,,Potatura latifoglie sempreverdi h.8-16m,cad,€358.16,Olivuzza,Zisa,V,,,Accordo Quadro - CUP D71G23000050001,1442,sempreverde,0.00,0.00,0.00,0.00,img/albero.png,,"geo:38.189709,13.332991"
AH066AH,ALB_0767,Viale Margherita di Savoia - B,269200, 2786,29/12/2025,Giuseppe Maniscalco,197,Ficus Microcarpa,Cercine,38.189832,13.332987,15-20,197,0.6,0.2,C/D,APL.003S,,,,,,,,,,,,,,,Potatura latifoglie sempreverdi h>16m,cad,€713.74,Olivuzza,Zisa,V,,,Accordo Quadro - CUP D71G23000050001,1442,sempreverde,0.00,0.00,0.00,0.00,img/albero.png,,"geo:38.189832,13.332987"
AH067AH,ALB_0768,Viale Margherita di Savoia - B,269200, 2786,29/12/2025,Giuseppe Maniscalco,198,Ficus Microcarpa,Cercine,38.189952,13.332964,15-20,198,0.6,0.2,C/D,APL.003S,,,,,,,,,,,,,,,Potatura latifoglie sempreverdi h>16m,cad,€713.74,Olivuzza,Zisa,V,,,Accordo Quadro - CUP D71G23000050001,1442,sempreverde,0.00,0.00,0.00,0.00,img/albero.png,,"geo:38.189952,13.332964"
AH068AH,ALB_0769,Viale Margherita di Savoia - B,269200, 2786,29/12/2025,Giuseppe Maniscalco,199,Ficus Microcarpa,Cercine,38.190079,13.332935,15-20,199,0.6,0.2,C/D,APL.003S,,,,,,,,,,,,,,,Potatura latifoglie sempreverdi h>16m,cad,€713.74,Olivuzza,Zisa,V,,,Accordo Quadro - CUP D71G23000050001,1442,sempreverde,0.00,0.00,0.00,0.00,img/albero.png,,"geo:38.190079,13.332935"
AH069AH,ALB_0770,Viale Margherita di Savoia - B,269200, 2786,29/12/2025,Giuseppe Maniscalco,200,Ficus Microcarpa,Cercine,38.190347,13.332884,15-20,200,0.6,0.2,C/D,APL.003S,,,,,,,,,,,,,,,Potatura latifoglie sempreverdi h>16m,cad,€713.74,Olivuzza,Zisa,V,,,Accordo Quadro - CUP D71G23000050001,1442,sempreverde,0.00,0.00,0.00,0.00,img/albero.png,,"geo:38.190347,13.332884"
AH070AH,ALB_0771,Viale Margherita di Savoia - B,269200, 2786,29/12/2025,Giuseppe Maniscalco,201,Ficus Microcarpa,Cercine,38.190463,13.332872,15-20,201,0.6,0.2,C/D,APL.003S,,,,,,,,,,,,,,,Potatura latifoglie sempreverdi h>16m,cad,€713.74,Olivuzza,Zisa,V,,,Accordo Quadro - CUP D71G23000050001,1359,sempreverde,0.00,0.00,0.00,0.00,img/albero.png,,"geo:38.190463,13.332872"
AH071AH,ALB_0772,Viale Margherita di Savoia - B,269200, 2786,29/12/2025,Giuseppe Maniscalco,202,Ficus Microcarpa,Cercine,38.190734,13.33284,15-20,202,0.6,0.2,C/D,APL.003S,,,,,,,,,,,,,,,Potatura latifoglie sempreverdi h>16m,cad,€713.74,Olivuzza,Zisa,V,,,Accordo Quadro - CUP D71G23000050001,1359,sempreverde,0.00,0.00,0.00,0.00,img/albero.png,,"geo:38.190734,13.33284"
AH072AH,ALB_0773,Viale Margherita di Savoia - B,269200, 2786,29/12/2025,Giuseppe Maniscalco,203,Ficus Microcarpa,Cercine,38.190984,13.33279,15-20,203,0.6,0.2,C/D,APL.003S,,,,,,,,,,,,,,,Potatura latifoglie sempreverdi h>16m,cad,€713.74,Olivuzza,Zisa,V,,,Accordo Quadro - CUP D71G23000050001,1359,sempreverde,0.00,0.00,0.00,0.00,img/albero.png,,"geo:38.190984,13.33279"
AH073AH,ALB_0774,Viale Galatea,19960,675,28/12/2025,Giuseppe Maniscalco,001,Platanus hybrida,Cercine,38.20175,13.32485,11,38,0.7,0.3,C/D,APL.005S,Annuale,,,,,,,,,,,,,,Potatura decidui chioma espansa h.6-12m,cad,€186.07,Partanna Mondello,Partanna Mondello,VII,19.97,52.75,Accordo Quadro - CUP D71G23000050001,1354,decidua,23658.83,3379.83,2027.90,0.00,img/albero.png,,"geo:38.20175,13.32485"
AH074AH,ALB_0775,Viale Galatea,19960,675,28/12/2025,Giuseppe Maniscalco,002,Platanus hybrida,Cercine,38.20171,13.32476,11,48,0.7,0.3,C/D,APL.005S,Annuale,,,,,,,,,,,,,,Potatura decidui chioma espansa h.6-12m,cad,€186.07,Partanna Mondello,Partanna Mondello,VII,171.3,452.67,Accordo Quadro - CUP D71G23000050001,1350,decidua,37749.27,5392.75,3235.65,0.00,img/albero.png,,"geo:38.20171,13.32476"
AH075AH,ALB_0776,Viale Galatea,19960,675,28/12/2025,Giuseppe Maniscalco,003,Populus Nigra,Cercine,38.20144,13.32433,0,,0.7,0.3,Ceppaia,SIC24_1.6.2,Ceppo,,NP00.15121106,Platanus x acerifolia circ.12/14cm aiuola,€529.11,,,,,,,,,,Rimozione ceppaie 0.5-1.5 m³,cad,€228.15,Partanna Mondello,Partanna Mondello,VII,173.06,457.32,Accordo Quadro - CUP D71G23000050001,1359,decidua,0.00,0.00,0.00,0.00,img/albero.png,,"geo:38.20144,13.32433"
AH076AH,ALB_0777,Viale Galatea,19960,675,28/12/2025,Giuseppe Maniscalco,004,Populus Nigra,Cercine,38.20136,13.32433,11,63,0.7,0.3,C/D,APL.005S,Annuale,,,,,,,,,,,,,,Potatura decidui chioma espansa h.6-12m,cad,€186.07,Partanna Mondello,Partanna Mondello,VII,327.58,865.63,Accordo Quadro - CUP D71G23000050001,1329,decidua,6758.84,9011.78,4956.48,0.00,img/albero.png,,"geo:38.20136,13.32433"
AH077AH,ALB_0778,Viale Galatea,19960,675,28/12/2025,Giuseppe Maniscalco,005,Populus Nigra,Cercine,38.20069,13.32419,11,37,0.7,0.3,D,APL.018S,Abbattimento,,SIC24_1.6.2,Rimozione ceppaie 0.5-1.5 m³,€228.15,,NP00.15121106,Platanus x acerifolia circ.12/14cm aiuola,€529.11,,,,,,Abbattimento chioma espansa h.12-16m,cad,€316.90,Partanna Mondello,Partanna Mondello,VII,257.6,680.72,Accordo Quadro - CUP D71G23000050001,1329,decidua,4807.27,6409.69,3525.33,0.00,img/albero.png,,"geo:38.20069,13.32419"
AH078AH,ALB_0779,Viale Galatea,19960,675,28/12/2025,Giuseppe Maniscalco,006,Populus Nigra,Cercine,38.2005,13.32288,11,36,0.7,0.3,C,APL.006S,Annuale,,,,,,,,,,,,,,Potatura decidui chioma espansa h.12-16m,cad,€250.87,Partanna Mondello,Partanna Mondello,VII,340.7,900.32,Accordo Quadro - CUP D71G23000050001,1354,decidua,6441.51,8588.68,4723.77,0.00,img/albero.png,,"geo:38.2005,13.32288"
AH079AH,ALB_0780,Viale Galatea,19960,675,28/12/2025,Giuseppe Maniscalco,007,Populus Nigra,Cercine,38.19997,13.32255,18,67,0.7,0.3,C/D,APL.007S,Annuale,,,,,,,,,,,,,,Potatura decidui chioma espansa h.16-23m,cad,€451.50,Partanna Mondello,Partanna Mondello,VII,350.25,925.55,Accordo Quadro - CUP D71G23000050001,1315,decidua,12820.78,17094.37,9401.91,0.00,img/albero.png,,"geo:38.19997,13.32255"
AH080AH,ALB_0781,Viale Galatea,19960,675,28/12/2025,Giuseppe Maniscalco,008,Populus Nigra,Cercine,38.1999,13.32151,13,64,0.7,0.3,C/D,APL.006S,Annuale,,,,,,,,,,,,,,Potatura decidui chioma espansa h.12-16m,cad,€250.87,Partanna Mondello,Partanna Mondello,VII,311.75,823.82,Accordo Quadro - CUP D71G23000050001,1301,decidua,8329.53,11106.04,6108.32,0.00,img/albero.png,,"geo:38.1999,13.32151"
AH081AH,ALB_0782,Viale Galatea,19960,675,28/12/2025,Giuseppe Maniscalco,009,Populus Nigra,Cercine,38.19984,13.3214,17,75,0.7,0.3,C/D,APL.007S,Semestrale,,,,,,,,,,,,,,Potatura decidui chioma espansa h.16-23m,cad,€451.50,Partanna Mondello,Partanna Mondello,VII,308.38,814.9,Accordo Quadro - CUP D71G23000050001,1295,decidua,14420.72,19227.62,10575.19,0.00,img/albero.png,,"geo:38.19984,13.3214"
AH082AH,ALB_0783,Viale Galatea,19960,675,28/12/2025,Giuseppe Maniscalco,010,Populus Nigra,Cercine,38.19979,13.32128,14,76,0.7,0.3,C/D,APL.006S,Annuale,,,,,,,,,,,,,,Potatura decidui chioma espansa h.12-16m,cad,€250.87,Partanna Mondello,Partanna Mondello,VII,161.52,426.82,Accordo Quadro - CUP D71G23000050001,1295,decidua,11897.00,15862.67,8724.47,0.00,img/albero.png,,"geo:38.19979,13.32128"
AH083AH,ALB_0784,Viale Galatea,19960,675,28/12/2025,Giuseppe Maniscalco,011,Populus Nigra,Cercine,38.19966,13.32114,13,64,0.7,0.3,D,APL.018S,Abbattimento,,SIC24_1.6.2,Rimozione ceppaie 0.5-1.5 m³,€228.15,,NP00.15121106,Platanus x acerifolia circ.12/14cm aiuola,€529.11,,,,,,Abbattimento chioma espansa h.12-16m,cad,€316.90,Partanna Mondello,Partanna Mondello,VII,64.6,170.7,Accordo Quadro - CUP D71G23000050001,1269,decidua,13882.56,18510.07,10180.54,0.00,img/albero.png,,"geo:38.19966,13.32114"
AH084AH,ALB_0785,Viale Galatea,19960,675,28/12/2025,Giuseppe Maniscalco,012,Populus Nigra,Cercine,38.19961,13.32088,17,65,0.7,0.3,C,APL.007S,Annuale,,,,,,,,,,,,,,Potatura decidui chioma espansa h.16-23m,cad,€451.50,Partanna Mondello,Partanna Mondello,VII,409.99,1083.42,Accordo Quadro - CUP D71G23000050001,1269,decidua,26762.52,35683.36,19625.85,0.00,img/albero.png,,"geo:38.19961,13.32088"
AH085AH,ALB_0786,Viale Galatea,19960,675,28/12/2025,Giuseppe Maniscalco,013,Populus Nigra,Cercine,38.19951,13.32079,13,55,0.7,0.3,C/D,APL.006S,Annuale,,,,,,,,,,,,,,Potatura decidui chioma espansa h.12-16m,cad,€250.87,Partanna Mondello,Partanna Mondello,VII,128.4,339.3,Accordo Quadro - CUP D71G23000050001,1261,decidua,6536.01,8714.69,4793.08,0.00,img/albero.png,,"geo:38.19951,13.32079"
AH086AH,ALB_0787,Viale Galatea,19960,675,28/12/2025,Giuseppe Maniscalco,014,Populus Nigra,Cercine,38.19939,13.32063,13,66,0.7,0.3,C,APL.006S,Annuale,,,,,,,,,,,,,,Potatura decidui chioma espansa h.12-16m,cad,€250.87,Partanna Mondello,Partanna Mondello,VII,247.53,654.1,Accordo Quadro - CUP D71G23000050001,1255,decidua,20416.43,27221.91,14972.05,0.00,img/albero.png,,"geo:38.19939,13.32063"
AH087AH,ALB_0788,Viale Galatea,19960,675,28/12/2025,Giuseppe Maniscalco,015,Populus Nigra,Cercine,38.19911,13.32039,14,67,0.7,0.3,C,APL.006S,Annuale,,,,,,,,,,,,,,Potatura decidui chioma espansa h.12-16m,cad,€250.87,Partanna Mondello,Partanna Mondello,VII,188.38,497.79,Accordo Quadro - CUP D71G23000050001,1251,decidua,22689.89,30253.18,16639.25,0.00,img/albero.png,,"geo:38.19911,13.32039"
AH088AH,ALB_0789,Viale Galatea,19960,675,28/12/2025,Giuseppe Maniscalco,016,Populus Nigra,Cercine,38.19907,13.31986,11,43,0.7,0.3,C,APL.006S,Annuale,,,,,,,,,,,,,,Potatura decidui chioma espansa h.12-16m,cad,€250.87,Partanna Mondello,Partanna Mondello,VII,221.92,586.43,Accordo Quadro - CUP D71G23000050001,1245,decidua,8559.60,11412.80,6277.04,0.00,img/albero.png,,"geo:38.19907,13.31986"
AH089AH,ALB_0790,Viale Galatea,19960,675,28/12/2025,Giuseppe Maniscalco,017,Populus Nigra,Cercine,38.19905,13.31979,11,44,0.7,0.3,C/D,APL.006S,Annuale,,,,,,,,,,,,,,Potatura decidui chioma espansa h.12-16m,cad,€250.87,Partanna Mondello,Partanna Mondello,VII,165.29,436.79,Accordo Quadro - CUP D71G23000050001,1194,decidua,3805.85,5074.46,2790.95,0.00,img/albero.png,,"geo:38.19905,13.31979"
AH090AH,ALB_0791,Viale Galatea,19960,675,28/12/2025,Giuseppe Maniscalco,018,Populus Nigra,Cercine,38.19902,13.31973,13,42,0.7,0.3,C,APL.006S,Annuale,,,,,,,,,,,,,,Potatura decidui chioma espansa h.12-16m,cad,€250.87,Partanna Mondello,Partanna Mondello,VII,13.81,36.5,Accordo Quadro - CUP D71G23000050001,1264,decidua,9906.23,13208.31,7264.57,0.00,img/albero.png,,"geo:38.19902,13.31973"
AH091AH,ALB_0792,Viale Galatea,19960,675,28/12/2025,Giuseppe Maniscalco,019,Populus Nigra,Cercine,38.19897,13.31967,11,43,0.7,0.3,C,APL.006S,Annuale,,,,,,,,,,,,,,Potatura decidui chioma espansa h.12-16m,cad,€250.87,Partanna Mondello,Partanna Mondello,VII,79.55,210.21,Accordo Quadro - CUP D71G23000050001,1210,decidua,8559.60,11412.80,6277.04,0.00,img/albero.png,,"geo:38.19897,13.31967"
AH092AH,ALB_0793,Viale Galatea,19960,675,28/12/2025,Giuseppe Maniscalco,020,Populus Nigra,Cercine,38.1989,13.3196,13,38,0.7,0.3,C,APL.006S,Annuale,,,,,,,,,,,,,,Potatura decidui chioma espansa h.12-16m,cad,€250.87,Partanna Mondello,Partanna Mondello,VII,146.9,388.18,Accordo Quadro - CUP D71G23000050001,1194,decidua,8440.40,11253.87,6189.63,0.00,img/albero.png,,"geo:38.1989,13.3196"
AH093AH,ALB_0794,Viale Galatea,19960,675,28/12/2025,Giuseppe Maniscalco,021,Populus Nigra,Cercine,38.19888,13.31947,11,37,0.7,0.3,C,APL.006S,Annuale,,,,,,,,,,,,,,Potatura decidui chioma espansa h.12-16m,cad,€250.87,Partanna Mondello,Partanna Mondello,VII,1.24,3.26,Accordo Quadro - CUP D71G23000050001,1194,decidua,6730.18,8973.57,4935.46,0.00,img/albero.png,,"geo:38.19888,13.31947"
AH094AH,ALB_0795,Viale Galatea,19960,675,28/12/2025,Giuseppe Maniscalco,022,Platanus Hybrida,Cercine,38.19873,13.31942,,,0.7,0.3,A,,Piantina giovanissima,,,,,,,,,,,,,,,,,Partanna Mondello,Partanna Mondello,VII,55.88,147.65,Accordo Quadro - CUP D71G23000050001,2319,decidua,0.00,0.00,0.00,0.00,img/albero.png,,"geo:38.19873,13.31942"
AH095AH,ALB_0796,Viale Galatea,19960,675,28/12/2025,Giuseppe Maniscalco,023,Platanus Hybrida,Cercine,38.19863,13.31912,18,87,0.7,0.3,C/D,APL.007S,Semestrale,,,,,,,,,,,,,,Potatura decidui chioma espansa h.16-23m,cad,€451.50,Partanna Mondello,Partanna Mondello,VII,276.4,730.4,Accordo Quadro - CUP D71G23000050001,2130,decidua,218487.39,31212.48,18727.49,0.00,img/albero.png,,"geo:38.19863,13.31912"
AH096AH,ALB_0797,Viale Galatea,19960,675,28/12/2025,Giuseppe Maniscalco,024,Platanus Hybrida,Cercine,38.19855,13.31894,17,91,0.7,0.3,C/D,APL.007S,Semestrale,,,,,,,,,,,,,,Potatura decidui chioma espansa h.16-23m,cad,€451.50,Partanna Mondello,Partanna Mondello,VII,88.6,234.13,Accordo Quadro - CUP D71G23000050001,2165,decidua,223832.70,31976.10,19185.66,0.00,img/albero.png,,"geo:38.19855,13.31894"
AH097AH,ALB_0798,Viale Galatea,19960,675,28/12/2025,Giuseppe Maniscalco,025,Platanus Hybrida,Cercine,38.1984,13.31882,19,88,0.7,0.3,C/D,APL.007S,Semestrale,,,,,,,,,,,,,,Potatura decidui chioma espansa h.16-23m,cad,€451.50,Partanna Mondello,Partanna Mondello,VII,16.09,42.51,Accordo Quadro - CUP D71G23000050001,2165,decidua,237879.21,33982.74,20389.65,0.00,img/albero.png,,"geo:38.1984,13.31882"
AH098AH,ALB_0799,Viale Galatea,19960,675,28/12/2025,Giuseppe Maniscalco,026,Platanus Hybrida,Cercine,38.19846,13.31875,17,93,0.7,0.3,C/D,APL.007S,Semestrale,,,,,,,,,,,,,,Potatura decidui chioma espansa h.16-23m,cad,€451.50,Partanna Mondello,Partanna Mondello,VII,54.63,144.34,Accordo Quadro - CUP D71G23000050001,2165,decidua,233779.62,33397.09,20038.25,0.00,img/albero.png,,"geo:38.19846,13.31875"
AH099AH,ALB_0800,Viale Galatea,19960,675,28/12/2025,Giuseppe Maniscalco,027,Platanus Hybrida,Cercine,38.19851,13.31886,18,90,0.7,0.3,C/D,APL.007S,Semestrale,,,,,,,,,,,,,,Potatura decidui chioma espansa h.16-23m,cad,€451.50,Partanna Mondello,Partanna Mondello,VII,11.58,30.6,Accordo Quadro - CUP D71G23000050001,2165,decidua,233815.28,33402.18,20041.31,0.00,img/albero.png,,"geo:38.19851,13.31886"
AI000AI,ALB_0801,Viale Galatea,19960,675,28/12/2025,Giuseppe Maniscalco,028,Populus Nigra,Cercine,38.19863,13.31892,13,47,0.7,0.3,C/D,APL.006S,Annuale,,,,,,,,,,,,,,Potatura decidui chioma espansa h.12-16m,cad,€250.87,Partanna Mondello,Partanna Mondello,VII,313.2,827.66,Accordo Quadro - CUP D71G23000050001,2315,decidua,5082.64,6776.85,3727.27,0.00,img/albero.png,,"geo:38.19863,13.31892"
AI001AI,ALB_0802,Viale Galatea,19960,675,28/12/2025,Giuseppe Maniscalco,029,Platanus Hybrida,Cercine,38.19882,13.31918,5,10,0.7,0.3,A,,Reimpiantato,,,,,,,,,,,,,,,,,Partanna Mondello,Partanna Mondello,VII,30.42,80.39,Accordo Quadro - CUP D71G23000050001,2315,decidua,2205.56,315.08,189.05,0.00,img/albero.png,,"geo:38.19882,13.31918"
AI002AI,ALB_0803,Viale Galatea,19960,675,28/12/2025,Giuseppe Maniscalco,030,Populus Nigra,Cercine,38.19933,13.31956,0,,0.7,0.3,Ceppaia,SIC24_1.6.2,Ceppo,,NP00.15121106,Platanus x acerifolia circ.12/14cm aiuola,€529.11,,,,,,,,,,Rimozione ceppaie 0.5-1.5 m³,cad,€228.15,Partanna Mondello,Partanna Mondello,VII,228.96,605.03,Accordo Quadro - CUP D71G23000050001,2315,decidua,0.00,0.00,0.00,0.00,img/albero.png,,"geo:38.19933,13.31956"
AI003AI,ALB_0804,Viale Galatea,19960,675,28/12/2025,Giuseppe Maniscalco,031,Populus Nigra,Cercine,38.19941,13.32053,0,,0.7,0.3,Ceppaia,SIC24_1.6.2,Ceppo,,NP00.15121106,Platanus x acerifolia circ.12/14cm aiuola,€529.11,,,,,,,,,,Rimozione ceppaie 0.5-1.5 m³,cad,€228.15,Partanna Mondello,Partanna Mondello,VII,172.12,454.83,Accordo Quadro - CUP D71G23000050001,2315,decidua,0.00,0.00,0.00,0.00,img/albero.png,,"geo:38.19941,13.32053"
AI004AI,ALB_0805,Viale Galatea,19960,675,28/12/2025,Giuseppe Maniscalco,032,Populus Nigra,Cercine,38.19963,13.32072,13,37,0.7,0.3,C,APL.006S,Annuale,,,,,,,,,,,,,,Potatura decidui chioma espansa h.12-16m,cad,€250.87,Partanna Mondello,Partanna Mondello,VII,107.44,283.9,Accordo Quadro - CUP D71G23000050001,2315,decidua,8087.83,10783.78,5931.08,0.00,img/albero.png,,"geo:38.19963,13.32072"
AI005AI,ALB_0806,Viale Galatea,19960,675,28/12/2025,Giuseppe Maniscalco,033,Populus Nigra,Cercine,38.19972,13.32111,14,57,0.7,0.3,C,APL.006S,Annuale,,,,,,,,,,,,,,Potatura decidui chioma espansa h.12-16m,cad,€250.87,Partanna Mondello,Partanna Mondello,VII,142.39,376.26,Accordo Quadro - CUP D71G23000050001,2200,decidua,17519.13,23358.83,12847.36,0.00,img/albero.png,,"geo:38.19972,13.32111"
AI006AI,ALB_0807,Viale Galatea,19960,675,28/12/2025,Giuseppe Maniscalco,034,Populus Nigra,Cercine,38.20018,13.32127,17,73,0.7,0.3,C/D,APL.007S,Annuale,,,,,,,,,,,,,,Potatura decidui chioma espansa h.16-23m,cad,€451.50,Partanna Mondello,Partanna Mondello,VII,197.48,521.86,Accordo Quadro - CUP D71G23000050001,2315,decidua,13810.37,18413.83,10127.61,0.00,img/albero.png,,"geo:38.20018,13.32127"
AI007AI,ALB_0808,Viale Galatea,19960,675,28/12/2025,Giuseppe Maniscalco,035,Populus Nigra,Cercine,38.20039,13.32216,13,66,0.7,0.3,C/D,APL.006S,Annuale,,,,,,,,,,,,,,Potatura decidui chioma espansa h.12-16m,cad,€250.87,Partanna Mondello,Partanna Mondello,VII,129.03,340.96,Accordo Quadro - CUP D71G23000050001,2315,decidua,8749.90,11666.53,6416.59,0.00,img/albero.png,,"geo:38.20039,13.32216"
AI008AI,ALB_0809,Viale Galatea,19960,675,28/12/2025,Giuseppe Maniscalco,036,Populus Nigra,Cercine,38.20048,13.32256,17,66,0.7,0.3,C/D,APL.007S,Annuale,,,,,,,,,,,,,,Potatura decidui chioma espansa h.16-23m,cad,€451.50,Partanna Mondello,Partanna Mondello,VII,248.99,657.97,Accordo Quadro - CUP D71G23000050001,2200,decidua,11753.28,15671.04,8619.07,0.00,img/albero.png,,"geo:38.20048,13.32256"
AI009AI,ALB_0810,Viale Galatea,19960,675,28/12/2025,Giuseppe Maniscalco,037,Populus Nigra,Cercine,38.20053,13.32272,11,57,0.7,0.3,C,APL.006S,Annuale,,,,,,,,,,,,,,Potatura decidui chioma espansa h.12-16m,cad,€250.87,Partanna Mondello,Partanna Mondello,VII,184.34,487.12,Accordo Quadro - CUP D71G23000050001,2200,decidua,13437.04,17916.05,9853.83,0.00,img/albero.png,,"geo:38.20053,13.32272"
AI010AI,ALB_0811,Viale Galatea,19960,675,28/12/2025,Giuseppe Maniscalco,038,Populus Nigra,Cercine,38.20074,13.32282,0,,0.7,0.3,Ceppaia,SIC24_1.6.2,Ceppo,,NP00.15121106,Platanus x acerifolia circ.12/14cm aiuola,€529.11,,,,,,,,,,Rimozione ceppaie 0.5-1.5 m³,cad,€228.15,Partanna Mondello,Partanna Mondello,VII,14.23,37.6,Accordo Quadro - CUP D71G23000050001,2200,decidua,0.00,0.00,0.00,0.00,img/albero.png,,"geo:38.20074,13.32282"
AI011AI,ALB_0812,Viale Galatea,19960,675,28/12/2025,Giuseppe Maniscalco,039,Populus Nigra,Cercine,38.2008,13.32325,9,12,0.7,0.3,A,,Reimpiantato,,,,,,,,,,,,,,,,,Partanna Mondello,Partanna Mondello,VII,18.26,48.25,Accordo Quadro - CUP D71G23000050001,2200,decidua,1272.42,1696.56,933.11,0.00,img/albero.png,,"geo:38.2008,13.32325"
AI012AI,ALB_0813,Viale Galatea,19960,675,28/12/2025,Giuseppe Maniscalco,040,Platanus Hybrida,Cercine,38.20086,13.32337,0,,0.7,0.3,Ceppaia,SIC24_1.6.2,Ceppo,,NP00.15121106,Platanus x acerifolia circ.12/14cm aiuola,€529.11,,,,,,,,,,Rimozione ceppaie 0.5-1.5 m³,cad,€228.15,Partanna Mondello,Partanna Mondello,VII,124.63,329.34,Accordo Quadro - CUP D71G23000050001,2200,decidua,0.00,0.00,0.00,0.00,img/albero.png,,"geo:38.20086,13.32337"
AI013AI,ALB_0814,Viale Galatea,19960,675,28/12/2025,Giuseppe Maniscalco,041,Platanus Hybrida,Cercine,38.20092,13.32358,0,,0.7,0.3,Ceppaia,SIC24_1.6.2,Ceppo,,NP00.15121106,Platanus x acerifolia circ.12/14cm aiuola,€529.11,,,,,,,,,,Rimozione ceppaie 0.5-1.5 m³,cad,€228.15,Partanna Mondello,Partanna Mondello,VII,19.87,52.5,Accordo Quadro - CUP D71G23000050001,2200,decidua,0.00,0.00,0.00,0.00,img/albero.png,,"geo:38.20092,13.32358"
AI014AI,ALB_0815,Viale Galatea,19960,675,28/12/2025,Giuseppe Maniscalco,042,Platanus Hybrida,Cercine,38.20095,13.32347,18,112,0.7,0.3,C/D,APL.007S,Semestrale,,,,,,,,,,,,,,Potatura decidui chioma espansa h.16-23m,cad,€451.50,Partanna Mondello,Partanna Mondello,VII,76.26,201.52,Accordo Quadro - CUP D71G23000050001,2130,decidua,362096.16,51728.02,31036.81,0.00,img/albero.png,,"geo:38.20095,13.32347"
AI015AI,ALB_0816,Viale Galatea,19960,675,28/12/2025,Giuseppe Maniscalco,043,Platanus Hybrida,Cercine,38.20097,13.32364,13,91,0.7,0.3,C/D,APL.006S,Semestrale,,,,,,,,,,,,,,Potatura decidui chioma espansa h.12-16m,cad,€250.87,Partanna Mondello,Partanna Mondello,VII,91.4,241.51,Accordo Quadro - CUP D71G23000050001,2200,decidua,164415.26,23487.89,14092.74,0.00,img/albero.png,,"geo:38.20097,13.32364"
AI016AI,ALB_0817,Viale Galatea,19960,675,28/12/2025,Giuseppe Maniscalco,044,Platanus Hybrida,Cercine,38.20106,13.32369,0,,0.7,0.3,Ceppaia,SIC24_1.6.2,Ceppo,,NP00.15121106,Platanus x acerifolia circ.12/14cm aiuola,€529.11,,,,,,,,,,Rimozione ceppaie 0.5-1.5 m³,cad,€228.15,Partanna Mondello,Partanna Mondello,VII,80.25,212.06,Accordo Quadro - CUP D71G23000050001,2130,decidua,0.00,0.00,0.00,0.00,img/albero.png,,"geo:38.20106,13.32369"
AI017AI,ALB_0818,Viale Galatea,19960,675,28/12/2025,Giuseppe Maniscalco,045,Platanus Hybrida,Cercine,38.20112,13.32399,0,,0.7,0.3,Ceppaia,SIC24_1.6.2,Ceppo,,NP00.15121106,Platanus x acerifolia circ.12/14cm aiuola,€529.11,,,,,,,,,,Rimozione ceppaie 0.5-1.5 m³,cad,€228.15,Partanna Mondello,Partanna Mondello,VII,150.99,399,Accordo Quadro - CUP D71G23000050001,2130,decidua,0.00,0.00,0.00,0.00,img/albero.png,,"geo:38.20112,13.32399"
AI018AI,ALB_0819,Viale Galatea,19960,675,28/12/2025,Giuseppe Maniscalco,046,Populus Nigra,Cercine,38.20116,13.32406,0,,0.7,0.3,Ceppaia,SIC24_1.6.2,Ceppo,,NP00.15121106,Platanus x acerifolia circ.12/14cm aiuola,€529.11,,,,,,,,,,Rimozione ceppaie 0.5-1.5 m³,cad,€228.15,Partanna Mondello,Partanna Mondello,VII,134.88,356.42,Accordo Quadro - CUP D71G23000050001,2130,decidua,0.00,0.00,0.00,0.00,img/albero.png,,"geo:38.20116,13.32406"
AI019AI,ALB_0820,Viale Galatea,19960,675,28/12/2025,Giuseppe Maniscalco,047,Platanus Hybrida,Cercine,38.20142,13.32455,,,0.7,0.3,A,,Reimpiantato,,,,,,,,,,,,,,,,,Partanna Mondello,Partanna Mondello,VII,3.61,9.54,Accordo Quadro - CUP D71G23000050001,2130,decidua,0.00,0.00,0.00,0.00,img/albero.png,,"geo:38.20142,13.32455"
AI020AI,ALB_0821,Viale Galatea,19960,675,28/12/2025,Giuseppe Maniscalco,048,Populus Nigra,Cercine,38.20151,13.32485,13,43,0.7,0.3,C,APL.006S,Annuale,,,,,,,,,,,,,,Potatura decidui chioma espansa h.12-16m,cad,€250.87,Partanna Mondello,Partanna Mondello,VII,-,-,Accordo Quadro - CUP D71G23000050001,2130,decidua,10286.30,13715.06,7543.28,0.00,img/albero.png,,"geo:38.20151,13.32485"
AI021AI,ALB_0822,Viale Principe Umberto,38960,568,29/12/2025,Giuseppe Maniscalco,001,Pinus halepensis,Cercine,38.19651,13.33292,0,,0.5,0.2,Ceppaia,SIC24_1.6.2,Ceppo,,AP21.080369,Pinus pinaster h.1.75/2.00m,€443.06,,,,,,,,,,Rimozione ceppaie 0.5-1.5 m³,cad,€228.15,Partanna Mondello,Partanna Mondello,VII,229.58,606.68,Accordo Quadro - CUP D71G23000050001,2130,sempreverde,0.00,0.00,0.00,0.00,img/albero.png,,"geo:38.19651,13.33292"
AI022AI,ALB_0823,Viale Principe Umberto,38960,568,29/12/2025,Giuseppe Maniscalco,002,Pinus halepensis,Cercine,38.19631,13.33295,0,,0.5,0.2,Ceppaia,SIC24_1.6.2,Ceppo,,AP21.080369,Pinus pinaster h.1.75/2.00m,€443.06,,,,,,,,,,Rimozione ceppaie 0.5-1.5 m³,cad,€228.15,Partanna Mondello,Partanna Mondello,VII,11.29,29.81,Accordo Quadro - CUP D71G23000050001,2130,sempreverde,0.00,0.00,0.00,0.00,img/albero.png,,"geo:38.19631,13.33295"
AI023AI,ALB_0824,Viale Principe Umberto,38960,568,29/12/2025,Giuseppe Maniscalco,003,Pinus halepensis,Cercine,38.19623,13.33296,0,,0.5,0.2,Ceppaia,SIC24_1.6.2,Ceppo,,AP21.080369,Pinus pinaster h.1.75/2.00m,€443.06,,,,,,,,,,Rimozione ceppaie 0.5-1.5 m³,cad,€228.15,Partanna Mondello,Partanna Mondello,VII,4.89,12.9,Accordo Quadro - CUP D71G23000050001,2165,sempreverde,0.00,0.00,0.00,0.00,img/albero.png,,"geo:38.19623,13.33296"
AI024AI,ALB_0825,Viale Principe Umberto,38960,568,29/12/2025,Giuseppe Maniscalco,004,Pinus halepensis,Cercine,38.196,13.333,0,,0.5,0.2,C/D,AP21.080369,Cercine Vuoto,,,,,,,,,,,,,,Pinus pinaster h.1.75/2.00m,cad,€443.06,Partanna Mondello,Partanna Mondello,VII,107.13,283.09,Accordo Quadro - CUP D71G23000050001,2165,sempreverde,0.00,0.00,0.00,0.00,img/albero.png,,"geo:38.196,13.333"
AI025AI,ALB_0826,Viale Principe Umberto,38960,568,29/12/2025,Giuseppe Maniscalco,005,Pinus halepensis,Cercine,38.19596,13.333,11,38,0.5,0.2,D,APL.017S,Abbattimento,,SIC24_1.6.2,Rimozione ceppaie 0.5-1.5 m³,€228.15,,AP21.080369,Pinus pinaster h.1.75/2.00m,€443.06,,,,,,Abbattimento chioma espansa h.6-12m,cad,€256.86,Partanna Mondello,Partanna Mondello,VII,101.27,267.62,Accordo Quadro - CUP D71G23000050001,2165,sempreverde,1406.65,1435.36,1406.65,1363.59,img/albero.png,,"geo:38.19596,13.333"
AI026AI,ALB_0827,Viale Principe Umberto,38960,568,29/12/2025,Giuseppe Maniscalco,006,Pinus halepensis,Cercine,38.19588,13.33301,18,71,0.5,0.2,C,APL.015S,Annuale,,,,,,,,,,,,,,Spalcatura conifere h.16-25m,cad,€492.98,Partanna Mondello,Partanna Mondello,VII,91.77,242.51,Accordo Quadro - CUP D71G23000050001,2165,sempreverde,4879.30,4978.88,4879.30,4729.93,img/albero.png,,"geo:38.19588,13.33301"
AI027AI,ALB_0828,Viale Principe Umberto,38960,568,29/12/2025,Giuseppe Maniscalco,007,Pinus halepensis,Cercine,38.19583,13.33301,16,69,0.5,0.2,D,APL.018S,Abbattimento,,SIC24_1.6.2,Rimozione ceppaie 0.5-1.5 m³,€228.15,,AP21.080369,Pinus pinaster h.1.75/2.00m,€443.06,,,,,,Abbattimento chioma espansa h.12-16m,cad,€316.90,Partanna Mondello,Partanna Mondello,VII,98.88,261.28,Accordo Quadro - CUP D71G23000050001,2165,sempreverde,3127.91,3191.74,3127.91,3032.16,img/albero.png,,"geo:38.19583,13.33301"
AI028AI,ALB_0829,Viale Principe Umberto,38960,568,29/12/2025,Giuseppe Maniscalco,008,Pinus halepensis,Cercine,38.19573,13.33303,19,79,0.5,0.2,C/D,APL.015S,post intervento,,,,,,,,,,,,,,Spalcatura conifere h.16-25m,cad,€492.98,Partanna Mondello,Partanna Mondello,VII,1.38,3.63,Accordo Quadro - CUP D71G23000050001,2165,sempreverde,2390.83,2439.63,2390.83,2317.64,img/albero.png,,"geo:38.19573,13.33303"
AI029AI,ALB_0830,Viale Principe Umberto,38960,568,29/12/2025,Giuseppe Maniscalco,009,Pinus halepensis,Cercine,38.19558,13.33305,18,75,0.5,0.2,C/D,APL.015S,Annuale,,,,,,,,,,,,,,Spalcatura conifere h.16-25m,cad,€492.98,Partanna Mondello,Partanna Mondello,VII,60.03,158.63,Accordo Quadro - CUP D71G23000050001,2165,sempreverde,2196.86,2241.70,2196.86,2129.61,img/albero.png,,"geo:38.19558,13.33305"
AI030AI,ALB_0831,Viale Principe Umberto,38960,568,29/12/2025,Giuseppe Maniscalco,010,Pinus halepensis,Cercine,38.19553,13.33306,20,85,0.5,0.2,C/D,APL.015S,Annuale,,,,,,,,,,,,,,Spalcatura conifere h.16-25m,cad,€492.98,Partanna Mondello,Partanna Mondello,VII,80.13,211.73,Accordo Quadro - CUP D71G23000050001,2165,sempreverde,2647.01,2701.03,2647.01,2565.98,img/albero.png,,"geo:38.19553,13.33306"
AI031AI,ALB_0832,Viale Principe Umberto,38960,568,29/12/2025,Giuseppe Maniscalco,011,Pinus halepensis,Cercine,38.19547,13.33307,13,68,0.5,0.2,C/D,APL.014S,Annuale,,,,,,,,,,,,,,Spalcatura conifere h.10-16m,cad,€373.31,Partanna Mondello,Partanna Mondello,VII,173.52,458.54,Accordo Quadro - CUP D71G23000050001,2165,sempreverde,1601.68,1634.37,1601.68,1552.65,img/albero.png,,"geo:38.19547,13.33307"
AI032AI,ALB_0833,Viale Principe Umberto,38960,568,29/12/2025,Giuseppe Maniscalco,012,Pinus halepensis,Cercine,38.19532,13.33308,20,80,0.5,0.2,C/D,APL.015S,Annuale,,,,,,,,,,,,,,Spalcatura conifere h.16-25m,cad,€492.98,Partanna Mondello,Partanna Mondello,VII,8.65,22.84,Accordo Quadro - CUP D71G23000050001,2165,sempreverde,2506.45,2557.60,2506.45,2429.72,img/albero.png,,"geo:38.19532,13.33308"
AI033AI,ALB_0834,Viale Principe Umberto,38960,568,29/12/2025,Giuseppe Maniscalco,013,Pinus halepensis,Cercine,38.19527,13.3331,20,42,0.5,0.2,C,APL.015S,Annuale,,,,,,,,,,,,,,Spalcatura conifere h.16-25m,cad,€492.98,Partanna Mondello,Partanna Mondello,VII,19.74,52.16,Accordo Quadro - CUP D71G23000050001,2165,sempreverde,3274.76,3341.59,3274.76,3174.51,img/albero.png,,"geo:38.19527,13.3331"
AI034AI,ALB_0835,Viale Principe Umberto,38960,568,29/12/2025,Giuseppe Maniscalco,014,Pinus halepensis,Cercine,38.19521,13.33311,19,90,0.5,0.2,C/D,APL.015S,Annuale,,,,,,,,,,,,,,Spalcatura conifere h.16-25m,cad,€492.98,Partanna Mondello,Partanna Mondello,VII,12.65,33.42,Accordo Quadro - CUP D71G23000050001,2042,sempreverde,2688.46,2743.32,2688.46,2606.16,img/albero.png,,"geo:38.19521,13.33311"
AI035AI,ALB_0836,Viale Principe Umberto,38960,568,29/12/2025,Giuseppe Maniscalco,015,Pinus halepensis,Cercine,38.19516,13.33314,15,75,0.5,0.2,C/D,APL.014S,Annuale,,,,,,,,,,,,,,Spalcatura conifere h.10-16m,cad,€373.31,Partanna Mondello,Partanna Mondello,VII,22.76,60.14,Accordo Quadro - CUP D71G23000050001,1822,sempreverde,1933.64,1973.11,1933.64,1874.45,img/albero.png,,"geo:38.19516,13.33314"
AI036AI,ALB_0837,Viale Principe Umberto,38960,568,29/12/2025,Giuseppe Maniscalco,016,Pinus halepensis,Cercine,38.19503,13.33315,15,62,0.5,0.2,C/D,APL.014S,Annuale,,,,,,,,,,,,,,Spalcatura conifere h.10-16m,cad,€373.31,Partanna Mondello,Partanna Mondello,VII,14.9,39.36,Accordo Quadro - CUP D71G23000050001,1800,sempreverde,1629.20,1662.45,1629.20,1579.32,img/albero.png,,"geo:38.19503,13.33315"
AI037AI,ALB_0838,Viale Principe Umberto,38960,568,29/12/2025,Giuseppe Maniscalco,017,Pinus halepensis,Cercine,38.19496,13.33317,18,78,0.5,0.2,D,APL.018S,Abbattimento,,SIC24_1.6.2,Rimozione ceppaie 0.5-1.5 m³,€228.15,,AP21.080369,Pinus pinaster h.1.75/2.00m,€443.06,,,,,,Abbattimento chioma espansa h.12-16m,cad,€316.90,Partanna Mondello,Partanna Mondello,VII,13.25,35.01,Accordo Quadro - CUP D71G23000050001,1800,sempreverde,3792.99,3870.40,3792.99,3676.88,img/albero.png,,"geo:38.19496,13.33317"
AI038AI,ALB_0839,Viale Principe Umberto,38960,568,29/12/2025,Giuseppe Maniscalco,018,Pinus halepensis,Cercine,38.1949,13.33316,18,77,0.5,0.2,C,APL.015S,Annuale,,,,,,,,,,,,,,Spalcatura conifere h.16-25m,cad,€492.98,Partanna Mondello,Partanna Mondello,VII,38.04,100.53,Accordo Quadro - CUP D71G23000050001,1800,sempreverde,5248.88,5356.00,5248.88,5088.20,img/albero.png,,"geo:38.1949,13.33316"
AI039AI,ALB_0840,Viale Principe Umberto,38960,568,29/12/2025,Giuseppe Maniscalco,019,NON ESISTE,,,,,,,0.2,D,,Cercine inesistente,,,,,,,,,,,,,,,,,Partanna Mondello,Partanna Mondello,VII,-,-,Accordo Quadro - CUP D71G23000050001,1959,))),))),))),))),))),img/albero.png,,
AI040AI,ALB_0841,Viale Principe Umberto,38960,568,29/12/2025,Giuseppe Maniscalco,020,Pinus halepensis,Cercine,38.19454,13.33322,5,10,0.5,0.2,A,APL.005S,Reimpiantato,,SIC24_1.6.2,Rimozione ceppaie 0.5-1.5 m³,€228.15,,AP21.080369,Pinus pinaster h.1.75/2.00m,€443.06,,,,,,Potatura decidui chioma espansa h.6-12m,cad,€186.07,Partanna Mondello,Partanna Mondello,VII,128.22,338.83,Accordo Quadro - CUP D71G23000050001,1800,sempreverde,487.21,497.15,487.21,472.29,img/albero.png,,"geo:38.19454,13.33322"
AI041AI,ALB_0842,Viale Principe Umberto,38960,568,29/12/2025,Giuseppe Maniscalco,021,Pinus halepensis,Cercine,38.19446,13.33324,14,38,0.5,0.2,C,APL.014S,Annuale,,,,,,,,,,,,,,Spalcatura conifere h.10-16m,cad,€373.31,Partanna Mondello,Partanna Mondello,VII,0,0,Accordo Quadro - CUP D71G23000050001,1845 A,sempreverde,2331.47,2379.05,2331.47,2260.09,img/albero.png,,"geo:38.19446,13.33324"
AI042AI,ALB_0843,Viale Principe Umberto,38960,568,29/12/2025,Giuseppe Maniscalco,022,Pinus halepensis,Cercine,38.19437,13.33325,18,100,0.5,0.2,C/D,APL.015S,post intervento,,,,,,,,,,,,,,Spalcatura conifere h.16-25m,cad,€492.98,Partanna Mondello,Partanna Mondello,VII,3.64,9.62,Accordo Quadro - CUP D71G23000050001,1845 A,sempreverde,2846.09,2904.17,2846.09,2758.96,img/albero.png,,"geo:38.19437,13.33325"
AI043AI,ALB_0844,Viale Principe Umberto,38960,568,29/12/2025,Giuseppe Maniscalco,023,Pinus halepensis,Cercine,38.19431,13.33326,0,,0.5,0.2,Ceppaia,SIC24_1.6.2,Ceppo,,AP21.080369,Pinus pinaster h.1.75/2.00m,€443.06,,,,,,,,,,Rimozione ceppaie 0.5-1.5 m³,cad,€228.15,Partanna Mondello,Partanna Mondello,VII,103.74,274.12,Accordo Quadro - CUP D71G23000050001,1845 A,sempreverde,0.00,0.00,0.00,0.00,img/albero.png,,"geo:38.19431,13.33326"
AI044AI,ALB_0845,Viale Principe Umberto,38960,568,29/12/2025,Giuseppe Maniscalco,024,Pinus halepensis,Cercine,38.19422,13.33327,0,,0.5,0.2,Ceppaia,SIC24_1.6.2,Ceppo,,AP21.080369,Pinus pinaster h.1.75/2.00m,€443.06,,,,,,,,,,Rimozione ceppaie 0.5-1.5 m³,cad,€228.15,Partanna Mondello,Partanna Mondello,VII,252.72,667.83,Accordo Quadro - CUP D71G23000050001,1845 A,sempreverde,0.00,0.00,0.00,0.00,img/albero.png,,"geo:38.19422,13.33327"
AI045AI,ALB_0846,Viale Principe Umberto,38960,568,29/12/2025,Giuseppe Maniscalco,025,Pinus halepensis,Cercine,38.19394,13.33341,15,70,0.5,0.2,D,APL.018S,Abbattimento,,SIC24_1.6.2,Rimozione ceppaie 0.5-1.5 m³,€228.15,,AP21.080369,Pinus pinaster h.1.75/2.00m,€443.06,,,,,,Abbattimento chioma espansa h.12-16m,cad,€316.90,Partanna Mondello,Partanna Mondello,VII,163.7,432.58,Accordo Quadro - CUP D71G23000050001,1845,sempreverde,3028.71,3090.52,3028.71,2936.00,img/albero.png,,"geo:38.19394,13.33341"
AI046AI,ALB_0847,Viale Principe Umberto,38960,568,29/12/2025,Giuseppe Maniscalco,026,Pinus halepensis,Cercine,38.194,13.3334,16,78,0.5,0.2,C,APL.014S,Annuale,,,,,,,,,,,,,,Spalcatura conifere h.10-16m,cad,€373.31,Partanna Mondello,Partanna Mondello,VII,52.67,139.18,Accordo Quadro - CUP D71G23000050001,1845 A,sempreverde,4889.94,4989.73,4889.94,4740.24,img/albero.png,,"geo:38.194,13.3334"
AI047AI,ALB_0848,Viale Principe Umberto,38960,568,29/12/2025,Giuseppe Maniscalco,027,Pinus halepensis,Cercine,38.19407,13.33338,13,60,0.5,0.2,C/D,APL.014S,Annuale,,,,,,,,,,,,,,Spalcatura conifere h.10-16m,cad,€373.31,Partanna Mondello,Partanna Mondello,VII,14.4,38.05,Accordo Quadro - CUP D71G23000050001,1752,sempreverde,1431.05,1460.25,1431.05,1387.24,img/albero.png,,"geo:38.19407,13.33338"
AI048AI,ALB_0849,Viale Principe Umberto,38960,568,29/12/2025,Giuseppe Maniscalco,028,Pinus halepensis,Cercine,38.19412,13.33338,0,70,0.5,0.2,Ceppaia,SIC24_1.6.2,Ceppo,,AP21.080369,Pinus pinaster h.1.75/2.00m,€443.06,,,,,,,,,,Rimozione ceppaie 0.5-1.5 m³,cad,€228.15,Partanna Mondello,Partanna Mondello,VII,87.78,231.94,Accordo Quadro - CUP D71G23000050001,1752,sempreverde,0.00,0.00,0.00,0.00,img/albero.png,,"geo:38.19412,13.33338"
AI049AI,ALB_0850,Viale Principe Umberto,38960,568,29/12/2025,Giuseppe Maniscalco,029,Pinus halepensis,Cercine,38.1942,13.33337,16,73,0.5,0.2,D,APL.018S,Abbattimento,,SIC24_1.6.2,Rimozione ceppaie 0.5-1.5 m³,€228.15,,AP21.080369,Pinus pinaster h.1.75/2.00m,€443.06,,,,,,Abbattimento chioma espansa h.12-16m,cad,€316.90,Partanna Mondello,Partanna Mondello,VII,120.38,318.11,Accordo Quadro - CUP D71G23000050001,1779,sempreverde,3290.64,3357.80,3290.64,3189.91,img/albero.png,,"geo:38.1942,13.33337"
AI050AI,ALB_0851,Viale Principe Umberto,38960,568,29/12/2025,Giuseppe Maniscalco,030,Pinus halepensis,Cercine,38.19442,13.33332,13,70,0.5,0.2,C/D,APL.014S,post-intervento,,,,,,,,,,,,,,Spalcatura conifere h.10-16m,cad,€373.31,Partanna Mondello,Partanna Mondello,VII,136.25,360.03,Accordo Quadro - CUP D71G23000050001,1779,sempreverde,1644.02,1677.57,1644.02,1593.69,img/albero.png,,"geo:38.19442,13.33332"
AI051AI,ALB_0852,Viale Principe Umberto,38960,568,29/12/2025,Giuseppe Maniscalco,031,Pinus halepensis,Cercine,38.19447,13.33332,15,65,0.5,0.2,C/D,APL.014S,Annuale,,,,,,,,,,,,,,Spalcatura conifere h.10-16m,cad,€373.31,Partanna Mondello,Partanna Mondello,VII,75.2,198.71,Accordo Quadro - CUP D71G23000050001,1779,sempreverde,1699.98,1734.67,1699.98,1647.94,img/albero.png,,"geo:38.19447,13.33332"
AI052AI,ALB_0853,Viale Principe Umberto,38960,568,29/12/2025,Giuseppe Maniscalco,032,Pinus halepensis,Cercine,38.19458,13.33332,18,78,0.5,0.2,C,APL.015S,Annuale,,,,,,,,,,,,,,Spalcatura conifere h.16-25m,cad,€492.98,Partanna Mondello,Partanna Mondello,VII,153.71,406.17,Accordo Quadro - CUP D71G23000050001,1779,sempreverde,5310.19,5418.56,5310.19,5147.63,img/albero.png,,"geo:38.19458,13.33332"
AI053AI,ALB_0854,Viale Principe Umberto,38960,568,29/12/2025,Giuseppe Maniscalco,033,Pinus halepensis,Cercine,38.19464,13.33331,15,77,0.5,0.2,C,APL.014S,Annuale,,,,,,,,,,,,,,Spalcatura conifere h.10-16m,cad,€373.31,Partanna Mondello,Partanna Mondello,VII,181.12,478.6,Accordo Quadro - CUP D71G23000050001,1735,sempreverde,4619.97,4714.26,4619.97,4478.55,img/albero.png,,"geo:38.19464,13.33331"
AI054AI,ALB_0855,Viale Principe Umberto,38960,568,29/12/2025,Giuseppe Maniscalco,034,Pinus halepensis,Cercine,38.19483,13.33326,16,75,0.5,0.2,C/D,APL.014S,Annuale,,,,,,,,,,,,,,Spalcatura conifere h.10-16m,cad,€373.31,Partanna Mondello,Partanna Mondello,VII,15.79,41.72,Accordo Quadro - CUP D71G23000050001,1735,sempreverde,2023.00,2064.29,2023.00,1961.07,img/albero.png,,"geo:38.19483,13.33326"
AI055AI,ALB_0856,Viale Principe Umberto,38960,568,29/12/2025,Giuseppe Maniscalco,035,Pinus halepensis,Cercine,38.19491,13.33326,14,74,0.5,0.2,C,APL.014S,Annuale,,,,,,,,,,,,,,Spalcatura conifere h.10-16m,cad,€373.31,Partanna Mondello,Partanna Mondello,VII,220.5,582.67,Accordo Quadro - CUP D71G23000050001,1735,sempreverde,4247.49,4334.17,4247.49,4117.46,img/albero.png,,"geo:38.19491,13.33326"
AI056AI,ALB_0857,Viale Principe Umberto,38960,568,29/12/2025,Giuseppe Maniscalco,036,Pinus halepensis,Cercine,38.19504,13.33323,15,57,0.5,0.2,C,APL.014S,Annuale,,,,,,,,,,,,,,Spalcatura conifere h.10-16m,cad,€373.31,Partanna Mondello,Partanna Mondello,VII,135.18,357.21,Accordo Quadro - CUP D71G23000050001,1735,sempreverde,3524.40,3596.33,3524.40,3416.51,img/albero.png,,"geo:38.19504,13.33323"
AI057AI,ALB_0858,Viale Principe Umberto,38960,568,29/12/2025,Giuseppe Maniscalco,037,Pinus halepensis,Cercine,38.19511,13.33322,14,56,0.5,0.2,C,APL.014S,Annuale,,,,,,,,,,,,,,Spalcatura conifere h.10-16m,cad,€373.31,Partanna Mondello,Partanna Mondello,VII,136.88,361.7,Accordo Quadro - CUP D71G23000050001,1735,sempreverde,3305.16,3372.62,3305.16,3203.98,img/albero.png,,"geo:38.19511,13.33322"
AI058AI,ALB_0859,Viale Principe Umberto,38960,568,29/12/2025,Giuseppe Maniscalco,038,Pinus halepensis,Cercine,38.19515,13.33322,0,,0.5,0.2,Ceppaia,SIC24_1.6.2,Ceppo,,AP21.080369,Pinus pinaster h.1.75/2.00m,€443.06,,,,,,,,,,Rimozione ceppaie 0.5-1.5 m³,cad,€228.15,Partanna Mondello,Partanna Mondello,VII,196.83,520.13,Accordo Quadro - CUP D71G23000050001,1713,sempreverde,0.00,0.00,0.00,0.00,img/albero.png,,"geo:38.19515,13.33322"
AI059AI,ALB_0860,Viale Principe Umberto,38960,568,29/12/2025,Giuseppe Maniscalco,039,Pinus halepensis,Cercine,38.1954,13.33318,18,60,0.5,0.2,C/D,APL.015S,Annuale,,,,,,,,,,,,,,Spalcatura conifere h.16-25m,cad,€492.98,Partanna Mondello,Partanna Mondello,VII,178.48,471.63,Accordo Quadro - CUP D71G23000050001,1713,sempreverde,1797.15,1833.83,1797.15,1742.13,img/albero.png,,"geo:38.1954,13.33318"
AI060AI,ALB_0861,Viale Principe Umberto,38960,568,29/12/2025,Giuseppe Maniscalco,040,Pinus halepensis,Cercine,38.19546,13.33317,18,71,0.5,0.2,C,APL.015S,Annuale,,,,,,,,,,,,,,Spalcatura conifere h.16-25m,cad,€492.98,Partanna Mondello,Partanna Mondello,VII,100.64,265.93,Accordo Quadro - CUP D71G23000050001,1693,sempreverde,4879.30,4978.88,4879.30,4729.93,img/albero.png,,"geo:38.19546,13.33317"
AI061AI,ALB_0862,Viale Principe Umberto,38960,568,29/12/2025,Giuseppe Maniscalco,041,Pinus halepensis,Cercine,38.19551,13.33317,5,10,0.5,0.2,A,APL.005S,Reimpiantato,,SIC24_1.6.2,Rimozione ceppaie 0.5-1.5 m³,€228.15,,AP21.080369,Pinus pinaster h.1.75/2.00m,€443.06,,,,,,Potatura decidui chioma espansa h.6-12m,cad,€186.07,Partanna Mondello,Partanna Mondello,VII,152.72,403.55,Accordo Quadro - CUP D71G23000050001,1693,sempreverde,487.21,497.15,487.21,472.29,img/albero.png,,"geo:38.19551,13.33317"
AI062AI,ALB_0863,Viale Principe Umberto,38960,568,29/12/2025,Giuseppe Maniscalco,042,Pinus halepensis,Cercine,38.19569,13.33314,0,,0.5,0.2,Ceppaia,SIC24_1.6.2,Ceppo,,AP21.080369,Pinus pinaster h.1.75/2.00m,€443.06,,,,,,,,,,Rimozione ceppaie 0.5-1.5 m³,cad,€228.15,Partanna Mondello,Partanna Mondello,VII,18.05,47.68,Accordo Quadro - CUP D71G23000050001,1693,sempreverde,0.00,0.00,0.00,0.00,img/albero.png,,"geo:38.19569,13.33314"
AI063AI,ALB_0864,Viale Principe Umberto,38960,568,29/12/2025,Giuseppe Maniscalco,043,Pinus halepensis,Cercine,38.19581,13.33311,16,53,0.5,0.2,C,APL.014S,Annuale,,,,,,,,,,,,,,Spalcatura conifere h.10-16m,cad,€373.31,Partanna Mondello,Partanna Mondello,VII,82.46,217.89,Accordo Quadro - CUP D71G23000050001,1673,sempreverde,3453.55,3524.04,3453.55,3347.83,img/albero.png,,"geo:38.19581,13.33311"
AI064AI,ALB_0865,Viale Principe Umberto,38960,568,29/12/2025,Giuseppe Maniscalco,044,Pinus halepensis,Cercine,38.19592,13.3331,14,49,0.5,0.2,C,APL.014S,Annuale,,,,,,,,,,,,,,Spalcatura conifere h.10-16m,cad,€373.31,Partanna Mondello,Partanna Mondello,VII,37.43,98.9,Accordo Quadro - CUP D71G23000050001,1673,sempreverde,2930.89,2990.71,2930.89,2841.17,img/albero.png,,"geo:38.19592,13.3331"
AI065AI,ALB_0866,Viale Principe Umberto,38960,568,29/12/2025,Giuseppe Maniscalco,045,Pinus halepensis,Cercine,38.19596,13.33309,0,,0.5,0.2,Ceppaia,SIC24_1.6.2,Ceppo,,AP21.080369,Pinus pinaster h.1.75/2.00m,€443.06,,,,,,,,,,Rimozione ceppaie 0.5-1.5 m³,cad,€228.15,Partanna Mondello,Partanna Mondello,VII,112.1,296.23,Accordo Quadro - CUP D71G23000050001,1673,sempreverde,0.00,0.00,0.00,0.00,img/albero.png,,"geo:38.19596,13.33309"
AI066AI,ALB_0867,Viale Principe Umberto,38960,568,29/12/2025,Giuseppe Maniscalco,046,Pinus halepensis,Cercine,38.19615,13.33306,15,50,0.5,0.2,C,APL.014S,Annuale,,,,,,,,,,,,,,Spalcatura conifere h.10-16m,cad,€373.31,Partanna Mondello,Partanna Mondello,VII,229.31,605.96,Accordo Quadro - CUP D71G23000050001,1673,sempreverde,3132.35,3196.28,3132.35,3036.47,img/albero.png,,"geo:38.19615,13.33306"
AI067AI,ALB_0868,Viale Principe Umberto,38960,568,29/12/2025,Giuseppe Maniscalco,047,Pinus halepensis,Cercine,38.19622,13.33305,14,58,0.5,0.2,C,APL.014S,Annuale,,,,,,,,,,,,,,Spalcatura conifere h.10-16m,cad,€373.31,Partanna Mondello,Partanna Mondello,VII,171.06,452.03,Accordo Quadro - CUP D71G23000050001,1632,sempreverde,3411.21,3480.83,3411.21,3306.79,img/albero.png,,"geo:38.19622,13.33305"
AI068AI,ALB_0869,Viale Principe Umberto,38960,568,29/12/2025,Giuseppe Maniscalco,048,Pinus halepensis,Cercine,38.19628,13.33304,14,53,0.5,0.2,C,APL.014S,Annuale,,,,,,,,,,,,,,Spalcatura conifere h.10-16m,cad,€373.31,Partanna Mondello,Partanna Mondello,VII,142.46,376.46,Accordo Quadro - CUP D71G23000050001,1639,sempreverde,3145.37,3209.56,3145.37,3049.08,img/albero.png,,"geo:38.19628,13.33304"
AI069AI,ALB_0870,Viale Principe Umberto,38960,568,29/12/2025,Giuseppe Maniscalco,050,Pinus halepensis,Cercine,38.19647,13.33302,8,47,0.5,0.2,D,APL.017S,Abbattimento,,SIC24_1.6.2,Rimozione ceppaie 0.5-1.5 m³,€228.15,,AP21.080369,Pinus pinaster h.1.75/2.00m,€443.06,,,,,,Abbattimento chioma espansa h.6-12m,cad,€256.86,Partanna Mondello,Partanna Mondello,VII,229.92,607.58,Accordo Quadro - CUP D71G23000050001,2540,sempreverde,1362.88,1390.69,1362.88,1321.16,img/albero.png,,"geo:38.19647,13.33302"
AI070AI,ALB_0871,Viale Principe Umberto,38960,568,29/12/2025,Giuseppe Maniscalco,051,Pinus halepensis,Cercine,38.19318,13.33343,0,,0.5,0.2,Ceppaia,SIC24_1.6.2,Ceppo,,AP21.080369,Pinus pinaster h.1.75/2.00m,€443.06,,,,,,,,,,Rimozione ceppaie 0.5-1.5 m³,cad,€228.15,Partanna Mondello,Partanna Mondello,VII,146.63,387.47,Accordo Quadro - CUP D71G23000050001,2540,sempreverde,0.00,0.00,0.00,0.00,img/albero.png,,"geo:38.19318,13.33343"
AI071AI,ALB_0872,Viale Principe Umberto,38960,568,29/12/2025,Giuseppe Maniscalco,052,Pinus canariensis,Cercine,38.19196,13.33361,14,56,0.5,0.2,C,APL.014S,Annuale,,,,,,,,,,,,,,Spalcatura conifere h.10-16m,cad,€373.31,Partanna Mondello,Partanna Mondello,VII,137.25,362.69,Accordo Quadro - CUP D71G23000050001,2540,sempreverde,8180.76,8611.33,8439.10,8180.76,img/albero.png,,"geo:38.19196,13.33361"
AI072AI,ALB_0873,Viale Principe Umberto,38960,568,29/12/2025,Giuseppe Maniscalco,053,Pinus halepensis,Cercine,38.19192,13.33361,16,59,0.5,0.2,C/D,APL.014S,Annuale,,,,,,,,,,,,,,Spalcatura conifere h.10-16m,cad,€373.31,Partanna Mondello,Partanna Mondello,VII,94.81,250.53,Accordo Quadro - CUP D71G23000050001,2540,sempreverde,1630.08,1663.34,1630.08,1580.18,img/albero.png,,"geo:38.19192,13.33361"
AI073AI,ALB_0874,Viale Principe Umberto,38960,568,29/12/2025,Giuseppe Maniscalco,054,Pinus halepensis,Cercine,38.1918,13.33364,0,,0.5,0.2,Ceppaia,SIC24_1.6.2,Ceppo,,AP21.080369,Pinus pinaster h.1.75/2.00m,€443.06,,,,,,,,,,Rimozione ceppaie 0.5-1.5 m³,cad,€228.15,Partanna Mondello,Partanna Mondello,VII,274.7,725.91,Accordo Quadro - CUP D71G23000050001,2538,sempreverde,0.00,0.00,0.00,0.00,img/albero.png,,"geo:38.1918,13.33364"
AI074AI,ALB_0875,Viale Principe Umberto,38960,568,29/12/2025,Giuseppe Maniscalco,055,Pinus halepensis,Cercine,38.19172,13.33364,13,63,0.5,0.2,C/D,APL.014S,Annuale,,,,,,,,,,,,,,Spalcatura conifere h.10-16m,cad,€373.31,Partanna Mondello,Partanna Mondello,VII,147.35,389.39,Accordo Quadro - CUP D71G23000050001,2456,sempreverde,1495.29,1525.80,1495.29,1449.51,img/albero.png,,"geo:38.19172,13.33364"
AI075AI,ALB_0876,Viale Principe Umberto,38960,568,29/12/2025,Giuseppe Maniscalco,056,Pinus halepensis,Cercine,38.19163,13.33366,14,71,0.5,0.2,C,APL.014S,Annuale,,,,,,,,,,,,,,Spalcatura conifere h.10-16m,cad,€373.31,Partanna Mondello,Partanna Mondello,VII,128.15,338.65,Accordo Quadro - CUP D71G23000050001,2497,sempreverde,4092.19,4175.71,4092.19,3966.92,img/albero.png,,"geo:38.19163,13.33366"
AI076AI,ALB_0877,Viale Principe Umberto,38960,568,29/12/2025,Giuseppe Maniscalco,057,Pinus halepensis,Cercine,38.1917,13.33374,4,9,0.5,0.2,A,APL.005S,Reimpiantato,,,,,,,,,,,,,,Potatura decidui chioma espansa h.6-12m,cad,€186.07,Partanna Mondello,Partanna Mondello,VII,93.33,246.61,Accordo Quadro - CUP D71G23000050001,2325,sempreverde,379.05,386.79,379.05,367.45,img/albero.png,,"geo:38.1917,13.33374"
AI077AI,ALB_0878,Viale Principe Umberto,38960,568,29/12/2025,Giuseppe Maniscalco,058,Pinus halepensis,Cercine,38.19175,13.33373,14,39,0.5,0.2,C,APL.014S,Annuale,,,,,,,,,,,,,,Spalcatura conifere h.10-16m,cad,€373.31,Partanna Mondello,Partanna Mondello,VII,158.93,419.98,Accordo Quadro - CUP D71G23000050001,2323,sempreverde,2386.61,2435.32,2386.61,2313.55,img/albero.png,,"geo:38.19175,13.33373"
AI078AI,ALB_0879,Viale Principe Umberto,38960,568,29/12/2025,Giuseppe Maniscalco,059,Pinus halepensis,Cercine,38.19181,13.33372,15,60,0.5,0.2,C,APL.014S,Annuale,,,,,,,,,,,,,,Spalcatura conifere h.10-16m,cad,€373.31,Partanna Mondello,Partanna Mondello,VII,129.51,342.24,Accordo Quadro - CUP D71G23000050001,2319,sempreverde,3690.92,3766.24,3690.92,3577.93,img/albero.png,,"geo:38.19181,13.33372"
AI079AI,ALB_0880,Viale Principe Umberto,38960,568,29/12/2025,Giuseppe Maniscalco,060,Pinus halepensis,Cercine,38.19186,13.3337,15,61,0.5,0.2,C,APL.014S,Annuale,,,,,,,,,,,,,,Spalcatura conifere h.10-16m,cad,€373.31,Partanna Mondello,Partanna Mondello,VII,81.53,215.45,Accordo Quadro - CUP D71G23000050001,2319,sempreverde,3746.23,3822.69,3746.23,3631.55,img/albero.png,,"geo:38.19186,13.3337"
AI080AI,ALB_0881,Viale Principe Umberto,38960,568,29/12/2025,Giuseppe Maniscalco,061,Pinus halepensis,Cercine,38.19207,13.33369,5,10,0.5,0.2,A,APL.005S,Reimpiantato,,SIC24_1.6.2,Rimozione ceppaie 0.5-1.5 m³,€228.15,,AP21.080369,Pinus pinaster h.1.75/2.00m,€443.06,,,,,,Potatura decidui chioma espansa h.6-12m,cad,€186.07,Partanna Mondello,Partanna Mondello,VII,87.16,230.31,Accordo Quadro - CUP D71G23000050001,2315,sempreverde,487.21,497.15,487.21,472.29,img/albero.png,,"geo:38.19207,13.33369"
AI081AI,ALB_0882,Viale Principe Umberto,38960,568,29/12/2025,Giuseppe Maniscalco,062,Pinus halepensis,Cercine,38.19213,13.33368,18,76,0.5,0.2,C,APL.015S,Annuale,,,,,,,,,,,,,,Spalcatura conifere h.16-25m,cad,€492.98,Partanna Mondello,Partanna Mondello,VII,100.07,264.43,Accordo Quadro - CUP D71G23000050001,879,sempreverde,5187.49,5293.35,5187.49,5028.69,img/albero.png,,"geo:38.19213,13.33368"
AI082AI,ALB_0883,Viale Principe Umberto,38960,568,29/12/2025,Giuseppe Maniscalco,063,Pinus halepensis,Cercine,38.19332,13.3335,16,65,0.5,0.2,C/D,APL.014S,Annuale,,,,,,,,,,,,,,Spalcatura conifere h.10-16m,cad,€373.31,Partanna Mondello,Partanna Mondello,VII,106.81,282.25,Accordo Quadro - CUP D71G23000050001,879,sempreverde,1778.54,1814.84,1778.54,1724.09,img/albero.png,,"geo:38.19332,13.3335"
AI083AI,ALB_0884,Viale Principe Umberto,38960,568,29/12/2025,Giuseppe Maniscalco,064,Pinus halepensis,Cercine,38.19376,13.33344,18,104,0.5,0.2,C/D,APL.015S,Annuale,,,,,,,,,,,,,,Spalcatura conifere h.16-25m,cad,€492.98,Partanna Mondello,Partanna Mondello,VII,98.36,259.93,Accordo Quadro - CUP D71G23000050001,863,sempreverde,2948.34,3008.51,2948.34,2858.09,img/albero.png,,"geo:38.19376,13.33344"
AI084AI,ALB_0885,Viale Principe Umberto,38960,568,29/12/2025,Giuseppe Maniscalco,065,Pinus halepensis,Cercine,38.19381,13.33342,0,,0.5,0.2,Ceppaia,SIC24_1.6.2,Ceppo,,AP21.080369,Pinus pinaster h.1.75/2.00m,€443.06,,,,,,,,,,Rimozione ceppaie 0.5-1.5 m³,cad,€228.15,Partanna Mondello,Partanna Mondello,VII,222.33,587.53,Accordo Quadro - CUP D71G23000050001,863,sempreverde,0.00,0.00,0.00,0.00,img/albero.png,,"geo:38.19381,13.33342"
AI085AI,ALB_0886,Via Rapisardi Mario,41130,635,12/01/2026,Ufficio,001,Sophora japonica,Cercine,38.13384333,13.34270054,,,,,No Interv,,,,,,,,,,,,,,,,,,,Villa Sperlinga,Libertà,VIII,134.08,354.31,Accordo Quadro - CUP D71G23000050001,1004,decidua,0.00,0.00,0.00,0.00,img/albero.png,,"geo:38.1338433270259,13.3427005379949"
AI086AI,ALB_0887,Via Rapisardi Mario,41130,635,12/01/2026,Ufficio,002,Sophora japonica,Cercine,38.13387498,13.34277968,7,,,,No Interv,,,,,,,,,,,,,,,,,,,Villa Sperlinga,Libertà,VIII,335.12,885.57,Accordo Quadro - CUP D71G23000050001,843,decidua,0.00,0.00,0.00,0.00,img/albero.png,,"geo:38.1338749790239,13.3427796776848"
AI087AI,ALB_0888,Via Rapisardi Mario,41130,635,12/01/2026,Ufficio,003,Sophora japonica,Cercine,38.13384296,13.34269322,,,,,No Interv,,,,,,,,,,,,,,,,,,,Villa Sperlinga,Libertà,VIII,218.89,578.43,Accordo Quadro - CUP D71G23000050001,984,decidua,0.00,0.00,0.00,0.00,img/albero.png,,"geo:38.1338429624195,13.3426932182851"
AI088AI,ALB_0889,Via Rapisardi Mario,41130,635,12/01/2026,Ufficio,004,Sophora japonica,Cercine,38.13387961,13.34278115,8,,,,Non Class,APL.017S,Tumore Cavità Branchiali,,SIC24_1.6.2,Rimozione ceppaie 0.5-1.5 m³,€228.15,,AP37.121419,Sophora japonica Regent circ.16/18cm,€784.45,,,,,,Abbattimento chioma espansa h.6-12m,cad,€256.86,Villa Sperlinga,Libertà,VIII,290.71,768.21,Accordo Quadro - CUP D71G23000050001,934,decidua,0.00,0.00,0.00,0.00,img/albero.png,,"geo:38.133879612398,13.3427811513186"
AI089AI,ALB_0890,Via Rapisardi Mario,41130,635,12/01/2026,Ufficio,005,Sophora japonica,Cercine,38.13403226,13.34319759,8,,,,Non Class,APL.017S,Grosso Tumore Cavità Branchiali,,SIC24_1.6.2,Rimozione ceppaie 0.5-1.5 m³,€228.15,,AP37.121419,Sophora japonica Regent circ.16/18cm,€784.45,,,,,,Abbattimento chioma espansa h.6-12m,cad,€256.86,Villa Sperlinga,Libertà,VIII,21.83,57.69,Accordo Quadro - CUP D71G23000050001,811,decidua,0.00,0.00,0.00,0.00,img/albero.png,,"geo:38.1340322562148,13.3431975907401"
AI090AI,ALB_0891,Via Rapisardi Mario,41130,635,12/01/2026,Ufficio,006,Sophora japonica,Cercine,38.13407328,13.34329337,6,,,,No Interv,,,,,,,,,,,,,,,,,,,Villa Sperlinga,Libertà,VIII,212.54,561.65,Accordo Quadro - CUP D71G23000050001,912,decidua,0.00,0.00,0.00,0.00,img/albero.png,,"geo:38.1340732810332,13.3432933694454"
AI091AI,ALB_0892,Via Rapisardi Mario,41130,635,12/01/2026,Ufficio,007,Pittosphorum,Cercine,38.1341567,13.3434722,2,,,,No Interv,,,,,,,,,,,,,,,,,,,Villa Sperlinga,Libertà,VIII,171.52,453.25,Accordo Quadro - CUP D71G23000050001,912,sempreverde,0.00,0.00,0.00,0.00,img/albero.png,,"geo:38.1341566967819,13.3434722046557"
AI092AI,ALB_0893,Via Rapisardi Mario,41130,635,12/01/2026,Ufficio,008,Sophora japonica,Cercine,38.13420263,13.34358163,8,,,,Verifica,,Cavità Branchiali,,,,,,,,,,,,,,,,,Villa Sperlinga,Libertà,VIII,200.35,529.42,Accordo Quadro - CUP D71G23000050001,912,decidua,0.00,0.00,0.00,0.00,img/albero.png,,"geo:38.1342026345595,13.3435816261645"
AI093AI,ALB_0894,Via Rapisardi Mario,41130,635,12/01/2026,Ufficio,009,Sophora japonica,Cercine,38.13422798,13.34366017,8,,,,Non Class,APL.017S,Grossa Cavità Branchiali,,SIC24_1.6.2,Rimozione ceppaie 0.5-1.5 m³,€228.15,,AP37.121419,Sophora japonica Regent circ.16/18cm,€784.45,,,,,,Abbattimento chioma espansa h.6-12m,cad,€256.86,Villa Sperlinga,Libertà,VIII,166.74,440.62,Accordo Quadro - CUP D71G23000050001,884,decidua,0.00,0.00,0.00,0.00,img/albero.png,,"geo:38.1342279795279,13.3436601679837"
AI094AI,ALB_0895,Via Rapisardi Mario,41130,635,12/01/2026,Ufficio,010,Sophora japonica,Cercine,38.13425544,13.34372528,8,,,,Verifica,,Cavità Branchiali,,,,,,,,,,,,,,,,,Villa Sperlinga,Libertà,VIII,26.15,69.09,Accordo Quadro - CUP D71G23000050001,884,decidua,0.00,0.00,0.00,0.00,img/albero.png,,"geo:38.1342554365671,13.3437252838509"
AI095AI,ALB_0896,Via Rapisardi Mario,41130,635,12/01/2026,Ufficio,011,Sophora japonica,Cercine,38.13524677,13.34616189,8,,,,Verifica,,Cavità Branchiali,,,,,,,,,,,,,,,,,Villa Sperlinga,Libertà,VIII,165.22,436.59,Accordo Quadro - CUP D71G23000050001,763,decidua,0.00,0.00,0.00,0.00,img/albero.png,,"geo:38.1352467716394,13.3461618867848"
AI096AI,ALB_0897,Via Rapisardi Mario,41130,635,12/01/2026,Ufficio,012,Sophora japonica,Cercine,38.13535542,13.34648308,7,,,,Verifica,,Seccume,,,,,,,,,,,,,,,,,Villa Sperlinga,Libertà,VIII,150.71,398.25,Accordo Quadro - CUP D71G23000050001,772,decidua,0.00,0.00,0.00,0.00,img/albero.png,,"geo:38.1353554214055,13.346483081311"
AI097AI,ALB_0898,Via Rapisardi Mario,41130,635,12/01/2026,Ufficio,013,Sophora japonica,Cercine,38.1353839,13.34652667,7,,,,No Interv,,,,,,,,,,,,,,,,,,,Villa Sperlinga,Libertà,VIII,19.37,51.18,Accordo Quadro - CUP D71G23000050001,743,decidua,0.00,0.00,0.00,0.00,img/albero.png,,"geo:38.1353839023838,13.3465266672038"
AI098AI,ALB_0899,Via Rapisardi Mario,41130,635,12/01/2026,Ufficio,014,Sophora japonica,Cercine,38.13545141,13.3465783,0,,,,Ceppaia,SIC24_1.6.2,Ceppo,,AP37.121419,Sophora japonica Regent circ.16/18cm,€784.45,,,,,,,,,,Rimozione ceppaie 0.5-1.5 m³,cad,€228.15,Villa Sperlinga,Libertà,VIII,84.37,222.94,Accordo Quadro - CUP D71G23000050001,743,decidua,0.00,0.00,0.00,0.00,img/albero.png,,"geo:38.1354514128064,13.3465782997231"
AI099AI,ALB_0900,Via Rapisardi Mario,41130,635,12/01/2026,Ufficio,015,Sophora japonica,Cercine,38.13552472,13.3467104,0,,,,Ceppaia,SIC24_1.6.2,Ceppo,,AP37.121419,Sophora japonica Regent circ.16/18cm,€784.45,,,,,,,,,,Rimozione ceppaie 0.5-1.5 m³,cad,€228.15,Villa Sperlinga,Libertà,VIII,127.32,336.45,Accordo Quadro - CUP D71G23000050001,743,decidua,0.00,0.00,0.00,0.00,img/albero.png,,"geo:38.1355247248362,13.34671039852"
AJ000AJ,ALB_0901,Via Rapisardi Mario,41130,635,12/01/2026,Ufficio,016,Sophora japonica,Cercine,38.13550257,13.34682439,7,,,,No Interv,,,,,,,,,,,,,,,,,,,Villa Sperlinga,Libertà,VIII,276.11,729.63,Accordo Quadro - CUP D71G23000050001,730,decidua,0.00,0.00,0.00,0.00,img/albero.png,,"geo:38.1355025730087,13.3468243924057"
AJ001AJ,ALB_0902,Via Rapisardi Mario,41130,635,12/01/2026,Ufficio,017,Sophora japonica,Cercine,38.13539867,13.3468834,8,,,,No Interv,,,,,,,,,,,,,,,,,,,Villa Sperlinga,Libertà,VIII,119.41,315.54,Accordo Quadro - CUP D71G23000050001,698,decidua,0.00,0.00,0.00,0.00,img/albero.png,,"geo:38.1353986702958,13.3468834009992"
AJ002AJ,ALB_0903,Via Rapisardi Mario,41130,635,12/01/2026,Ufficio,018,Sophora japonica,Cercine,38.13525055,13.34669715,,,,,No Interv,,,,,,,,,,,,,,,,,,,Villa Sperlinga,Libertà,VIII,78.42,207.22,Accordo Quadro - CUP D71G23000050001,707,decidua,0.00,0.00,0.00,0.00,img/albero.png,,"geo:38.1352505462165,13.3466971496504"
AJ003AJ,ALB_0904,Via Rapisardi Mario,41130,635,12/01/2026,Ufficio,019,Sophora japonica,Cercine,38.13527689,13.34658551,0,,,,Ceppaia,SIC24_1.6.2,Ceppo,,AP37.121419,Sophora japonica Regent circ.16/18cm,€784.45,,,,,,,,,,Rimozione ceppaie 0.5-1.5 m³,cad,€228.15,Villa Sperlinga,Libertà,VIII,201.82,533.31,Accordo Quadro - CUP D71G23000050001,714,decidua,0.00,0.00,0.00,0.00,img/albero.png,,"geo:38.1352768894189,13.3465855100755"
AJ004AJ,ALB_0905,Via Rapisardi Mario,41130,635,12/01/2026,Ufficio,020,Sophora japonica,Cercine,38.13527313,13.34654484,7,,,,No Interv,,,,,,,,,,,,,,,,,,,Villa Sperlinga,Libertà,VIII,196.16,518.36,Accordo Quadro - CUP D71G23000050001,733,decidua,0.00,0.00,0.00,0.00,img/albero.png,,"geo:38.1352731261049,13.3465448413778"
AJ005AJ,ALB_0906,Via Rapisardi Mario,41130,635,12/01/2026,Ufficio,021,Sophora japonica,Cercine,38.13551586,13.34689571,8,,,,No Interv,,,,,,,,,,,,,,,,,,,Villa Sperlinga,Libertà,VIII,135.85,358.98,Accordo Quadro - CUP D71G23000050001,698,decidua,0.00,0.00,0.00,0.00,img/albero.png,,"geo:38.1355158594634,13.3468957086074"
AJ006AJ,ALB_0907,Via Rapisardi Mario,41130,635,12/01/2026,Ufficio,022,Sophora japonica,Cercine,38.13553907,13.34697625,0,,,,Ceppaia,SIC24_1.6.2,Ceppo,,AP37.121419,Sophora japonica Regent circ.16/18cm,€784.45,,,,,,,,,,Rimozione ceppaie 0.5-1.5 m³,cad,€228.15,Villa Sperlinga,Libertà,VIII,125.23,330.93,Accordo Quadro - CUP D71G23000050001,551 B,decidua,0.00,0.00,0.00,0.00,img/albero.png,,"geo:38.1355390664861,13.3469762485773"
AJ007AJ,ALB_0908,Via Rapisardi Mario,41130,635,12/01/2026,Ufficio,023,Sophora japonica,Cercine,38.13556507,13.34703149,0,,,,Ceppaia,SIC24_1.6.2,Ceppo,,AP37.121419,Sophora japonica Regent circ.16/18cm,€784.45,,,,,,,,,,Rimozione ceppaie 0.5-1.5 m³,cad,€228.15,Villa Sperlinga,Libertà,VIII,94.13,248.73,Accordo Quadro - CUP D71G23000050001,707,decidua,0.00,0.00,0.00,0.00,img/albero.png,,"geo:38.1355650673396,13.3470314885002"
AJ008AJ,ALB_0909,Via Rapisardi Mario,41130,635,12/01/2026,Ufficio,024,Sophora japonica,Cercine,38.13564946,13.34724674,7,,,,Verifica,,Seccume,,,,,,,,,,,,,,,,,Villa Sperlinga,Libertà,VIII,157.01,414.89,Accordo Quadro - CUP D71G23000050001,673,decidua,0.00,0.00,0.00,0.00,img/albero.png,,"geo:38.13564945515,13.3472467357526"
AJ009AJ,ALB_0910,Via Rapisardi Mario,41130,635,12/01/2026,Ufficio,025,Sophora japonica,Cercine,38.1354435,13.34655818,7,,,,No Interv,,,,,,,,,,,,,,,,,,,Villa Sperlinga,Libertà,VIII,129.57,342.39,Accordo Quadro - CUP D71G23000050001,565,decidua,0.00,0.00,0.00,0.00,img/albero.png,,"geo:38.1354435014307,13.3465581831672"
AJ010AJ,ALB_0911,Via Rapisardi Mario,41130,635,12/01/2026,Ufficio,026,Sophora japonica,Cercine,38.13577234,13.347523,7,,,,No Interv,,,,,,,,,,,,,,,,,,,Villa Sperlinga,Libertà,VIII,123.55,326.49,Accordo Quadro - CUP D71G23000050001,571,decidua,0.00,0.00,0.00,0.00,img/albero.png,,"geo:38.1357723447261,13.3475230033012"
AJ011AJ,ALB_0912,Via Rapisardi Mario,41130,635,12/01/2026,Ufficio,027,Sophora japonica,Cercine,38.13580083,13.34763297,0,,,,Ceppaia,SIC24_1.6.2,Ceppo,,AP37.121419,Sophora japonica Regent circ.16/18cm,€784.45,,,,,,,,,,Rimozione ceppaie 0.5-1.5 m³,cad,€228.15,Villa Sperlinga,Libertà,VIII,133.44,352.61,Accordo Quadro - CUP D71G23000050001,713,decidua,0.00,0.00,0.00,0.00,img/albero.png,,"geo:38.1358008255416,13.3476329738617"
AJ012AJ,ALB_0913,Via Rapisardi Mario,41130,635,12/01/2026,Ufficio,028,Sophora japonica,Cercine,38.13587994,13.3477872,5,,,,Verifica,,Giovane,,,,,,,,,,,,,,,,,Villa Sperlinga,Libertà,VIII,24.36,64.36,Accordo Quadro - CUP D71G23000050001,669,decidua,0.00,0.00,0.00,0.00,img/albero.png,,"geo:38.1358799388651,13.3477872008928"
AJ013AJ,ALB_0914,Via Rapisardi Mario,41130,635,12/01/2026,Ufficio,029,Sophora japonica,Cercine,38.13591053,13.34787974,7,,,,No Interv,,,,,,,,,,,,,,,,,,,Villa Sperlinga,Libertà,VIII,80.74,213.36,Accordo Quadro - CUP D71G23000050001,698,decidua,0.00,0.00,0.00,0.00,img/albero.png,,"geo:38.1359105293241,13.3478797370894"
AJ014AJ,ALB_0915,Via Rapisardi Mario,41130,635,12/01/2026,Ufficio,030,Sophora japonica,Cercine,38.13594165,13.3479535,4,,,,Verifica,,Giovane,,,,,,,,,,,,,,,,,Villa Sperlinga,Libertà,VIII,63.21,167.03,Accordo Quadro - CUP D71G23000050001,714,decidua,0.00,0.00,0.00,0.00,img/albero.png,,"geo:38.1359416471941,13.3479534978552"
AJ015AJ,ALB_0916,Via Rapisardi Mario,41130,635,12/01/2026,Ufficio,031,Sophora japonica,Cercine,38.13597698,13.34806749,2,,,,No Interv,,,,,,,,,,,,,,,,,,,Villa Sperlinga,Libertà,VIII,14.37,37.96,Accordo Quadro - CUP D71G23000050001,571,decidua,0.00,0.00,0.00,0.00,img/albero.png,,"geo:38.1359769844186,13.3480674917289"
AJ016AJ,ALB_0917,Via Rapisardi Mario,41130,635,12/01/2026,Ufficio,032,Sophora japonica,Cercine,38.13601179,13.34814528,0,,,,Ceppaia,SIC24_1.6.2,Ceppo,,AP37.121419,Sophora japonica Regent circ.16/18cm,€784.45,,,,,,,,,,Rimozione ceppaie 0.5-1.5 m³,cad,€228.15,Villa Sperlinga,Libertà,VIII,13.76,36.36,Accordo Quadro - CUP D71G23000050001,714,decidua,0.00,0.00,0.00,0.00,img/albero.png,,"geo:38.1360117942052,13.3481452757839"
AJ017AJ,ALB_0918,Via Rapisardi Mario,41130,635,12/01/2026,Ufficio,033,Sophora japonica,Cercine,38.13587898,13.3480599,3,,,,Verifica,,Giovane,,,,,,,,,,,,,,,,,Villa Sperlinga,Libertà,VIII,10.1,26.68,Accordo Quadro - CUP D71G23000050001,537,decidua,0.00,0.00,0.00,0.00,img/albero.png,,"geo:38.1358789778396,13.3480599044287"
AJ018AJ,ALB_0919,Via Rapisardi Mario,41130,635,12/01/2026,Ufficio,034,Sophora japonica,Cercine,38.13585138,13.34800329,0,,,,Ceppaia,SIC24_1.6.2,Ceppo,,AP37.121419,Sophora japonica Regent circ.16/18cm,€784.45,,,,,,,,,,Rimozione ceppaie 0.5-1.5 m³,cad,€228.15,Villa Sperlinga,Libertà,VIII,,,Accordo Quadro - CUP D71G23000050001,537,decidua,0.00,0.00,0.00,0.00,img/albero.png,,"geo:38.1358513804268,13.3480032872221"
AJ019AJ,ALB_0920,Via Rapisardi Mario,41130,635,12/01/2026,Ufficio,035,Sophora japonica,Cercine,38.13581563,13.34792992,0,,,,Ceppaia,SIC24_1.6.2,Ceppo,,AP37.121419,Sophora japonica Regent circ.16/18cm,€784.45,,,,,,,,,,Rimozione ceppaie 0.5-1.5 m³,cad,€228.15,Villa Sperlinga,Libertà,VIII,,,Accordo Quadro - CUP D71G23000050001,515,decidua,0.00,0.00,0.00,0.00,img/albero.png,,"geo:38.1358156292175,13.3479299240811"
AJ020AJ,ALB_0921,Via Rapisardi Mario,41130,635,12/01/2026,Ufficio,036,Sophora japonica,Cercine,38.13580016,13.34785779,7,,,,No Interv,,,,,,,,,,,,,,,,,,,Villa Sperlinga,Libertà,VIII,,,Accordo Quadro - CUP D71G23000050001,501,decidua,0.00,0.00,0.00,0.00,img/albero.png,,"geo:38.1358001631959,13.3478577948123"
AJ021AJ,ALB_0922,Via Rapisardi Mario,41130,635,12/01/2026,Ufficio,037,Sophora japonica,Cercine,38.13576219,13.34777532,0,,,,Ceppaia,SIC24_1.6.2,Ceppo,,AP37.121419,Sophora japonica Regent circ.16/18cm,€784.45,,,,,,,,,,Rimozione ceppaie 0.5-1.5 m³,cad,€228.15,Villa Sperlinga,Libertà,VIII,,,Accordo Quadro - CUP D71G23000050001,476,decidua,0.00,0.00,0.00,0.00,img/albero.png,,"geo:38.1357621887723,13.3477753168919"
AJ022AJ,ALB_0923,Via Rapisardi Mario,41130,635,12/01/2026,Ufficio,038,Sophora japonica,Cercine,38.13573002,13.34768278,8,,,,Verifica,,Branche Cave,,,,,,,,,,,,,,,,,Villa Sperlinga,Libertà,VIII,,,Accordo Quadro - CUP D71G23000050001,476,decidua,0.00,0.00,0.00,0.00,img/albero.png,,"geo:38.1357300159783,13.3476827806703"
AJ023AJ,ALB_0924,Via Rapisardi Mario,41130,635,12/01/2026,Ufficio,039,Sophora japonica,Cercine,38.13569046,13.34758287,0,,,,Ceppaia,SIC24_1.6.2,Ceppo,,AP37.121419,Sophora japonica Regent circ.16/18cm,€784.45,,,,,,,,,,Rimozione ceppaie 0.5-1.5 m³,cad,€228.15,Villa Sperlinga,Libertà,VIII,,,Accordo Quadro - CUP D71G23000050001,476,decidua,0.00,0.00,0.00,0.00,img/albero.png,,"geo:38.1356904592486,13.3475828683928"
AJ024AJ,ALB_0925,Via Rapisardi Mario,41130,635,12/01/2026,Ufficio,040,Sophora japonica,Cercine,38.13563508,13.3474729,0,,,,Ceppaia,SIC24_1.6.2,Ceppo,,AP37.121419,Sophora japonica Regent circ.16/18cm,€784.45,,,,,,,,,,Rimozione ceppaie 0.5-1.5 m³,cad,€228.15,Villa Sperlinga,Libertà,VIII,,,Accordo Quadro - CUP D71G23000050001,400,decidua,0.00,0.00,0.00,0.00,img/albero.png,,"geo:38.135635079791,13.3474728978323"
AJ025AJ,ALB_0926,Via Rapisardi Mario,41130,635,12/01/2026,Ufficio,041,Sophora japonica,Cercine,38.13558867,13.34729654,0,,,,Ceppaia,SIC24_1.6.2,Ceppo,,AP37.121419,Sophora japonica Regent circ.16/18cm,€784.45,,,,,,,,,,Rimozione ceppaie 0.5-1.5 m³,cad,€228.15,Villa Sperlinga,Libertà,VIII,,,Accordo Quadro - CUP D71G23000050001,551,decidua,0.00,0.00,0.00,0.00,img/albero.png,,"geo:38.135588666497,13.3472965425684"
AJ026AJ,ALB_0927,Via Rapisardi Mario,41130,635,12/01/2026,Ufficio,042,Sophora japonica,Cercine,38.13556335,13.34720468,0,,,,Ceppaia,SIC24_1.6.2,Ceppo,,AP37.121419,Sophora japonica Regent circ.16/18cm,€784.45,,,,,,,,,,Rimozione ceppaie 0.5-1.5 m³,cad,€228.15,Villa Sperlinga,Libertà,VIII,,,Accordo Quadro - CUP D71G23000050001,551 A,decidua,0.00,0.00,0.00,0.00,img/albero.png,,"geo:38.1355633501438,13.3472046769119"
AJ027AJ,ALB_0928,Via Rapisardi Mario,41130,635,12/01/2026,Ufficio,043,Sophora japonica,Cercine,38.13548054,13.34703369,0,,,,Ceppaia,SIC24_1.6.2,Ceppo,,AP37.121419,Sophora japonica Regent circ.16/18cm,€784.45,,,,,,,,,,Rimozione ceppaie 0.5-1.5 m³,cad,€228.15,Villa Sperlinga,Libertà,VIII,,,Accordo Quadro - CUP D71G23000050001,547,decidua,0.00,0.00,0.00,0.00,img/albero.png,,"geo:38.1354805445089,13.347033686094"
AJ028AJ,ALB_0929,Via Rapisardi Mario,41130,635,12/01/2026,Ufficio,044,Sophora japonica,Cercine,38.13528171,13.34652407,0,,,,Ceppaia,SIC24_1.6.2,Ceppo,,AP37.121419,Sophora japonica Regent circ.16/18cm,€784.45,,,,,,,,,,Rimozione ceppaie 0.5-1.5 m³,cad,€228.15,Villa Sperlinga,Libertà,VIII,,,Accordo Quadro - CUP D71G23000050001,400,decidua,0.00,0.00,0.00,0.00,img/albero.png,,"geo:38.1352817051134,13.3465240663791"
AJ029AJ,ALB_0930,Via Rapisardi Mario,41130,635,12/01/2026,Ufficio,045,Sophora japonica,Cercine,38.13524584,13.34641074,0,,,,Ceppaia,SIC24_1.6.2,Ceppo,,AP37.121419,Sophora japonica Regent circ.16/18cm,€784.45,,,,,,,,,,Rimozione ceppaie 0.5-1.5 m³,cad,€228.15,Villa Sperlinga,Libertà,VIII,,,Accordo Quadro - CUP D71G23000050001,551,decidua,0.00,0.00,0.00,0.00,img/albero.png,,"geo:38.1352458401258,13.3464107430576"
AJ030AJ,ALB_0931,Via Rapisardi Mario,41130,635,12/01/2026,Ufficio,046,Sophora japonica,Cercine,38.13518888,13.34632625,0,,,,Ceppaia,SIC24_1.6.2,Ceppo,,AP37.121419,Sophora japonica Regent circ.16/18cm,€784.45,,,,,,,,,,Rimozione ceppaie 0.5-1.5 m³,cad,€228.15,Villa Sperlinga,Libertà,VIII,,,Accordo Quadro - CUP D71G23000050001,501,decidua,0.00,0.00,0.00,0.00,img/albero.png,,"geo:38.1351888780488,13.3463262534608"
AJ031AJ,ALB_0932,Via Rapisardi Mario,41130,635,12/01/2026,Ufficio,047,Sophora japonica,Cercine,38.13514563,13.34621561,8,,,,No Interv,,,,,,,,,,,,,,,,,,,Villa Sperlinga,Libertà,VIII,,,Accordo Quadro - CUP D71G23000050001,515,decidua,0.00,0.00,0.00,0.00,img/albero.png,,"geo:38.1351456290359,13.3462156123482"
AJ032AJ,ALB_0933,Via Rapisardi Mario,41130,635,12/01/2026,Ufficio,048,Sophora japonica,Cercine,38.13512295,13.34615392,9,,,,Verifica,,Branche Cave,,,,,,,,,,,,,,,,,Villa Sperlinga,Libertà,VIII,,,Accordo Quadro - CUP D71G23000050001,390,decidua,0.00,0.00,0.00,0.00,img/albero.png,,"geo:38.1351229496652,13.3461539215459"
AJ033AJ,ALB_0934,Via Rapisardi Mario,41130,635,12/01/2026,Ufficio,049,Sophora japonica,Cercine,38.13507706,13.34601512,8,,,,Verifica,,Branche Cave,,,,,,,,,,,,,,,,,Villa Sperlinga,Libertà,VIII,,,Accordo Quadro - CUP D71G23000050001,390,decidua,0.00,0.00,0.00,0.00,img/albero.png,,"geo:38.1350770634728,13.3460151172197"
AJ034AJ,ALB_0935,Via Rapisardi Mario,41130,635,12/01/2026,Ufficio,050,Sophora japonica,Cercine,38.13504542,13.3459199,8,,,,Verifica,,Branche Cave,,,,,,,,,,,,,,,,,Villa Sperlinga,Libertà,VIII,,,Accordo Quadro - CUP D71G23000050001,319,decidua,0.00,0.00,0.00,0.00,img/albero.png,,"geo:38.1350454178078,13.3459198988007"
AJ035AJ,ALB_0936,Via Rapisardi Mario,41130,635,12/01/2026,Ufficio,051,Sophora japonica,Cercine,38.13499689,13.34585754,8,,,,Verifica,,Branche Cave,,,,,,,,,,,,,,,,,Villa Sperlinga,Libertà,VIII,,,Accordo Quadro - CUP D71G23000050001,311,decidua,0.00,0.00,0.00,0.00,img/albero.png,,"geo:38.1349968944279,13.3458575374463"
AJ036AJ,ALB_0937,Via Rapisardi Mario,41130,635,12/01/2026,Ufficio,052,Sophora japonica,Cercine,38.13414647,13.34370361,8,,,,Verifica,,Branche Cave,,,,,,,,,,,,,,,,,Villa Sperlinga,Libertà,VIII,,,Accordo Quadro - CUP D71G23000050001,307,decidua,0.00,0.00,0.00,0.00,img/albero.png,,"geo:38.1341464703502,13.3437036130811"
AJ037AJ,ALB_0938,Via Rapisardi Mario,41130,635,12/01/2026,Ufficio,053,Sophora japonica,Cercine,38.13411141,13.34361637,7,,,,Verifica,,Giovane,,,,,,,,,,,,,,,,,Villa Sperlinga,Libertà,VIII,,,Accordo Quadro - CUP D71G23000050001,330,decidua,0.00,0.00,0.00,0.00,img/albero.png,,"geo:38.1341114128147,13.343616369112"
AJ038AJ,ALB_0939,Via Rapisardi Mario,41130,635,12/01/2026,Ufficio,054,Sophora japonica,Cercine,38.13407039,13.34351964,8,,,,Verifica,,"Funghi, Branche Cave",,,,,,,,,,,,,,,,,Villa Sperlinga,Libertà,VIII,,,Accordo Quadro - CUP D71G23000050001,305,decidua,0.00,0.00,0.00,0.00,img/albero.png,,"geo:38.1340703880178,13.3435196421027"
AJ039AJ,ALB_0940,Via Rapisardi Mario,41130,635,12/01/2026,Ufficio,055,Sophora japonica,Cercine,38.13395999,13.34324084,7,,,,No Interv,,,,,,,,,,,,,,,,,,,Villa Sperlinga,Libertà,VIII,,,Accordo Quadro - CUP D71G23000050001,301,decidua,0.00,0.00,0.00,0.00,img/albero.png,,"geo:38.1339599938995,13.3432408406777"
AJ040AJ,ALB_0941,Via Rapisardi Mario,41130,635,12/01/2026,Ufficio,056,Sophora japonica,Cercine,38.13393463,13.34316592,8,,,,Non Class,APL.017S,"MarciumeRadricale, Branche Cave",,SIC24_1.6.2,Rimozione ceppaie 0.5-1.5 m³,€228.15,,AP37.121419,Sophora japonica Regent circ.16/18cm,€784.45,,,,,,Abbattimento chioma espansa h.6-12m,cad,€256.86,Villa Sperlinga,Libertà,VIII,,,Accordo Quadro - CUP D71G23000050001,284,decidua,0.00,0.00,0.00,0.00,img/albero.png,,"geo:38.1339346330661,13.3431659246607"
AJ041AJ,ALB_0942,Via Rapisardi Mario,41130,635,12/01/2026,Ufficio,057,Sophora japonica,Cercine,38.1338869,13.34306066,8,,,,Verifica,,Branche Cave,,,,,,,,,,,,,,,,,Villa Sperlinga,Libertà,VIII,,,Accordo Quadro - CUP D71G23000050001,275 A,decidua,0.00,0.00,0.00,0.00,img/albero.png,,"geo:38.1338868950028,13.3430606629153"
AJ042AJ,ALB_0943,Via Rapisardi Mario,41130,635,12/01/2026,Ufficio,058,Sophora japonica,Cercine,38.1338675,13.34296583,8,,,,Non Class,APL.017S,Grosse Branche Cave,,SIC24_1.6.2,Rimozione ceppaie 0.5-1.5 m³,€228.15,,AP37.121419,Sophora japonica Regent circ.16/18cm,€784.45,,,,,,Abbattimento chioma espansa h.6-12m,cad,€256.86,Villa Sperlinga,Libertà,VIII,,,Accordo Quadro - CUP D71G23000050001,275 A,decidua,0.00,0.00,0.00,0.00,img/albero.png,,"geo:38.1338675014056,13.342965832514"
AJ043AJ,ALB_0944,Via Rapisardi Mario,41130,635,12/01/2026,Ufficio,059,Sophora japonica,Cercine,38.13377874,13.34274393,8,,,,Non Class,APL.017S,Grosse Branche Cave,,SIC24_1.6.2,Rimozione ceppaie 0.5-1.5 m³,€228.15,,AP37.121419,Sophora japonica Regent circ.16/18cm,€784.45,,,,,,Abbattimento chioma espansa h.6-12m,cad,€256.86,Villa Sperlinga,Libertà,VIII,,,Accordo Quadro - CUP D71G23000050001,256,decidua,0.00,0.00,0.00,0.00,img/albero.png,,"geo:38.1337787383351,13.3427439293415"
AJ044AJ,ALB_0945,Via Rapisardi Mario,41130,635,12/01/2026,Ufficio,060,Sophora japonica,Cercine,38.13373995,13.34267281,0,,,,Ceppaia,SIC24_1.6.2,Ceppo,,AP37.121419,Sophora japonica Regent circ.16/18cm,€784.45,,,,,,,,,,Rimozione ceppaie 0.5-1.5 m³,cad,€228.15,Villa Sperlinga,Libertà,VIII,,,Accordo Quadro - CUP D71G23000050001,296,decidua,0.00,0.00,0.00,0.00,img/albero.png,,"geo:38.1337399510782,13.3426728065405"
AJ045AJ,ALB_0946,Via Giusti Giuseppe,21540,563,17/11/2025,Greehill,001,Citrus limon,Cercine,38.13608201,13.34122378,1,,,,No Interv,,,,,,,,,,,,,,,,,,,Villa Sperlinga,Libertà,VIII,150.97,398.94,Accordo Quadro - CUP D71G23000050001,230,sempreverde,0.00,0.00,0.00,0.00,img/albero.png,,"geo:38.13608201,13.34122378"
AJ046AJ,ALB_0947,Via Giusti Giuseppe,21540,563,17/11/2025,Greehill,002,Sophora japonica,Cercine,38.13612281,13.34127678,7,,,,No Interv,,,,,,,,,,,,,,,,,,,Villa Sperlinga,Libertà,VIII,214.38,566.51,Accordo Quadro - CUP D71G23000050001,230,decidua,0.00,0.00,0.00,0.00,img/albero.png,,"geo:38.13612281,13.34127678"
AJ047AJ,ALB_0948,Via Giusti Giuseppe,21540,563,17/11/2025,Greehill,003,Sophora japonica,Cercine,38.13614233,13.34134106,8,,,,Non Class,APL.017S,Cavità Basali,,SIC24_1.6.2,Rimozione ceppaie 0.5-1.5 m³,€228.15,,AP37.121419,Sophora japonica Regent circ.16/18cm,€784.45,,,,,,Abbattimento chioma espansa h.6-12m,cad,€256.86,Villa Sperlinga,Libertà,VIII,137.36,362.99,Accordo Quadro - CUP D71G23000050001,200,decidua,0.00,0.00,0.00,0.00,img/albero.png,,"geo:38.13614233,13.34134106"
AJ048AJ,ALB_0949,Via Giusti Giuseppe,21540,563,17/11/2025,Greehill,004,Sophora japonica,Cercine,38.13616894,13.34141436,9,,,,No Interv,,,,,,,,,,,,,,,,,,,Villa Sperlinga,Libertà,VIII,76.01,200.84,Accordo Quadro - CUP D71G23000050001,200,decidua,0.00,0.00,0.00,0.00,img/albero.png,,"geo:38.13616894,13.34141436"
AJ049AJ,ALB_0950,Via Giusti Giuseppe,21540,563,17/11/2025,Greehill,005,Sophora japonica,Cercine,38.13619644,13.34148992,8,,,,No Interv,,,,,,,,,,,,,,,,,,,Villa Sperlinga,Libertà,VIII,274.22,724.64,Accordo Quadro - CUP D71G23000050001,200,decidua,0.00,0.00,0.00,0.00,img/albero.png,,"geo:38.13619644,13.34148992"
AJ050AJ,ALB_0951,Via Giusti Giuseppe,21540,563,17/11/2025,Greehill,006,Sophora japonica,Cercine,38.13621861,13.34153503,7,,,,No Interv,,,,,,,,,,,,,,,,,,,Villa Sperlinga,Libertà,VIII,-,-,Accordo Quadro - CUP D71G23000050001,200,decidua,0.00,0.00,0.00,0.00,img/albero.png,,"geo:38.13621861,13.34153503"
AJ051AJ,ALB_0952,Via Giusti Giuseppe,21540,563,17/11/2025,Greehill,007,Sophora japonica,Cercine,38.13627893,13.3416681,9,,,,No Interv,,,,,,,,,,,,,,,,,,,Villa Sperlinga,Libertà,VIII,216.81,572.94,Accordo Quadro - CUP D71G23000050001,183,decidua,0.00,0.00,0.00,0.00,img/albero.png,,"geo:38.13627893,13.3416681"
AJ052AJ,ALB_0953,Via Giusti Giuseppe,21540,563,17/11/2025,Greehill,008,Sophora japonica,Cercine,38.13629401,13.34173689,0,,,,Ceppaia,SIC24_1.6.2,Ceppo,,AP37.121419,Sophora japonica Regent circ.16/18cm,€784.45,,,,,,,,,,Rimozione ceppaie 0.5-1.5 m³,cad,€228.15,Villa Sperlinga,Libertà,VIII,271.02,716.18,Accordo Quadro - CUP D71G23000050001,165,decidua,0.00,0.00,0.00,0.00,img/albero.png,,"geo:38.13629401,13.34173689"
AJ053AJ,ALB_0954,Via Giusti Giuseppe,21540,563,17/11/2025,Greehill,009,Sophora japonica,Cercine,38.13632505,13.34180343,0,,,,Ceppaia,SIC24_1.6.2,Ceppo,,AP37.121419,Sophora japonica Regent circ.16/18cm,€784.45,,,,,,,,,,Rimozione ceppaie 0.5-1.5 m³,cad,€228.15,Villa Sperlinga,Libertà,VIII,88.89,234.88,Accordo Quadro - CUP D71G23000050001,165,decidua,0.00,0.00,0.00,0.00,img/albero.png,,"geo:38.13632505,13.34180343"
AJ054AJ,ALB_0955,Via Giusti Giuseppe,21540,563,17/11/2025,Greehill,010,Sophora japonica,Cercine,38.13635078,13.34186658,8,,,,Non Class,APL.017S,Cavità Basali,,SIC24_1.6.2,Rimozione ceppaie 0.5-1.5 m³,€228.15,,AP37.121419,Sophora japonica Regent circ.16/18cm,€784.45,,,,,,Abbattimento chioma espansa h.6-12m,cad,€256.86,Villa Sperlinga,Libertà,VIII,187.1,494.41,Accordo Quadro - CUP D71G23000050001,149,decidua,0.00,0.00,0.00,0.00,img/albero.png,,"geo:38.13635078,13.34186658"
AJ055AJ,ALB_0956,Via Giusti Giuseppe,21540,563,17/11/2025,Greehill,011,Sophora japonica,Cercine,38.13638803,13.3419444,7,,,,No Interv,,,,,,,,,,,,,,,,,,,Villa Sperlinga,Libertà,VIII,415.01,1096.69,Accordo Quadro - CUP D71G23000050001,149,decidua,0.00,0.00,0.00,0.00,img/albero.png,,"geo:38.13638803,13.3419444"
AJ056AJ,ALB_0957,Via Giusti Giuseppe,21540,563,17/11/2025,Greehill,012,Sophora japonica,Cercine,38.13638537,13.34194214,7,,,,Non Class,APL.017S,Grossa fendit Cortic,,SIC24_1.6.2,Rimozione ceppaie 0.5-1.5 m³,€228.15,,AP37.121419,Sophora japonica Regent circ.16/18cm,€784.45,,,,,,Abbattimento chioma espansa h.6-12m,cad,€256.86,Villa Sperlinga,Libertà,VIII,180.08,475.86,Accordo Quadro - CUP D71G23000050001,118,decidua,0.00,0.00,0.00,0.00,img/albero.png,,"geo:38.13638537,13.34194214"
AJ057AJ,ALB_0958,Via Giusti Giuseppe,21540,563,17/11/2025,Greehill,013,Sophora japonica,Cercine,38.13644204,13.34208526,7,,,,No Interv,,,,,,,,,,,,,,,,,,,Villa Sperlinga,Libertà,VIII,19.12,50.51,Accordo Quadro - CUP D71G23000050001,116,decidua,0.00,0.00,0.00,0.00,img/albero.png,,"geo:38.13644204,13.34208526"
AJ058AJ,ALB_0959,Via Giusti Giuseppe,21540,563,17/11/2025,Greehill,014,Sophora japonica,Cercine,38.13646419,13.34213354,7,,,,No Interv,,,,,,,,,,,,,,,,,,,Villa Sperlinga,Libertà,VIII,209.03,552.37,Accordo Quadro - CUP D71G23000050001,110,decidua,0.00,0.00,0.00,0.00,img/albero.png,,"geo:38.13646419,13.34213354"
AJ059AJ,ALB_0960,Via Giusti Giuseppe,21540,563,17/11/2025,Greehill,015,Sophora japonica,Cercine,38.13648951,13.34220462,,,,,No Interv,,,,,,,,,,,,,,,,,,,Villa Sperlinga,Libertà,VIII,56.44,149.15,Accordo Quadro - CUP D71G23000050001,88,decidua,0.00,0.00,0.00,0.00,img/albero.png,,"geo:38.13648951,13.34220462"
AJ060AJ,ALB_0961,Via Giusti Giuseppe,21540,563,17/11/2025,Greehill,016,Sophora japonica,Cercine,38.13650744,13.34227167,6,,,,No Interv,,,,,,,,,,,,,,,,,,,Villa Sperlinga,Libertà,VIII,179.05,473.15,Accordo Quadro - CUP D71G23000050001,88,decidua,0.00,0.00,0.00,0.00,img/albero.png,,"geo:38.13650744,13.34227167"
AJ061AJ,ALB_0962,Via Giusti Giuseppe,21540,563,17/11/2025,Greehill,017,Sophora japonica,Cercine,38.13654014,13.34232263,7,,,,Verifica,,Vecchi tagli,,,,,,,,,,,,,,,,,Villa Sperlinga,Libertà,VIII,136.11,359.68,Accordo Quadro - CUP D71G23000050001,40,decidua,0.00,0.00,0.00,0.00,img/albero.png,,"geo:38.13654014,13.34232263"
AJ062AJ,ALB_0963,Via Giusti Giuseppe,21540,563,17/11/2025,Greehill,018,Sophora japonica,Cercine,38.13656335,13.34240176,,,,,No Interv,,,,,,,,,,,,,,,,,,,Villa Sperlinga,Libertà,VIII,66.99,177.02,Accordo Quadro - CUP D71G23000050001,40,decidua,0.00,0.00,0.00,0.00,img/albero.png,,"geo:38.13656335,13.34240176"
AJ063AJ,ALB_0964,Via Giusti Giuseppe,21540,563,17/11/2025,Greehill,019,Sophora japonica,Cercine,38.1366182,13.34251978,7,,,,Non Class,APL.017S,Grossa fendit Cortic,,SIC24_1.6.2,Rimozione ceppaie 0.5-1.5 m³,€228.15,,AP37.121419,Sophora japonica Regent circ.16/18cm,€784.45,,,,,,Abbattimento chioma espansa h.6-12m,cad,€256.86,Villa Sperlinga,Libertà,VIII,214.08,565.7,Accordo Quadro - CUP D71G23000050001,104,decidua,0.00,0.00,0.00,0.00,img/albero.png,,"geo:38.1366182,13.34251978"
AJ064AJ,ALB_0965,Via Giusti Giuseppe,21540,563,17/11/2025,Greehill,020,Sophora japonica,Cercine,38.13663402,13.34257476,,,,,No Interv,,,,,,,,,,,,,,,,,,,Villa Sperlinga,Libertà,VIII,203.98,539.02,Accordo Quadro - CUP D71G23000050001,104,decidua,0.00,0.00,0.00,0.00,img/albero.png,,"geo:38.13663402,13.34257476"
AJ065AJ,ALB_0966,Via Giusti Giuseppe,21540,563,17/11/2025,Greehill,021,Sophora japonica,Cercine,38.13665406,13.34263712,9,,,,No Interv,,,,,,,,,,,,,,,,,,,Villa Sperlinga,Libertà,VIII,153.31,405.13,Accordo Quadro - CUP D71G23000050001,104,decidua,0.00,0.00,0.00,0.00,img/albero.png,,"geo:38.13665406,13.34263712"
AJ066AJ,ALB_0967,Via Giusti Giuseppe,21540,563,17/11/2025,Greehill,022,Sophora japonica,Cercine,38.13668518,13.34271432,7,,,,No Interv,,,,,,,,,,,,,,,,,,,Villa Sperlinga,Libertà,VIII,173.46,458.38,Accordo Quadro - CUP D71G23000050001,106,decidua,0.00,0.00,0.00,0.00,img/albero.png,,"geo:38.13668518,13.34271432"
AJ067AJ,ALB_0968,Via Giusti Giuseppe,21540,563,17/11/2025,Greehill,023,Sophora japonica,Cercine,38.13674531,13.34283703,7,,,,No Interv,,,,,,,,,,,,,,,,,,,Villa Sperlinga,Libertà,VIII,168.98,446.54,Accordo Quadro - CUP D71G23000050001,110,decidua,0.00,0.00,0.00,0.00,img/albero.png,,"geo:38.13674531,13.34283703"
AJ068AJ,ALB_0969,Via Giusti Giuseppe,21540,563,17/11/2025,Greehill,024,Sophora japonica,Cercine,38.13678486,13.34293761,8,,,,Verifica,,Branche Cave,,,,,,,,,,,,,,,,,Villa Sperlinga,Libertà,VIII,183.74,485.53,Accordo Quadro - CUP D71G23000050001,1199,decidua,0.00,0.00,0.00,0.00,img/albero.png,,"geo:38.13678486,13.34293761"
AJ069AJ,ALB_0970,Via Giusti Giuseppe,21540,563,17/11/2025,Greehill,025,Sophora japonica,Cercine,38.13677648,13.34294014,6,,,,Non Class,APL.017S,Rimuovere,,SIC24_1.6.2,Rimozione ceppaie 0.5-1.5 m³,€228.15,,AP37.121419,Sophora japonica Regent circ.16/18cm,€784.45,,,,,,Abbattimento chioma espansa h.6-12m,cad,€256.86,Villa Sperlinga,Libertà,VIII,291.69,770.8,Accordo Quadro - CUP D71G23000050001,1199,decidua,0.00,0.00,0.00,0.00,img/albero.png,,"geo:38.13677648,13.34294014"
AJ070AJ,ALB_0971,Via Giusti Giuseppe,21540,563,17/11/2025,Greehill,026,Sophora japonica,Cercine,38.13681656,13.34302262,8,,,,Verifica,,Branche Cave,,,,,,,,,,,,,,,,,Villa Sperlinga,Libertà,VIII,161.43,426.59,Accordo Quadro - CUP D71G23000050001,1179,decidua,0.00,0.00,0.00,0.00,img/albero.png,,"geo:38.13681656,13.34302262"
AJ071AJ,ALB_0972,Via Giusti Giuseppe,21540,563,17/11/2025,Greehill,027,Sophora japonica,Cercine,38.1368366,13.34308297,10,,,,No Interv,,,,,,,,,,,,,,,,,,,Villa Sperlinga,Libertà,VIII,41.01,108.35,Accordo Quadro - CUP D71G23000050001,1171,decidua,0.00,0.00,0.00,0.00,img/albero.png,,"geo:38.1368366,13.34308297"
AJ072AJ,ALB_0973,Via Giusti Giuseppe,21540,563,17/11/2025,Greehill,028,Sophora japonica,Cercine,38.13687039,13.34314579,10,,,,No Interv,,,,,,,,,,,,,,,,,,,Villa Sperlinga,Libertà,VIII,97.66,258.07,Accordo Quadro - CUP D71G23000050001,1171,decidua,0.00,0.00,0.00,0.00,img/albero.png,,"geo:38.13687039,13.34314579"
AJ073AJ,ALB_0974,Via Giusti Giuseppe,21540,563,17/11/2025,Greehill,029,Sophora japonica,Cercine,38.13697775,13.34340896,5,,,,No Interv,,,,,,,,,,,,,,,,,,,Villa Sperlinga,Libertà,VIII,305.9,808.35,Accordo Quadro - CUP D71G23000050001,1169 A,decidua,0.00,0.00,0.00,0.00,img/albero.png,,"geo:38.13697775,13.34340896"
AJ074AJ,ALB_0975,Via Giusti Giuseppe,21540,563,17/11/2025,Greehill,030,Sophora japonica,Cercine,38.13699807,13.34347906,6,,,,No Interv,,,,,,,,,,,,,,,,,,,Villa Sperlinga,Libertà,VIII,118.35,312.74,Accordo Quadro - CUP D71G23000050001,1180,decidua,0.00,0.00,0.00,0.00,img/albero.png,,"geo:38.13699807,13.34347906"
AJ075AJ,ALB_0976,Via Giusti Giuseppe,21540,563,17/11/2025,Greehill,031,Sophora japonica,Cercine,38.13703289,13.34357499,5,,,,No Interv,,,,,,,,,,,,,,,,,,,Villa Sperlinga,Libertà,VIII,204.11,539.37,Accordo Quadro - CUP D71G23000050001,1169 A,decidua,0.00,0.00,0.00,0.00,img/albero.png,,"geo:38.13703289,13.34357499"
AJ076AJ,ALB_0977,Via Giusti Giuseppe,21540,563,17/11/2025,Greehill,032,Sophora japonica,Cercine,38.13706384,13.34361557,5,,,,Non Class,APL.017S,Grossa fendit Cortic,,SIC24_1.6.2,Rimozione ceppaie 0.5-1.5 m³,€228.15,,AP37.121419,Sophora japonica Regent circ.16/18cm,€784.45,,,,,,Abbattimento chioma espansa h.6-12m,cad,€256.86,Villa Sperlinga,Libertà,VIII,102,269.55,Accordo Quadro - CUP D71G23000050001,1167,decidua,0.00,0.00,0.00,0.00,img/albero.png,,"geo:38.13706384,13.34361557"
AJ077AJ,ALB_0978,Via Giusti Giuseppe,21540,563,17/11/2025,Greehill,033,Sophora japonica,Cercine,38.13709286,13.3436869,5,,,,No Interv,,,,,,,,,,,,,,,,,,,Villa Sperlinga,Libertà,VIII,178.45,471.55,Accordo Quadro - CUP D71G23000050001,1051,decidua,0.00,0.00,0.00,0.00,img/albero.png,,"geo:38.13709286,13.3436869"
AJ078AJ,ALB_0979,Via Giusti Giuseppe,21540,563,17/11/2025,Greehill,034,Sophora japonica,Cercine,38.13712381,13.34375823,5,,,,No Interv,,,,,,,,,,,,,,,,,,,Villa Sperlinga,Libertà,VIII,9.02,23.82,Accordo Quadro - CUP D71G23000050001,1045,decidua,0.00,0.00,0.00,0.00,img/albero.png,,"geo:38.13712381,13.34375823"
AJ079AJ,ALB_0980,Via Giusti Giuseppe,21540,563,17/11/2025,Greehill,035,Sophora japonica,Cercine,38.13714627,13.34383306,4,,,,No Interv,,,,,,,,,,,,,,,,,,,Villa Sperlinga,Libertà,VIII,25.56,67.55,Accordo Quadro - CUP D71G23000050001,1035,decidua,0.00,0.00,0.00,0.00,img/albero.png,,"geo:38.13714627,13.34383306"
AJ080AJ,ALB_0981,Via Giusti Giuseppe,21540,563,17/11/2025,Greehill,036,Sophora japonica,Cercine,38.13717581,13.34391889,6,,,,Verifica,,Branche Cave,,,,,,,,,,,,,,,,,Villa Sperlinga,Libertà,VIII,111.51,294.65,Accordo Quadro - CUP D71G23000050001,1023,decidua,0.00,0.00,0.00,0.00,img/albero.png,,"geo:38.13717581,13.34391889"
AJ081AJ,ALB_0982,Via Giusti Giuseppe,21540,563,17/11/2025,Greehill,037,Sophora japonica,Cercine,38.13726451,13.34414551,4,,,,No Interv,,,,,,,,,,,,,,,,,,,Villa Sperlinga,Libertà,VIII,77.08,203.68,Accordo Quadro - CUP D71G23000050001,1011,decidua,0.00,0.00,0.00,0.00,img/albero.png,,"geo:38.13726451,13.34414551"
AJ082AJ,ALB_0983,Via Giusti Giuseppe,21540,563,17/11/2025,Greehill,038,Sophora japonica,Cercine,38.13729672,13.34421466,5,,,,No Interv,,,,,,,,,,,,,,,,,,,Villa Sperlinga,Libertà,VIII,130.1,343.8,Accordo Quadro - CUP D71G23000050001,1009,decidua,0.00,0.00,0.00,0.00,img/albero.png,,"geo:38.13729672,13.34421466"
AJ083AJ,ALB_0984,Via Giusti Giuseppe,21540,563,17/11/2025,Greehill,039,Sophora japonica,Cercine,38.13732734,13.34426501,5,,,,No Interv,,,,,,,,,,,,,,,,,,,Villa Sperlinga,Libertà,VIII,11.32,29.91,Accordo Quadro - CUP D71G23000050001,1009,decidua,0.00,0.00,0.00,0.00,img/albero.png,,"geo:38.13732734,13.34426501"
AJ084AJ,ALB_0985,Via Giusti Giuseppe,21540,563,17/11/2025,Greehill,040,Sophora japonica,Cercine,38.13733896,13.34432341,5,,,,No Interv,,,,,,,,,,,,,,,,,,,Villa Sperlinga,Libertà,VIII,220.8,583.47,Accordo Quadro - CUP D71G23000050001,64 C,decidua,0.00,0.00,0.00,0.00,img/albero.png,,"geo:38.13733896,13.34432341"
AJ085AJ,ALB_0986,Via Giusti Giuseppe,21540,563,17/11/2025,Greehill,041,Sophora japonica,Cercine,38.13735585,13.3443798,6,,,,No Interv,,,,,,,,,,,,,,,,,,,Villa Sperlinga,Libertà,VIII,59.83,158.1,Accordo Quadro - CUP D71G23000050001,64 C,decidua,0.00,0.00,0.00,0.00,img/albero.png,,"geo:38.13735585,13.3443798"
AJ086AJ,ALB_0987,Via Giusti Giuseppe,21540,563,17/11/2025,Greehill,042,Sophora japonica,Cercine,38.13745428,13.3446109,7,,,,Verifica,,Branche Cave,,,,,,,,,,,,,,,,,Villa Sperlinga,Libertà,VIII,134.2,354.63,Accordo Quadro - CUP D71G23000050001,1012,decidua,0.00,0.00,0.00,0.00,img/albero.png,,"geo:38.13745428,13.3446109"
AJ087AJ,ALB_0988,Via Giusti Giuseppe,21540,563,17/11/2025,Greehill,043,Sophora japonica,Cercine,38.13748276,13.34467058,8,,,,No Interv,,,,,,,,,,,,,,,,,,,Villa Sperlinga,Libertà,VIII,27.35,72.27,Accordo Quadro - CUP D71G23000050001,1012,decidua,0.00,0.00,0.00,0.00,img/albero.png,,"geo:38.13748276,13.34467058"
AJ088AJ,ALB_0989,Via Giusti Giuseppe,21540,563,17/11/2025,Greehill,044,Sophora japonica,Cercine,38.13750913,13.34474702,7,,,,No Interv,,,,,,,,,,,,,,,,,,,Villa Sperlinga,Libertà,VIII,15.2,40.15,Accordo Quadro - CUP D71G23000050001,1012,decidua,0.00,0.00,0.00,0.00,img/albero.png,,"geo:38.13750913,13.34474702"
AJ089AJ,ALB_0990,Via Giusti Giuseppe,21540,563,17/11/2025,Greehill,045,Sophora japonica,Cercine,38.13753128,13.34479664,6,,,,No Interv,,,,,,,,,,,,,,,,,,,Villa Sperlinga,Libertà,VIII,53.12,140.36,Accordo Quadro - CUP D71G23000050001,879,decidua,0.00,0.00,0.00,0.00,img/albero.png,,"geo:38.13753128,13.34479664"
AJ090AJ,ALB_0991,Via Giusti Giuseppe,21540,563,17/11/2025,Greehill,046,Sophora japonica,Cercine,38.13755818,13.34486973,9,,,,No Interv,,,,,,,,,,,,,,,,,,,Villa Sperlinga,Libertà,VIII,126.45,334.16,Accordo Quadro - CUP D71G23000050001,1,decidua,0.00,0.00,0.00,0.00,img/albero.png,,"geo:38.13755818,13.34486973"
AJ091AJ,ALB_0992,Via Giusti Giuseppe,21540,563,17/11/2025,Greehill,047,Sophora japonica,Cercine,38.13758033,13.34492204,6,,,,No Interv,,,,,,,,,,,,,,,,,,,Villa Sperlinga,Libertà,VIII,42.18,111.46,Accordo Quadro - CUP D71G23000050001,1,decidua,0.00,0.00,0.00,0.00,img/albero.png,,"geo:38.13758033,13.34492204"
AJ092AJ,ALB_0993,Via Giusti Giuseppe,21540,563,17/11/2025,Greehill,048,Sophora japonica,Cercine,38.13760248,13.34498909,9,,,,No Interv,,,,,,,,,,,,,,,,,,,Villa Sperlinga,Libertà,VIII,67.36,178.01,Accordo Quadro - CUP D71G23000050001,3,decidua,0.00,0.00,0.00,0.00,img/albero.png,,"geo:38.13760248,13.34498909"
AJ093AJ,ALB_0994,Via Giusti Giuseppe,21540,563,17/11/2025,Greehill,049,Sophora japonica,Cercine,38.1376278,13.3450414,10,,,,Verifica,,Branche Cave,,,,,,,,,,,,,,,,,Villa Sperlinga,Libertà,VIII,119.34,315.36,Accordo Quadro - CUP D71G23000050001,9,decidua,0.00,0.00,0.00,0.00,img/albero.png,,"geo:38.1376278,13.3450414"
AJ094AJ,ALB_0995,Via Giusti Giuseppe,21540,563,17/11/2025,Greehill,050,Sophora japonica,Cercine,38.13765944,13.34510845,10,,,,Verifica,,Branche Cave,,,,,,,,,,,,,,,,,Villa Sperlinga,Libertà,VIII,77.96,206,Accordo Quadro - CUP D71G23000050001,9,decidua,0.00,0.00,0.00,0.00,img/albero.png,,"geo:38.13765944,13.34510845"
AJ095AJ,ALB_0996,Via Giusti Giuseppe,21540,563,17/11/2025,Greehill,051,Cercis siliquastrum,Cercine,38.13774151,13.34531498,3,,,,No Interv,,,,,,,,,,,,,,,,,,,Villa Sperlinga,Libertà,VIII,79.54,210.18,Accordo Quadro - CUP D71G23000050001,17 A,decidua,0.00,0.00,0.00,0.00,img/albero.png,,"geo:38.13774151,13.34531498"
AJ096AJ,ALB_0997,Via Giusti Giuseppe,21540,563,17/11/2025,Greehill,052,Sophora japonica,Cercine,38.1377666,13.34536601,8,,,,No Interv,,,,,,,,,,,,,,,,,,,Villa Sperlinga,Libertà,VIII,122.45,323.58,Accordo Quadro - CUP D71G23000050001,1,decidua,0.00,0.00,0.00,0.00,img/albero.png,,"geo:38.1377666,13.34536601"
AJ097AJ,ALB_0998,Via Giusti Giuseppe,21540,563,17/11/2025,Greehill,053,Sophora japonica,Cercine,38.13779921,13.34545373,9,,,,No Interv,,,,,,,,,,,,,,,,,,,Villa Sperlinga,Libertà,VIII,46.82,123.71,Accordo Quadro - CUP D71G23000050001,21,decidua,0.00,0.00,0.00,0.00,img/albero.png,,"geo:38.13779921,13.34545373"
AJ098AJ,ALB_0999,Via Giusti Giuseppe,21540,563,17/11/2025,Greehill,054,Sophora japonica,Cercine,38.13785064,13.3455877,9,,,,No Interv,,,,,,,,,,,,,,,,,,,Villa Sperlinga,Libertà,VIII,230.83,609.97,Accordo Quadro - CUP D71G23000050001,25,decidua,0.00,0.00,0.00,0.00,img/albero.png,,"geo:38.13785064,13.3455877"
AJ099AJ,ALB_1000,Via Giusti Giuseppe,21540,563,17/11/2025,Greehill,055,Sophora japonica,Cercine,38.13784813,13.3455877,8,,,,No Interv,,,,,,,,,,,,,,,,,,,Villa Sperlinga,Libertà,VIII,157.86,417.15,Accordo Quadro - CUP D71G23000050001,27,decidua,0.00,0.00,0.00,0.00,img/albero.png,,"geo:38.13784813,13.3455877"
AK000AK,ALB_1001,Via Giusti Giuseppe,21540,563,17/11/2025,Greehill,056,Sophora japonica,Cercine,38.13787615,13.34566374,0,,,,Ceppaia,SIC24_1.6.2,Ceppo,,AP37.121419,Sophora japonica Regent circ.16/18cm,€784.45,,,,,,,,,,Rimozione ceppaie 0.5-1.5 m³,cad,€228.15,Villa Sperlinga,Libertà,VIII,255.95,676.35,Accordo Quadro - CUP D71G23000050001,31,decidua,0.00,0.00,0.00,0.00,img/albero.png,,"geo:38.13787615,13.34566374"
AK001AK,ALB_1002,Via Giusti Giuseppe,21540,563,17/11/2025,Greehill,057,Sophora japonica,Cercine,38.13790094,13.34572008,6,,,,No Interv,,,,,,,,,,,,,,,,,,,Villa Sperlinga,Libertà,VIII,255.93,676.3,Accordo Quadro - CUP D71G23000050001,37,decidua,0.00,0.00,0.00,0.00,img/albero.png,,"geo:38.13790094,13.34572008"
AK002AK,ALB_1003,Via Giusti Giuseppe,21540,563,17/11/2025,Greehill,058,Sophora japonica,Cercine,38.1379347,13.34578044,6,,,,No Interv,,,,,,,,,,,,,,,,,,,Villa Sperlinga,Libertà,VIII,263.72,696.9,Accordo Quadro - CUP D71G23000050001,43,decidua,0.00,0.00,0.00,0.00,img/albero.png,,"geo:38.1379347,13.34578044"
AK003AK,ALB_1004,Via Giusti Giuseppe,21540,563,17/11/2025,Greehill,059,Sophora japonica,Cercine,38.1380055,13.34595699,8,,,,No Interv,,,,,,,,,,,,,,,,,,,Villa Sperlinga,Libertà,VIII,196.52,519.32,Accordo Quadro - CUP D71G23000050001,47,decidua,0.00,0.00,0.00,0.00,img/albero.png,,"geo:38.1380055,13.34595699"
AK004AK,ALB_1005,Via Giusti Giuseppe,21540,563,17/11/2025,Greehill,060,Sophora japonica,Cercine,38.13802146,13.34602578,9,,,,No Interv,,,,,,,,,,,,,,,,,,,Villa Sperlinga,Libertà,VIII,406.57,1074.39,Accordo Quadro - CUP D71G23000050001,49,decidua,0.00,0.00,0.00,0.00,img/albero.png,,"geo:38.13802146,13.34602578"
AK005AK,ALB_1006,Via Giusti Giuseppe,21540,563,17/11/2025,Greehill,061,Sophora japonica,Cercine,38.13804275,13.34606525,8,,,,No Interv,,,,,,,,,,,,,,,,,,,Villa Sperlinga,Libertà,VIII,91.6,242.05,Accordo Quadro - CUP D71G23000050001,61 A,decidua,0.00,0.00,0.00,0.00,img/albero.png,,"geo:38.13804275,13.34606525"
AK006AK,ALB_1007,Via Giusti Giuseppe,21540,563,17/11/2025,Greehill,062,Sophora japonica,Cercine,38.13808444,13.34617464,9,,,,No Interv,,,,,,,,,,,,,,,,,,,Villa Sperlinga,Libertà,VIII,100.52,265.62,Accordo Quadro - CUP D71G23000050001,69,decidua,0.00,0.00,0.00,0.00,img/albero.png,,"geo:38.13808444,13.34617464"
AK007AK,ALB_1008,Via Giusti Giuseppe,21540,563,17/11/2025,Greehill,063,Sophora japonica,Cercine,38.13810928,13.34624118,6,,,,No Interv,,,,,,,,,,,,,,,,,,,Villa Sperlinga,Libertà,VIII,155.14,409.95,Accordo Quadro - CUP D71G23000050001,73,decidua,0.00,0.00,0.00,0.00,img/albero.png,,"geo:38.13810928,13.34624118"
AK008AK,ALB_1009,Via Giusti Giuseppe,21540,563,17/11/2025,Greehill,064,Sophora japonica,Cercine,38.13813382,13.34629796,7,,,,Verifica,,Branche Cave,,,,,,,,,,,,,,,,,Villa Sperlinga,Libertà,VIII,61.82,163.37,Accordo Quadro - CUP D71G23000050001,73,decidua,0.00,0.00,0.00,0.00,img/albero.png,,"geo:38.13813382,13.34629796"
AK009AK,ALB_1010,Via Giusti Giuseppe,21540,563,17/11/2025,Greehill,065,Sophora japonica,Cercine,38.13813593,13.34629192,6,,,,No Interv,,,,,,,,,,,,,,,,,,,Villa Sperlinga,Libertà,VIII,24.8,65.52,Accordo Quadro - CUP D71G23000050001,75,decidua,0.00,0.00,0.00,0.00,img/albero.png,,"geo:38.13813593,13.34629192"
AK010AK,ALB_1011,Via Giusti Giuseppe,21540,563,17/11/2025,Greehill,066,Sophora japonica,Cercine,38.13818446,13.34639787,6,,,,No Interv,,,,,,,,,,,,,,,,,,,Villa Sperlinga,Libertà,VIII,-,-,Accordo Quadro - CUP D71G23000050001,79,decidua,0.00,0.00,0.00,0.00,img/albero.png,,"geo:38.13818446,13.34639787"
AK011AK,ALB_1012,Via Giusti Giuseppe,21540,563,17/11/2025,Greehill,067,Sophora japonica,Cercine,38.13826673,13.34660977,6,,,,No Interv,,,,,,,,,,,,,,,,,,,Villa Sperlinga,Libertà,VIII,7.92,20.91,Accordo Quadro - CUP D71G23000050001,81,decidua,0.00,0.00,0.00,0.00,img/albero.png,,"geo:38.13826673,13.34660977"
AK012AK,ALB_1013,Via Giusti Giuseppe,21540,563,17/11/2025,Greehill,068,Sophora japonica,Cercine,38.13829363,13.34667146,6,,,,No Interv,,,,,,,,,,,,,,,,,,,Villa Sperlinga,Libertà,VIII,21.57,56.99,Accordo Quadro - CUP D71G23000050001,85,decidua,0.00,0.00,0.00,0.00,img/albero.png,,"geo:38.13829363,13.34667146"
AK013AK,ALB_1014,Via Giusti Giuseppe,21540,563,17/11/2025,Greehill,069,Sophora japonica,Cercine,38.13819,13.34671,5,,,,No Interv,,,,,,,,,,,,,,,,,,,Villa Sperlinga,Libertà,VIII,84.42,223.07,Accordo Quadro - CUP D71G23000050001,1,decidua,0.00,0.00,0.00,0.00,img/albero.png,,"geo:38.13819,13.34671"
AK014AK,ALB_1015,Via Giusti Giuseppe,21540,563,17/11/2025,Greehill,070,Sophora japonica,Cercine,38.13817,13.34666,4,,,,No Interv,,,,,,,,,,,,,,,,,,,Villa Sperlinga,Libertà,VIII,71.57,189.12,Accordo Quadro - CUP D71G23000050001,64,decidua,0.00,0.00,0.00,0.00,img/albero.png,,"geo:38.13817,13.34666"
AK015AK,ALB_1016,Via Giusti Giuseppe,21540,306,17/11/2025,Greehill,071,Sophora japonica,Cercine,38.13814,13.3466,4,,,,No Interv,,,,,,,,,,,,,,,,,,,Villa Sperlinga,Libertà,VIII,280.84,742.13,Accordo Quadro - CUP D71G23000050001,56,decidua,0.00,0.00,0.00,0.00,img/albero.png,,"geo:38.13814,13.3466"
AK016AK,ALB_1017,Via Giusti Giuseppe,21540,563,17/11/2025,Greehill,072,Sophora japonica,Cercine,38.13812,13.34655,4,,,,No Interv,,,,,,,,,,,,,,,,,,,Villa Sperlinga,Libertà,VIII,108.9,287.77,Accordo Quadro - CUP D71G23000050001,51,decidua,0.00,0.00,0.00,0.00,img/albero.png,,"geo:38.13812,13.34655"
AK017AK,ALB_1018,Via Giusti Giuseppe,21540,563,17/11/2025,Greehill,073,Sophora japonica,Cercine,38.13808,13.34644,6,,,,No Interv,,,,,,,,,,,,,,,,,,,Villa Sperlinga,Libertà,VIII,52.15,137.81,Accordo Quadro - CUP D71G23000050001,34,decidua,0.00,0.00,0.00,0.00,img/albero.png,,"geo:38.13808,13.34644"
AK018AK,ALB_1019,Via Giusti Giuseppe,21540,306,17/11/2025,Greehill,074,Sophora japonica,Cercine,38.13804,13.34635,5,,,,No Interv,,,,,,,,,,,,,,,,,,,Villa Sperlinga,Libertà,VIII,65.14,172.14,Accordo Quadro - CUP D71G23000050001,28 A,decidua,0.00,0.00,0.00,0.00,img/albero.png,,"geo:38.13804,13.34635"
AK019AK,ALB_1020,Via Giusti Giuseppe,21540,563,17/11/2025,Greehill,075,Sophora japonica,Cercine,38.13802,13.34629,8,,,,No Interv,,,,,,,,,,,,,,,,,,,Villa Sperlinga,Libertà,VIII,20.27,53.55,Accordo Quadro - CUP D71G23000050001,22,decidua,0.00,0.00,0.00,0.00,img/albero.png,,"geo:38.13802,13.34629"
AK020AK,ALB_1021,Via Giusti Giuseppe,21540,563,17/11/2025,Greehill,076,Sophora japonica,Cercine,38.13797,13.34619,8,,,,No Interv,,,,,,,,,,,,,,,,,,,Villa Sperlinga,Libertà,VIII,125.14,330.68,Accordo Quadro - CUP D71G23000050001,18,decidua,0.00,0.00,0.00,0.00,img/albero.png,,"geo:38.13797,13.34619"
AK021AK,ALB_1022,Via Giusti Giuseppe,21540,563,17/11/2025,Greehill,077,Sophora japonica,Cercine,38.13795,13.34613,6,,,,No Interv,,,,,,,,,,,,,,,,,,,Villa Sperlinga,Libertà,VIII,34.23,90.43,Accordo Quadro - CUP D71G23000050001,10,decidua,0.00,0.00,0.00,0.00,img/albero.png,,"geo:38.13795,13.34613"
AK022AK,ALB_1023,Via Giusti Giuseppe,21540,563,17/11/2025,Greehill,078,Sophora japonica,Cercine,38.13793,13.34607,10,,,,Verifica,,Branche Cave,,,,,,,,,,,,,,,,,Villa Sperlinga,Libertà,VIII,78,206.1,Accordo Quadro - CUP D71G23000050001,10,decidua,0.00,0.00,0.00,0.00,img/albero.png,,"geo:38.13793,13.34607"
AK023AK,ALB_1024,Via Giusti Giuseppe,21540,563,17/11/2025,Greehill,079,Sophora japonica,Cercine,38.1379,13.346,9,,,,Verifica,,Branche Cave,,,,,,,,,,,,,,,,,Villa Sperlinga,Libertà,VIII,15.6,41.21,Accordo Quadro - CUP D71G23000050001,8,decidua,0.00,0.00,0.00,0.00,img/albero.png,,"geo:38.1379,13.346"
AK024AK,ALB_1025,Via Giusti Giuseppe,21540,563,17/11/2025,Greehill,080,Sophora japonica,Cercine,38.13783,13.34582,9,,,,No Interv,,,,,,,,,,,,,,,,,,,Villa Sperlinga,Libertà,VIII,59.66,157.66,Accordo Quadro - CUP D71G23000050001,6,decidua,0.00,0.00,0.00,0.00,img/albero.png,,"geo:38.13783,13.34582"
AK025AK,ALB_1026,Via Giusti Giuseppe,21540,563,17/11/2025,Greehill,081,Sophora japonica,Cercine,38.13781,13.34577,8,,,,No Interv,,,,,,,,,,,,,,,,,,,Villa Sperlinga,Libertà,VIII,88.49,233.84,Accordo Quadro - CUP D71G23000050001,2,decidua,0.00,0.00,0.00,0.00,img/albero.png,,"geo:38.13781,13.34577"
AK026AK,ALB_1027,Via Giusti Giuseppe,21540,563,17/11/2025,Greehill,082,Sophora japonica,Cercine,38.13778,13.34571,7,,,,Verifica,,Branche Cave,,,,,,,,,,,,,,,,,Villa Sperlinga,Libertà,VIII,80.86,213.66,Accordo Quadro - CUP D71G23000050001,2,decidua,0.00,0.00,0.00,0.00,img/albero.png,,"geo:38.13778,13.34571"
AK027AK,ALB_1028,Via Giusti Giuseppe,21540,563,17/11/2025,Greehill,083,Sophora japonica,Cercine,38.13776,13.34566,8,,,,No Interv,,,,,,,,,,,,,,,,,,,Villa Sperlinga,Libertà,VIII,47.48,125.45,Accordo Quadro - CUP D71G23000050001,85 A,decidua,0.00,0.00,0.00,0.00,img/albero.png,,"geo:38.13776,13.34566"
AK028AK,ALB_1029,Via Giusti Giuseppe,21540,563,17/11/2025,Greehill,084,Sophora japonica,Cercine,38.13774,13.3456,8,,,,No Interv,,,,,,,,,,,,,,,,,,,Villa Sperlinga,Libertà,VIII,39.61,104.66,Accordo Quadro - CUP D71G23000050001,85 B,decidua,0.00,0.00,0.00,0.00,img/albero.png,,"geo:38.13774,13.3456"
AK029AK,ALB_1030,Via Giusti Giuseppe,21540,563,17/11/2025,Greehill,085,Sophora japonica,Cercine,38.13772,13.34555,8,,,,No Interv,,,,,,,,,,,,,,,,,,,Villa Sperlinga,Libertà,VIII,22.86,60.41,Accordo Quadro - CUP D71G23000050001,85 B,decidua,0.00,0.00,0.00,0.00,img/albero.png,,"geo:38.13772,13.34555"
AK030AK,ALB_1031,Via Giusti Giuseppe,21540,563,17/11/2025,Greehill,086,Sophora japonica,Cercine,38.13769,13.34548,8,,,,No Interv,,,,,,,,,,,,,,,,,,,Villa Sperlinga,Libertà,VIII,57.48,151.88,Accordo Quadro - CUP D71G23000050001,85 B1,decidua,0.00,0.00,0.00,0.00,img/albero.png,,"geo:38.13769,13.34548"
AK031AK,ALB_1032,Via Giusti Giuseppe,21540,563,17/11/2025,Greehill,087,Sophora japonica,Cercine,38.13767,13.34542,8,,,,No Interv,,,,,,,,,,,,,,,,,,,Villa Sperlinga,Libertà,VIII,9.27,24.5,Accordo Quadro - CUP D71G23000050001,85 B1,decidua,0.00,0.00,0.00,0.00,img/albero.png,,"geo:38.13767,13.34542"
AK032AK,ALB_1033,Via Giusti Giuseppe,21540,563,17/11/2025,Greehill,088,Cercis siliquastrum,Cercine,38.13764,13.34536,2,,,,No Interv,,,,,,,,,,,,,,,,,,,Villa Sperlinga,Libertà,VIII,99.77,263.64,Accordo Quadro - CUP D71G23000050001,85 B1,decidua,0.00,0.00,0.00,0.00,img/albero.png,,"geo:38.13764,13.34536"
AK033AK,ALB_1034,Via Giusti Giuseppe,21540,563,17/11/2025,Greehill,089,Sophora japonica,Cercine,38.13753,13.34509,8,,,,No Interv,,,,,,,,,,,,,,,,,,,Villa Sperlinga,Libertà,VIII,27.9,73.72,Accordo Quadro - CUP D71G23000050001,85 B1,decidua,0.00,0.00,0.00,0.00,img/albero.png,,"geo:38.13753,13.34509"
AK034AK,ALB_1035,Via Giusti Giuseppe,21540,563,17/11/2025,Greehill,090,Sophora japonica,Cercine,38.13751,13.34503,6,,,,No Interv,,,,,,,,,,,,,,,,,,,Villa Sperlinga,Libertà,VIII,11.52,30.42,Accordo Quadro - CUP D71G23000050001,66,decidua,0.00,0.00,0.00,0.00,img/albero.png,,"geo:38.13751,13.34503"
AK035AK,ALB_1036,Via Giusti Giuseppe,21540,563,17/11/2025,Greehill,091,Sophora japonica,Cercine,38.13741,13.34479,10,,,,No Interv,,,,,,,,,,,,,,,,,,,Villa Sperlinga,Libertà,VIII,31.8,84.02,Accordo Quadro - CUP D71G23000050001,66,decidua,0.00,0.00,0.00,0.00,img/albero.png,,"geo:38.13741,13.34479"
AK036AK,ALB_1037,Via Giusti Giuseppe,21540,563,17/11/2025,Greehill,092,Sophora japonica,Cercine,38.13738,13.34471,8,,,,No Interv,,,,,,,,,,,,,,,,,,,Villa Sperlinga,Libertà,VIII,108.2,285.92,Accordo Quadro - CUP D71G23000050001,85 C,decidua,0.00,0.00,0.00,0.00,img/albero.png,,"geo:38.13738,13.34471"
AK037AK,ALB_1038,Via Giusti Giuseppe,21540,563,17/11/2025,Greehill,093,Sophora japonica,Cercine,38.13735302,13.34462733,,,,,No Interv,,,,,,,,,,,,,,,,,,,Villa Sperlinga,Libertà,VIII,107.08,282.95,Accordo Quadro - CUP D71G23000050001,85 C,decidua,0.00,0.00,0.00,0.00,img/albero.png,,"geo:38.13735302,13.34462733"
AK038AK,ALB_1039,Via Giusti Giuseppe,21540,563,17/11/2025,Greehill,094,Sophora japonica,Cercine,38.13727959,13.34445102,6,,,,Verifica,,Branche Cave,,,,,,,,,,,,,,,,,Villa Sperlinga,Libertà,VIII,136.74,361.33,Accordo Quadro - CUP D71G23000050001,68 B,decidua,0.00,0.00,0.00,0.00,img/albero.png,,"geo:38.13727959,13.34445102"
AK039AK,ALB_1040,Via Giusti Giuseppe,21540,563,17/11/2025,Greehill,095,Sophora japonica,Cercine,38.13725427,13.34439,6,,,,Verifica,,Branche Cave,,,,,,,,,,,,,,,,,Villa Sperlinga,Libertà,VIII,150.18,396.87,Accordo Quadro - CUP D71G23000050001,85 C1,decidua,0.00,0.00,0.00,0.00,img/albero.png,,"geo:38.13725427,13.34439"
AK040AK,ALB_1041,Via Giusti Giuseppe,21540,563,17/11/2025,Greehill,096,Sophora japonica,Cercine,38.13722,13.34431,4,,,,No Interv,,,,,,,,,,,,,,,,,,,Villa Sperlinga,Libertà,VIII,295.44,780.71,Accordo Quadro - CUP D71G23000050001,85 C1,decidua,0.00,0.00,0.00,0.00,img/albero.png,,"geo:38.13722,13.34431"
AK041AK,ALB_1042,Via Giusti Giuseppe,21540,563,17/11/2025,Greehill,097,Sophora japonica,Cercine,38.1372,13.34425,5,,,,No Interv,,,,,,,,,,,,,,,,,,,Villa Sperlinga,Libertà,VIII,191.76,506.73,Accordo Quadro - CUP D71G23000050001,85 C1,decidua,0.00,0.00,0.00,0.00,img/albero.png,,"geo:38.1372,13.34425"
AK042AK,ALB_1043,Via Giusti Giuseppe,21540,563,17/11/2025,Greehill,098,Sophora japonica,Cercine,38.13717463,13.34415329,7,,,,Verifica,,Branche Cave,,,,,,,,,,,,,,,,,Villa Sperlinga,Libertà,VIII,154.16,407.36,Accordo Quadro - CUP D71G23000050001,85 C1,decidua,0.00,0.00,0.00,0.00,img/albero.png,,"geo:38.13717463,13.34415329"
AK043AK,ALB_1044,Via Giusti Giuseppe,21540,563,17/11/2025,Greehill,099,Sophora japonica,Cercine,38.13717463,13.34415329,8,,,,Verifica,,Branche Cave,,,,,,,,,,,,,,,,,Villa Sperlinga,Libertà,VIII,238.49,630.22,Accordo Quadro - CUP D71G23000050001,85 C1,decidua,0.00,0.00,0.00,0.00,img/albero.png,,"geo:38.13717463,13.34415329"
AK044AK,ALB_1045,Via Giusti Giuseppe,21540,563,17/11/2025,Greehill,100,Sophora japonica,Cercine,38.13715832,13.34412737,,,,,No Interv,,,,,,,,,,,,,,,,,,,Villa Sperlinga,Libertà,VIII,152.33,402.52,Accordo Quadro - CUP D71G23000050001,85 D1,decidua,0.00,0.00,0.00,0.00,img/albero.png,,"geo:38.13715832,13.34412737"
AK045AK,ALB_1046,Via Giusti Giuseppe,21540,563,17/11/2025,Greehill,101,Sophora japonica,Cercine,38.13704,13.34387,8,,,,Verifica,,Branche Cave,,,,,,,,,,,,,,,,,Villa Sperlinga,Libertà,VIII,205.57,543.22,Accordo Quadro - CUP D71G23000050001,85 H,decidua,0.00,0.00,0.00,0.00,img/albero.png,,"geo:38.13704,13.34387"
AK046AK,ALB_1047,Via Giusti Giuseppe,21540,563,17/11/2025,Greehill,102,Sophora japonica,Cercine,38.13701,13.3438,8,,,,Verifica,,Branche Cave,,,,,,,,,,,,,,,,,Villa Sperlinga,Libertà,VIII,104.42,275.94,Accordo Quadro - CUP D71G23000050001,85 H,decidua,0.00,0.00,0.00,0.00,img/albero.png,,"geo:38.13701,13.3438"
AK047AK,ALB_1048,Via Giusti Giuseppe,21540,563,17/11/2025,Greehill,103,Sophora japonica,Cercine,38.13698,13.34373,8,,,,Verifica,,Branche Cave,,,,,,,,,,,,,,,,,Villa Sperlinga,Libertà,VIII,153.89,406.67,Accordo Quadro - CUP D71G23000050001,85 H,decidua,0.00,0.00,0.00,0.00,img/albero.png,,"geo:38.13698,13.34373"
AK048AK,ALB_1049,Via Giusti Giuseppe,21540,563,17/11/2025,Greehill,104,Sophora japonica,Cercine,38.13696,13.34366,8,,,,Verifica,,Branche Cave,,,,,,,,,,,,,,,,,Villa Sperlinga,Libertà,VIII,195.94,517.79,Accordo Quadro - CUP D71G23000050001,72,decidua,0.00,0.00,0.00,0.00,img/albero.png,,"geo:38.13696,13.34366"
AK049AK,ALB_1050,Via Giusti Giuseppe,21540,563,17/11/2025,Greehill,105,Sophora japonica,Cercine,38.13693,13.3436,6,,,,No Interv,,,,,,,,,,,,,,,,,,,Villa Sperlinga,Libertà,VIII,92.36,244.06,Accordo Quadro - CUP D71G23000050001,72,decidua,0.00,0.00,0.00,0.00,img/albero.png,,"geo:38.13693,13.3436"
AK050AK,ALB_1051,Via Giusti Giuseppe,21540,563,17/11/2025,Greehill,106,Sophora japonica,Cercine,38.1369,13.34352,6,,,,No Interv,,,,,,,,,,,,,,,,,,,Villa Sperlinga,Libertà,VIII,39.12,103.38,Accordo Quadro - CUP D71G23000050001,72,decidua,0.00,0.00,0.00,0.00,img/albero.png,,"geo:38.1369,13.34352"
AK051AK,ALB_1052,Via Giusti Giuseppe,21540,563,17/11/2025,Greehill,107,Sophora japonica,Cercine,38.13687,13.34345,8,,,,Verifica,,Branche Cave,,,,,,,,,,,,,,,,,Villa Sperlinga,Libertà,VIII,62.27,164.55,Accordo Quadro - CUP D71G23000050001,72,decidua,0.00,0.00,0.00,0.00,img/albero.png,,"geo:38.13687,13.34345"
AK052AK,ALB_1053,Via Giusti Giuseppe,21540,563,17/11/2025,Greehill,108,Sophora japonica,Cercine,38.13684,13.34338,7,,,,No Interv,,,,,,,,,,,,,,,,,,,Villa Sperlinga,Libertà,VIII,151.6,400.59,Accordo Quadro - CUP D71G23000050001,72,decidua,0.00,0.00,0.00,0.00,img/albero.png,,"geo:38.13684,13.34338"
AK053AK,ALB_1054,Via Giusti Giuseppe,21540,563,17/11/2025,Greehill,109,Sophora japonica,Cercine,38.13682,13.34332,4,,,,No Interv,,,,,,,,,,,,,,,,,,,Villa Sperlinga,Libertà,VIII,42.98,113.57,Accordo Quadro - CUP D71G23000050001,72,decidua,0.00,0.00,0.00,0.00,img/albero.png,,"geo:38.13682,13.34332"
AK054AK,ALB_1055,Via Giusti Giuseppe,21540,563,17/11/2025,Greehill,110,Sophora japonica,Cercine,38.13679,13.34325,9,,,,No Interv,,,,,,,,,,,,,,,,,,,Villa Sperlinga,Libertà,VIII,132.83,351.01,Accordo Quadro - CUP D71G23000050001,72,decidua,0.00,0.00,0.00,0.00,img/albero.png,,"geo:38.13679,13.34325"
AK055AK,ALB_1056,Via Giusti Giuseppe,21540,563,17/11/2025,Greehill,111,Sophora japonica,Cercine,38.13668,13.34298,8,,,,Non Class,APL.017S,Cavità Basali e Branc,,SIC24_1.6.2,Rimozione ceppaie 0.5-1.5 m³,€228.15,,AP37.121419,Sophora japonica Regent circ.16/18cm,€784.45,,,,,,Abbattimento chioma espansa h.6-12m,cad,€256.86,Villa Sperlinga,Libertà,VIII,81.68,215.83,Accordo Quadro - CUP D71G23000050001,1,decidua,0.00,0.00,0.00,0.00,img/albero.png,,"geo:38.13668,13.34298"
AK056AK,ALB_1057,Via Giusti Giuseppe,21540,563,17/11/2025,Greehill,112,Sophora japonica,Cercine,38.13666921,13.34287759,,,,,No Interv,,,,,,,,,,,,,,,,,,,Villa Sperlinga,Libertà,VIII,229.52,606.51,Accordo Quadro - CUP D71G23000050001,1,decidua,0.00,0.00,0.00,0.00,img/albero.png,,"geo:38.13666921,13.34287759"
AK057AK,ALB_1058,Via Giusti Giuseppe,21540,563,17/11/2025,Greehill,113,Sophora japonica,Cercine,38.13664,13.34287,8,,,,Verifica,,Branche Cave,,,,,,,,,,,,,,,,,Villa Sperlinga,Libertà,VIII,173.03,457.23,Accordo Quadro - CUP D71G23000050001,1,decidua,0.00,0.00,0.00,0.00,img/albero.png,,"geo:38.13664,13.34287"
AK058AK,ALB_1059,Via Giusti Giuseppe,21540,563,17/11/2025,Greehill,114,Sophora japonica,Cercine,38.13662,13.34281,8,,,,No Interv,,,,,,,,,,,,,,,,,,,Villa Sperlinga,Libertà,VIII,268.2,708.72,Accordo Quadro - CUP D71G23000050001,1,decidua,0.00,0.00,0.00,0.00,img/albero.png,,"geo:38.13662,13.34281"
AK059AK,ALB_1060,Via Giusti Giuseppe,21540,563,17/11/2025,Greehill,115,Sophora japonica,Cercine,38.13659671,13.34274796,,,,,No Interv,,,,,,,,,,,,,,,,,,,Villa Sperlinga,Libertà,VIII,231.44,611.6,Accordo Quadro - CUP D71G23000050001,1,decidua,0.00,0.00,0.00,0.00,img/albero.png,,"geo:38.13659671,13.34274796"
AK060AK,ALB_1061,Via Giusti Giuseppe,21540,563,17/11/2025,Greehill,116,Cercis siliquastrum,Cercine,38.13656,13.34268,2,,,,No Interv,,,,,,,,,,,,,,,,,,,Villa Sperlinga,Libertà,VIII,129.14,341.24,Accordo Quadro - CUP D71G23000050001,87,decidua,0.00,0.00,0.00,0.00,img/albero.png,,"geo:38.13656,13.34268"
AK061AK,ALB_1062,Via Giusti Giuseppe,21540,563,17/11/2025,Greehill,117,Sophora japonica,Cercine,38.13654,13.34262,6,,,,No Interv,,,,,,,,,,,,,,,,,,,Villa Sperlinga,Libertà,VIII,194.66,514.39,Accordo Quadro - CUP D71G23000050001,87,decidua,0.00,0.00,0.00,0.00,img/albero.png,,"geo:38.13654,13.34262"
AK062AK,ALB_1063,Via Giusti Giuseppe,21540,563,17/11/2025,Greehill,118,Sophora japonica,Cercine,38.13651,13.34256,7,,,,No Interv,,,,,,,,,,,,,,,,,,,Villa Sperlinga,Libertà,VIII,145.42,384.29,Accordo Quadro - CUP D71G23000050001,87,decidua,0.00,0.00,0.00,0.00,img/albero.png,,"geo:38.13651,13.34256"
AK063AK,ALB_1064,Via Giusti Giuseppe,21540,563,17/11/2025,Greehill,119,Sophora japonica,Cercine,38.13649,13.3425,7,,,,No Interv,,,,,,,,,,,,,,,,,,,Villa Sperlinga,Libertà,VIII,11.12,29.38,Accordo Quadro - CUP D71G23000050001,87,decidua,0.00,0.00,0.00,0.00,img/albero.png,,"geo:38.13649,13.3425"
AK064AK,ALB_1065,Via Giusti Giuseppe,21540,563,17/11/2025,Greehill,120,Sophora japonica,Cercine,38.13647,13.34244,9,,,,Verifica,,Branche Cave,,,,,,,,,,,,,,,,,Villa Sperlinga,Libertà,VIII,72.5,191.57,Accordo Quadro - CUP D71G23000050001,87,decidua,0.00,0.00,0.00,0.00,img/albero.png,,"geo:38.13647,13.34244"
AK065AK,ALB_1066,Via Giusti Giuseppe,21540,563,17/11/2025,Greehill,121,Sophora japonica,Cercine,38.13644,13.34238,8,,,,No Interv,,,,,,,,,,,,,,,,,,,Villa Sperlinga,Libertà,VIII,48.63,128.51,Accordo Quadro - CUP D71G23000050001,87 A1,decidua,0.00,0.00,0.00,0.00,img/albero.png,,"geo:38.13644,13.34238"
AK066AK,ALB_1067,Via Giusti Giuseppe,21540,563,17/11/2025,Greehill,122,Sophora japonica,Cercine,38.13642,13.34232,8,,,,Verifica,,Branche Cave,,,,,,,,,,,,,,,,,Villa Sperlinga,Libertà,VIII,160.48,424.07,Accordo Quadro - CUP D71G23000050001,87 A2,decidua,0.00,0.00,0.00,0.00,img/albero.png,,"geo:38.13642,13.34232"
AK067AK,ALB_1068,Via Giusti Giuseppe,21540,563,17/11/2025,Greehill,123,Sophora japonica,Cercine,38.13639,13.34225,8,,,,Verifica,,Branche Cave,,,,,,,,,,,,,,,,,Villa Sperlinga,Libertà,VIII,66.76,176.42,Accordo Quadro - CUP D71G23000050001,87 A2,decidua,0.00,0.00,0.00,0.00,img/albero.png,,"geo:38.13639,13.34225"
AK068AK,ALB_1069,Via Giusti Giuseppe,21540,563,17/11/2025,Greehill,124,Sophora japonica,Cercine,38.13637,13.34219,7,,,,Verifica,,Branche Cave,,,,,,,,,,,,,,,,,Villa Sperlinga,Libertà,VIII,30.04,79.37,Accordo Quadro - CUP D71G23000050001,87 B1,decidua,0.00,0.00,0.00,0.00,img/albero.png,,"geo:38.13637,13.34219"
AK069AK,ALB_1070,Via Giusti Giuseppe,21540,563,17/11/2025,Greehill,125,Sophora japonica,Cercine,38.13634,13.34213,8,,,,Verifica,,Branche Cave,,,,,,,,,,,,,,,,,Villa Sperlinga,Libertà,VIII,71.91,190.02,Accordo Quadro - CUP D71G23000050001,87 B1,decidua,0.00,0.00,0.00,0.00,img/albero.png,,"geo:38.13634,13.34213"
AK070AK,ALB_1071,Via Giusti Giuseppe,21540,563,17/11/2025,Greehill,126,Sophora japonica,Cercine,38.13631,13.34206,9,,,,Verifica,,Branche Cave,,,,,,,,,,,,,,,,,Villa Sperlinga,Libertà,VIII,51.04,134.87,Accordo Quadro - CUP D71G23000050001,74 E,decidua,0.00,0.00,0.00,0.00,img/albero.png,,"geo:38.13631,13.34206"
AK071AK,ALB_1072,Via Giusti Giuseppe,21540,563,17/11/2025,Greehill,127,Sophora japonica,Cercine,38.13629,13.342,9,,,,No Interv,,,,,,,,,,,,,,,,,,,Villa Sperlinga,Libertà,VIII,63.92,168.91,Accordo Quadro - CUP D71G23000050001,74 E,decidua,0.00,0.00,0.00,0.00,img/albero.png,,"geo:38.13629,13.342"
AK072AK,ALB_1073,Via Giusti Giuseppe,21540,563,17/11/2025,Greehill,128,Sophora japonica,Cercine,38.13625,13.34191,8,,,,No Interv,,,,,,,,,,,,,,,,,,,Villa Sperlinga,Libertà,VIII,57.76,152.62,Accordo Quadro - CUP D71G23000050001,87 I,decidua,0.00,0.00,0.00,0.00,img/albero.png,,"geo:38.13625,13.34191"
AK073AK,ALB_1074,Via Giusti Giuseppe,21540,563,17/11/2025,Greehill,129,Sophora japonica,Cercine,38.13622,13.34185,8,,,,No Interv,,,,,,,,,,,,,,,,,,,Villa Sperlinga,Libertà,VIII,30.71,81.15,Accordo Quadro - CUP D71G23000050001,87 I,decidua,0.00,0.00,0.00,0.00,img/albero.png,,"geo:38.13622,13.34185"
AK074AK,ALB_1075,Via Giusti Giuseppe,21540,563,17/11/2025,Greehill,130,Sophora japonica,Cercine,38.1362,13.34178,8,,,,No Interv,,,,,,,,,,,,,,,,,,,Villa Sperlinga,Libertà,VIII,71.74,189.58,Accordo Quadro - CUP D71G23000050001,87 I,decidua,0.00,0.00,0.00,0.00,img/albero.png,,"geo:38.1362,13.34178"
AK075AK,ALB_1076,Via Giusti Giuseppe,21540,563,17/11/2025,Greehill,131,Sophora japonica,Cercine,38.13617,13.34171,9,,,,Verifica,,Branche Cave,,,,,,,,,,,,,,,,,Villa Sperlinga,Libertà,VIII,26.72,70.59,Accordo Quadro - CUP D71G23000050001,87 N,decidua,0.00,0.00,0.00,0.00,img/albero.png,,"geo:38.13617,13.34171"
AK076AK,ALB_1077,Via Giusti Giuseppe,21540,563,17/11/2025,Greehill,132,Sophora japonica,Cercine,38.13615,13.34165,9,,,,Verifica,,Branche Cave,,,,,,,,,,,,,,,,,Villa Sperlinga,Libertà,VIII,64.48,170.38,Accordo Quadro - CUP D71G23000050001,87 N,decidua,0.00,0.00,0.00,0.00,img/albero.png,,"geo:38.13615,13.34165"
AK077AK,ALB_1078,Via Giusti Giuseppe,21540,563,17/11/2025,Greehill,133,Sophora japonica,Cercine,38.13612,13.34158,9,,,,No Interv,,,,,,,,,,,,,,,,,,,Villa Sperlinga,Libertà,VIII,,,Accordo Quadro - CUP D71G23000050001,87 O,decidua,0.00,0.00,0.00,0.00,img/albero.png,,"geo:38.13612,13.34158"
AK078AK,ALB_1079,Via Giusti Giuseppe,21540,563,17/11/2025,Greehill,134,Sophora japonica,Cercine,38.13609,13.34152,7,,,,No Interv,,,,,,,,,,,,,,,,,,,Villa Sperlinga,Libertà,VIII,,,Accordo Quadro - CUP D71G23000050001,87 O,decidua,0.00,0.00,0.00,0.00,img/albero.png,,"geo:38.13609,13.34152"
AK079AK,ALB_1080,Via Giusti Giuseppe,21540,563,17/11/2025,Greehill,135,Sophora japonica,Cercine,38.13607,13.34145,8,,,,No Interv,,,,,,,,,,,,,,,,,,,Villa Sperlinga,Libertà,VIII,,,Accordo Quadro - CUP D71G23000050001,87 O,decidua,0.00,0.00,0.00,0.00,img/albero.png,,"geo:38.13607,13.34145"
AK080AK,ALB_1081,Via Giusti Giuseppe,21540,563,17/11/2025,Greehill,136,Sophora japonica,Cercine,38.13604,13.34139,7,,,,Verifica,,Branche Cave,,,,,,,,,,,,,,,,,Villa Sperlinga,Libertà,VIII,,,Accordo Quadro - CUP D71G23000050001,89,decidua,0.00,0.00,0.00,0.00,img/albero.png,,"geo:38.13604,13.34139"
AK081AK,ALB_1082,Via Giusti Giuseppe,21540,563,17/11/2025,Greehill,137,Sophora japonica,Cercine,38.13604054,13.34131688,,,,,No Interv,,,,,,,,,,,,,,,,,,,Villa Sperlinga,Libertà,VIII,,,Accordo Quadro - CUP D71G23000050001,89 A,decidua,0.00,0.00,0.00,0.00,img/albero.png,,"geo:38.13604054,13.34131688"
AK082AK,ALB_1083,Via Giusti Giuseppe,21540,563,17/11/2025,Greehill,138,Sophora japonica,Cercine,38.13599,13.34126,9,,,,No Interv,,,,,,,,,,,,,,,,,,,Villa Sperlinga,Libertà,VIII,,,Accordo Quadro - CUP D71G23000050001,89 A,decidua,0.00,0.00,0.00,0.00,img/albero.png,,"geo:38.13599,13.34126"
AK083AK,ALB_1084,Via Corazza Filippo,13740,725,09/01/2026,Ufficio,001,Melia azedarach,Cercine,38.10865,13.36243,10,,,,Verifica,,Cavità Branche,,,,,,,,,,,,,,,,,Oreto Perez,Oreto - Stazione,III,319.57,844.49,Accordo Quadro - CUP D71G23000050001,76 A,semi-decidua,0.00,0.00,0.00,0.00,img/albero.png,,"geo:38.10865,13.36243"
AK084AK,ALB_1085,Via Corazza Filippo,13740,725,09/01/2026,Ufficio,002,Melia azedarach,Cercine,38.10858,13.36248,9,,,,No Interv,,,,,,,,,,,,,,,,,,,Oreto Perez,Oreto - Stazione,III,211.05,557.7,Accordo Quadro - CUP D71G23000050001,89 C,semi-decidua,0.00,0.00,0.00,0.00,img/albero.png,,"geo:38.10858,13.36248"
AK085AK,ALB_1086,Via Corazza Filippo,13740,725,09/01/2026,Ufficio,003,Melia azedarach,Cercine,38.10853066,13.36256751,,,,,No Interv,,,,,,,,,,,,,,,,,,,Oreto Perez,Oreto - Stazione,III,161.38,426.44,Accordo Quadro - CUP D71G23000050001,89 C,semi-decidua,0.00,0.00,0.00,0.00,img/albero.png,,"geo:38.1085306633036,13.3625675068858"
AK086AK,ALB_1087,Via Corazza Filippo,13740,725,09/01/2026,Ufficio,004,Melia azedarach,Cercine,38.10843,13.36257,8,,,,No Interv,,,,,,,,,,,,,,,,,,,Oreto Perez,Oreto - Stazione,III,140.09,370.2,Accordo Quadro - CUP D71G23000050001,78,semi-decidua,0.00,0.00,0.00,0.00,img/albero.png,,"geo:38.10843,13.36257"
AK087AK,ALB_1088,Via Corazza Filippo,13740,725,09/01/2026,Ufficio,005,Melia azedarach,Cercine,38.10806311,13.36285484,0,,,,Ceppaia,SIC24_1.6.2,Ceppo,,NP00.120998,Melia azedarach circ.16/18cm,€771.02,,,,,,,,,,Rimozione ceppaie 0.5-1.5 m³,cad,€228.15,Oreto Perez,Oreto - Stazione,III,237.16,626.7,Accordo Quadro - CUP D71G23000050001,78,semi-decidua,0.00,0.00,0.00,0.00,img/albero.png,,"geo:38.1080631138631,13.3628548420155"
AK088AK,ALB_1089,Via Corazza Filippo,13740,725,09/01/2026,Ufficio,006,Melia azedarach,Cercine,38.10822119,13.3627329,0,,,,Ceppaia,SIC24_1.6.2,Ceppo,,NP00.120998,Melia azedarach circ.16/18cm,€771.02,,,,,,,,,,Rimozione ceppaie 0.5-1.5 m³,cad,€228.15,Oreto Perez,Oreto - Stazione,III,112.92,298.39,Accordo Quadro - CUP D71G23000050001,78,semi-decidua,0.00,0.00,0.00,0.00,img/albero.png,,"geo:38.1082211909103,13.3627329017574"
AK089AK,ALB_1090,Via Corazza Filippo,13740,725,09/01/2026,Ufficio,007,Melia azedarach,Cercine,38.10815406,13.36279838,0,,,,Ceppaia,SIC24_1.6.2,Ceppo,,NP00.120998,Melia azedarach circ.16/18cm,€771.02,,,,,,,,,,Rimozione ceppaie 0.5-1.5 m³,cad,€228.15,Oreto Perez,Oreto - Stazione,III,209.23,552.89,Accordo Quadro - CUP D71G23000050001,2,semi-decidua,0.00,0.00,0.00,0.00,img/albero.png,,"geo:38.1081540564594,13.3627983827833"
AK090AK,ALB_1091,Via Corazza Filippo,13740,725,09/01/2026,Ufficio,008,Melia azedarach,Cercine,38.10803773,13.362879,0,,,,Ceppaia,SIC24_1.6.2,Ceppo,,NP00.120998,Melia azedarach circ.16/18cm,€771.02,,,,,,,,,,Rimozione ceppaie 0.5-1.5 m³,cad,€228.15,Oreto Perez,Oreto - Stazione,III,158.27,418.23,Accordo Quadro - CUP D71G23000050001,91,semi-decidua,0.00,0.00,0.00,0.00,img/albero.png,,"geo:38.1080377280965,13.3628790027788"
AK091AK,ALB_1092,Via Corazza Filippo,13740,725,09/01/2026,Ufficio,009,Melia azedarach,Cercine,38.10777,13.363,10,,,,No Interv,,,,,,,,,,,,,,,,,,,Oreto Perez,Oreto - Stazione,III,125.3,331.1,Accordo Quadro - CUP D71G23000050001,93,semi-decidua,0.00,0.00,0.00,0.00,img/albero.png,,"geo:38.10777,13.363"
AK092AK,ALB_1093,Via Corazza Filippo,13740,725,09/01/2026,Ufficio,010,Melia azedarach,Cercine,38.10761732,13.36312658,0,,,,Ceppaia,SIC24_1.6.2,Ceppo,,NP00.120998,Melia azedarach circ.16/18cm,€771.02,,,,,,,,,,Rimozione ceppaie 0.5-1.5 m³,cad,€228.15,Oreto Perez,Oreto - Stazione,III,136.32,360.24,Accordo Quadro - CUP D71G23000050001,93,semi-decidua,0.00,0.00,0.00,0.00,img/albero.png,,"geo:38.1076173198666,13.3631265798251"
AK093AK,ALB_1094,Via Corazza Filippo,13740,725,09/01/2026,Ufficio,011,Melia azedarach,Cercine,38.10761,13.3631,9,,,,No Interv,,,,,,,,,,,,,,,,,,,Oreto Perez,Oreto - Stazione,III,161.65,427.15,Accordo Quadro - CUP D71G23000050001,93,semi-decidua,0.00,0.00,0.00,0.00,img/albero.png,,"geo:38.10761,13.3631"
AK094AK,ALB_1095,Via Corazza Filippo,13740,725,09/01/2026,Ufficio,012,Melia azedarach,Cercine,38.10754,13.36315,8,,,,No Interv,,,,,,,,,,,,,,,,,,,Oreto Perez,Oreto - Stazione,III,128.6,339.82,Accordo Quadro - CUP D71G23000050001,93,semi-decidua,0.00,0.00,0.00,0.00,img/albero.png,,"geo:38.10754,13.36315"
AK095AK,ALB_1096,Via Corazza Filippo,13740,725,09/01/2026,Ufficio,013,Melia azedarach,Cercine,38.10745867,13.36323486,0,,,,Ceppaia,SIC24_1.6.2,Ceppo,,NP00.120998,Melia azedarach circ.16/18cm,€771.02,,,,,,,,,,Rimozione ceppaie 0.5-1.5 m³,cad,€228.15,Oreto Perez,Oreto - Stazione,III,162.87,430.4,Accordo Quadro - CUP D71G23000050001,93,semi-decidua,0.00,0.00,0.00,0.00,img/albero.png,,"geo:38.1074586668435,13.363234856302"
AK096AK,ALB_1097,Via Corazza Filippo,13740,725,09/01/2026,Ufficio,014,Melia azedarach,Cercine,38.10736,13.36327,7,,,,No Interv,,,,,,,,,,,,,,,,,,,Oreto Perez,Oreto - Stazione,III,121.92,322.17,Accordo Quadro - CUP D71G23000050001,97,semi-decidua,0.00,0.00,0.00,0.00,img/albero.png,,"geo:38.10736,13.36327"
AK097AK,ALB_1098,Via Corazza Filippo,13740,725,09/01/2026,Ufficio,015,Melia azedarach,Cercine,38.10754,13.36329,8,,,,No Interv,,,,,,,,,,,,,,,,,,,Oreto Perez,Oreto - Stazione,III,132.61,350.43,Accordo Quadro - CUP D71G23000050001,97 A,semi-decidua,0.00,0.00,0.00,0.00,img/albero.png,,"geo:38.10754,13.36329"
AK098AK,ALB_1099,Via Corazza Filippo,13740,725,09/01/2026,Ufficio,016,Melia azedarach,Cercine,38.10762,13.36323,7,,,,Verifica,,Tumore,,,,,,,,,,,,,,,,,Oreto Perez,Oreto - Stazione,III,140.6,371.52,Accordo Quadro - CUP D71G23000050001,97 A,semi-decidua,0.00,0.00,0.00,0.00,img/albero.png,,"geo:38.10762,13.36323"
AK099AK,ALB_1100,Via Corazza Filippo,13740,725,09/01/2026,Ufficio,017,Melia azedarach,Cercine,38.10769892,13.36317369,,,,,Verifica,,parte cementato,,,,,,,,,,,,,,,,,Oreto Perez,Oreto - Stazione,III,111.26,294.01,Accordo Quadro - CUP D71G23000050001,99,semi-decidua,0.00,0.00,0.00,0.00,img/albero.png,,"geo:38.1076989220264,13.3631736904227"
AL000AL,ALB_1101,Via Corazza Filippo,13740,725,09/01/2026,Ufficio,018,Melia azedarach,Cercine,38.10777,13.36314,10,,,,No Interv,,,,,,,,,,,,,,,,,,,Oreto Perez,Oreto - Stazione,III,,,Accordo Quadro - CUP D71G23000050001,99,semi-decidua,0.00,0.00,0.00,0.00,img/albero.png,,"geo:38.10777,13.36314"
AL001AL,ALB_1102,Via Corazza Filippo,13740,725,09/01/2026,Ufficio,019,Melia azedarach,Cercine,38.10782119,13.36306872,0,,,,Ceppaia,SIC24_1.6.2,Ceppo,,NP00.120998,Melia azedarach circ.16/18cm,€771.02,,,,,,,,,,Rimozione ceppaie 0.5-1.5 m³,cad,€228.15,Oreto Perez,Oreto - Stazione,III,,,Accordo Quadro - CUP D71G23000050001,99 A,semi-decidua,0.00,0.00,0.00,0.00,img/albero.png,,"geo:38.1078211884845,13.3630687229899"
AL002AL,ALB_1103,Via Corazza Filippo,13740,725,09/01/2026,Ufficio,020,Melia azedarach,Cercine,38.10790933,13.36301726,0,,,,Ceppaia,SIC24_1.6.2,Ceppo,,NP00.120998,Melia azedarach circ.16/18cm,€771.02,,,,,,,,,,Rimozione ceppaie 0.5-1.5 m³,cad,€228.15,Oreto Perez,Oreto - Stazione,III,,,Accordo Quadro - CUP D71G23000050001,99 A,semi-decidua,0.00,0.00,0.00,0.00,img/albero.png,,"geo:38.1079093309355,13.3630172642489"
AL003AL,ALB_1104,Via Corazza Filippo,13740,725,09/01/2026,Ufficio,021,Melia azedarach,Cercine,38.10809,13.36293,9,,,,No Interv,,,,,,,,,,,,,,,,,,,Oreto Perez,Oreto - Stazione,III,,,Accordo Quadro - CUP D71G23000050001,101,semi-decidua,0.00,0.00,0.00,0.00,img/albero.png,,"geo:38.10809,13.36293"
AL004AL,ALB_1105,Via Corazza Filippo,13740,725,09/01/2026,Ufficio,022,Melia azedarach,Cercine,38.10822834,13.36283918,0,,,,Ceppaia,SIC24_1.6.2,Ceppo,,NP00.120998,Melia azedarach circ.16/18cm,€771.02,,,,,,,,,,Rimozione ceppaie 0.5-1.5 m³,cad,€228.15,Oreto Perez,Oreto - Stazione,III,,,Accordo Quadro - CUP D71G23000050001,101 A,semi-decidua,0.00,0.00,0.00,0.00,img/albero.png,,"geo:38.1082283426576,13.3628391799684"
AL005AL,ALB_1106,Via Corazza Filippo,13740,725,09/01/2026,Ufficio,023,Melia azedarach,Cercine,38.10823,13.36284,9,,,,No Interv,,,,,,,,,,,,,,,,,,,Oreto Perez,Oreto - Stazione,III,,,Accordo Quadro - CUP D71G23000050001,103 C,semi-decidua,0.00,0.00,0.00,0.00,img/albero.png,,"geo:38.10823,13.36284"
AL006AL,ALB_1107,Via Corazza Filippo,13740,725,09/01/2026,Ufficio,024,Melia azedarach,Cercine,38.10828753,13.36278836,0,,,,Ceppaia,SIC24_1.6.2,Ceppo,,NP00.120998,Melia azedarach circ.16/18cm,€771.02,,,,,,,,,,Rimozione ceppaie 0.5-1.5 m³,cad,€228.15,Oreto Perez,Oreto - Stazione,III,,,Accordo Quadro - CUP D71G23000050001,101 A,semi-decidua,0.00,0.00,0.00,0.00,img/albero.png,,"geo:38.1082875291532,13.3627883585693"
AL007AL,ALB_1108,Via Corazza Filippo,13740,725,09/01/2026,Ufficio,025,Melia azedarach,Cercine,38.10837,13.36275,9,,,,No Interv,,,,,,,,,,,,,,,,,,,Oreto Perez,Oreto - Stazione,III,,,Accordo Quadro - CUP D71G23000050001,105,semi-decidua,0.00,0.00,0.00,0.00,img/albero.png,,"geo:38.10837,13.36275"
AL008AL,ALB_1109,Via Corazza Filippo,13740,725,09/01/2026,Ufficio,026,Melia azedarach,Cercine,38.10844,13.3627,10,,,,No Interv,,,,,,,,,,,,,,,,,,,Oreto Perez,Oreto - Stazione,III,,,Accordo Quadro - CUP D71G23000050001,105,semi-decidua,0.00,0.00,0.00,0.00,img/albero.png,,"geo:38.10844,13.3627"
AL009AL,ALB_1110,Via Corazza Filippo,13740,725,09/01/2026,Ufficio,027,Melia azedarach,Cercine,38.10851,13.36265,9,,,,No Interv,,,,,,,,,,,,,,,,,,,Oreto Perez,Oreto - Stazione,III,,,Accordo Quadro - CUP D71G23000050001,105,semi-decidua,0.00,0.00,0.00,0.00,img/albero.png,,"geo:38.10851,13.36265"
AL010AL,ALB_1111,Via Corazza Filippo,13740,725,09/01/2026,Ufficio,028,Melia azedarach,Cercine,38.10858,13.36261,7,,,,No Interv,,,,,,,,,,,,,,,,,,,Oreto Perez,Oreto - Stazione,III,,,Accordo Quadro - CUP D71G23000050001,107,semi-decidua,0.00,0.00,0.00,0.00,img/albero.png,,"geo:38.10858,13.36261"
AL011AL,ALB_1112,Via Corazza Filippo,13740,725,09/01/2026,Ufficio,029,Melia azedarach,Cercine,38.10866365,13.36253633,0,,,,Ceppaia,SIC24_1.6.2,Ceppo,,NP00.120998,Melia azedarach circ.16/18cm,€771.02,,,,,,,,,,Rimozione ceppaie 0.5-1.5 m³,cad,€228.15,Oreto Perez,Oreto - Stazione,III,,,Accordo Quadro - CUP D71G23000050001,107,semi-decidua,0.00,0.00,0.00,0.00,img/albero.png,,"geo:38.1086636475951,13.3625363276793"
AL012AL,ALB_1113,Via Corazza Filippo,13740,725,09/01/2026,Ufficio,030,Melia azedarach,Cercine,38.10872,13.36252,9,,,,No Interv,,,,,,,,,,,,,,,,,,,Oreto Perez,Oreto - Stazione,III,,,Accordo Quadro - CUP D71G23000050001,113,semi-decidua,0.00,0.00,0.00,0.00,img/albero.png,,"geo:38.10872,13.36252"